year,round,from_country,to_country,televote_rank,jury_rank,juror_A,juror_B,juror_C,juror_D,juror_E,juror_F,juror_G
2016,semi-final-1,Armenia,Austria,6,16,12,16,14,16,14,,
2016,semi-final-1,Armenia,Azerbaijan,17,17,17,17,17,17,17,,
2016,semi-final-1,Armenia,Bosnia & Herzegovina,10,10,11,13,10,14,10,,
2016,semi-final-1,Armenia,Croatia,8,9,8,8,7,11,9,,
2016,semi-final-1,Armenia,Cyprus,3,15,14,12,13,15,12,,
2016,semi-final-1,Armenia,Czechia,9,6,5,11,5,5,5,,
2016,semi-final-1,Armenia,Estonia,12,14,10,14,11,12,15,,
2016,semi-final-1,Armenia,Finland,13,3,4,4,3,6,3,,
2016,semi-final-1,Armenia,Greece,4,8,7,9,9,10,7,,
2016,semi-final-1,Armenia,Hungary,5,12,16,5,16,8,16,,
2016,semi-final-1,Armenia,Iceland,14,11,13,10,12,13,11,,
2016,semi-final-1,Armenia,Malta,2,1,1,1,1,1,1,,
2016,semi-final-1,Armenia,Moldova,15,5,6,6,6,4,6,,
2016,semi-final-1,Armenia,Montenegro,16,2,2,2,2,2,2,,
2016,semi-final-1,Armenia,Netherlands,7,7,9,7,8,9,8,,
2016,semi-final-1,Armenia,Russia,1,4,3,3,4,7,4,,
2016,semi-final-1,Armenia,San Marino,11,13,15,15,15,3,13,,
2016,semi-final-1,Austria,Armenia,7,6,2,7,6,9,4,,
2016,semi-final-1,Austria,Azerbaijan,12,7,10,6,9,3,9,,
2016,semi-final-1,Austria,Bosnia & Herzegovina,1,12,11,15,13,2,15,,
2016,semi-final-1,Austria,Croatia,5,4,3,5,8,4,7,,
2016,semi-final-1,Austria,Cyprus,9,13,16,13,12,10,11,,
2016,semi-final-1,Austria,Czechia,10,2,9,2,4,5,1,,
2016,semi-final-1,Austria,Estonia,16,10,4,12,10,8,10,,
2016,semi-final-1,Austria,Finland,14,9,6,8,2,13,12,,
2016,semi-final-1,Austria,Greece,11,17,15,17,16,17,17,,
2016,semi-final-1,Austria,Hungary,3,11,8,9,15,12,8,,
2016,semi-final-1,Austria,Iceland,8,8,12,10,5,7,5,,
2016,semi-final-1,Austria,Malta,13,1,5,1,1,1,2,,
2016,semi-final-1,Austria,Moldova,15,14,14,14,14,14,13,,
2016,semi-final-1,Austria,Montenegro,17,16,17,16,11,15,16,,
2016,semi-final-1,Austria,Netherlands,2,5,1,3,7,11,6,,
2016,semi-final-1,Austria,Russia,4,3,7,4,3,6,3,,
2016,semi-final-1,Austria,San Marino,6,15,13,11,17,16,14,,
2016,semi-final-1,Azerbaijan,Armenia,14,17,17,17,17,17,17,,
2016,semi-final-1,Azerbaijan,Austria,5,14,14,12,13,14,14,,
2016,semi-final-1,Azerbaijan,Bosnia & Herzegovina,6,2,3,2,2,1,1,,
2016,semi-final-1,Azerbaijan,Croatia,12,11,10,13,10,9,13,,
2016,semi-final-1,Azerbaijan,Cyprus,10,16,16,16,15,15,16,,
2016,semi-final-1,Azerbaijan,Czechia,8,9,9,10,11,11,9,,
2016,semi-final-1,Azerbaijan,Estonia,9,10,11,9,9,12,10,,
2016,semi-final-1,Azerbaijan,Finland,17,12,13,11,14,10,11,,
2016,semi-final-1,Azerbaijan,Greece,11,5,7,5,6,5,5,,
2016,semi-final-1,Azerbaijan,Hungary,4,3,2,4,3,3,4,,
2016,semi-final-1,Azerbaijan,Iceland,15,13,12,14,12,13,12,,
2016,semi-final-1,Azerbaijan,Malta,3,7,6,8,7,6,8,,
2016,semi-final-1,Azerbaijan,Moldova,13,6,5,6,4,8,6,,
2016,semi-final-1,Azerbaijan,Montenegro,16,4,4,3,5,4,3,,
2016,semi-final-1,Azerbaijan,Netherlands,7,15,15,15,16,16,15,,
2016,semi-final-1,Azerbaijan,Russia,1,1,1,1,1,2,2,,
2016,semi-final-1,Azerbaijan,San Marino,2,8,8,7,8,7,7,,
2016,semi-final-1,Bosnia & Herzegovina,Armenia,8,4,1,3,1,5,9,,
2016,semi-final-1,Bosnia & Herzegovina,Austria,5,17,16,15,13,16,15,,
2016,semi-final-1,Bosnia & Herzegovina,Azerbaijan,2,5,8,9,7,4,2,,
2016,semi-final-1,Bosnia & Herzegovina,Croatia,1,6,9,7,8,6,8,,
2016,semi-final-1,Bosnia & Herzegovina,Cyprus,9,13,15,14,16,11,1,,
2016,semi-final-1,Bosnia & Herzegovina,Czechia,7,1,2,1,2,3,3,,
2016,semi-final-1,Bosnia & Herzegovina,Estonia,15,15,14,13,14,10,14,,
2016,semi-final-1,Bosnia & Herzegovina,Finland,14,14,17,16,9,7,11,,
2016,semi-final-1,Bosnia & Herzegovina,Greece,16,11,7,8,17,14,10,,
2016,semi-final-1,Bosnia & Herzegovina,Hungary,10,7,5,5,5,13,16,,
2016,semi-final-1,Bosnia & Herzegovina,Iceland,13,12,12,11,12,9,13,,
2016,semi-final-1,Bosnia & Herzegovina,Malta,6,9,10,12,11,8,6,,
2016,semi-final-1,Bosnia & Herzegovina,Moldova,17,16,13,17,15,12,17,,
2016,semi-final-1,Bosnia & Herzegovina,Montenegro,3,8,6,6,6,15,12,,
2016,semi-final-1,Bosnia & Herzegovina,Netherlands,12,10,11,10,10,17,5,,
2016,semi-final-1,Bosnia & Herzegovina,Russia,4,3,3,4,4,2,4,,
2016,semi-final-1,Bosnia & Herzegovina,San Marino,11,2,4,2,3,1,7,,
2016,semi-final-1,Croatia,Armenia,8,6,7,3,7,3,12,,
2016,semi-final-1,Croatia,Austria,4,13,13,13,12,13,10,,
2016,semi-final-1,Croatia,Azerbaijan,13,8,6,8,11,6,6,,
2016,semi-final-1,Croatia,Bosnia & Herzegovina,1,7,9,4,6,4,13,,
2016,semi-final-1,Croatia,Cyprus,9,2,2,7,2,5,4,,
2016,semi-final-1,Croatia,Czechia,7,1,1,1,1,1,7,,
2016,semi-final-1,Croatia,Estonia,14,12,12,15,14,9,9,,
2016,semi-final-1,Croatia,Finland,15,14,15,11,15,12,8,,
2016,semi-final-1,Croatia,Greece,17,17,17,17,16,16,17,,
2016,semi-final-1,Croatia,Hungary,3,3,5,2,3,7,5,,
2016,semi-final-1,Croatia,Iceland,11,10,10,12,13,11,3,,
2016,semi-final-1,Croatia,Malta,10,4,4,6,4,8,2,,
2016,semi-final-1,Croatia,Moldova,16,11,11,9,10,10,15,,
2016,semi-final-1,Croatia,Montenegro,5,16,14,14,17,17,14,,
2016,semi-final-1,Croatia,Netherlands,6,9,8,16,5,15,1,,
2016,semi-final-1,Croatia,Russia,2,5,3,5,8,2,11,,
2016,semi-final-1,Croatia,San Marino,12,15,16,10,9,14,16,,
2016,semi-final-1,Cyprus,Armenia,4,2,6,5,6,1,1,,
2016,semi-final-1,Cyprus,Austria,8,9,11,9,13,8,9,,
2016,semi-final-1,Cyprus,Azerbaijan,3,7,4,12,2,10,13,,
2016,semi-final-1,Cyprus,Bosnia & Herzegovina,15,13,7,15,3,15,16,,
2016,semi-final-1,Cyprus,Croatia,10,4,5,7,4,7,7,,
2016,semi-final-1,Cyprus,Czechia,14,6,3,14,8,6,6,,
2016,semi-final-1,Cyprus,Estonia,16,11,15,3,11,12,11,,
2016,semi-final-1,Cyprus,Finland,11,12,13,10,14,9,8,,
2016,semi-final-1,Cyprus,Greece,1,8,17,4,15,4,5,,
2016,semi-final-1,Cyprus,Hungary,5,5,12,6,12,2,3,,
2016,semi-final-1,Cyprus,Iceland,13,10,9,11,7,13,10,,
2016,semi-final-1,Cyprus,Malta,6,3,8,2,5,5,4,,
2016,semi-final-1,Cyprus,Moldova,9,15,10,16,10,14,14,,
2016,semi-final-1,Cyprus,Montenegro,17,17,16,13,9,17,15,,
2016,semi-final-1,Cyprus,Netherlands,7,14,14,8,16,11,12,,
2016,semi-final-1,Cyprus,Russia,2,1,1,1,1,3,2,,
2016,semi-final-1,Cyprus,San Marino,12,16,2,17,17,16,17,,
2016,semi-final-1,Czechia,Armenia,1,12,12,16,10,11,12,,
2016,semi-final-1,Czechia,Austria,6,6,8,8,6,5,4,,
2016,semi-final-1,Czechia,Azerbaijan,2,8,9,9,9,8,11,,
2016,semi-final-1,Czechia,Bosnia & Herzegovina,4,9,7,10,14,14,7,,
2016,semi-final-1,Czechia,Croatia,9,5,4,6,7,7,5,,
2016,semi-final-1,Czechia,Cyprus,7,10,16,3,5,13,15,,
2016,semi-final-1,Czechia,Estonia,12,15,10,13,15,9,17,,
2016,semi-final-1,Czechia,Finland,17,4,5,5,4,12,1,,
2016,semi-final-1,Czechia,Greece,15,17,13,12,16,15,16,,
2016,semi-final-1,Czechia,Hungary,5,1,1,1,1,1,2,,
2016,semi-final-1,Czechia,Iceland,11,7,6,4,12,3,8,,
2016,semi-final-1,Czechia,Malta,10,3,3,11,3,4,6,,
2016,semi-final-1,Czechia,Moldova,14,11,11,17,8,10,13,,
2016,semi-final-1,Czechia,Montenegro,16,16,15,14,13,17,10,,
2016,semi-final-1,Czechia,Netherlands,8,2,2,2,2,2,3,,
2016,semi-final-1,Czechia,Russia,3,14,17,15,11,6,14,,
2016,semi-final-1,Czechia,San Marino,13,13,14,7,17,16,9,,
2016,semi-final-1,Estonia,Armenia,10,9,12,6,4,7,11,,
2016,semi-final-1,Estonia,Austria,2,14,13,17,13,15,2,,
2016,semi-final-1,Estonia,Azerbaijan,11,4,1,5,6,8,8,,
2016,semi-final-1,Estonia,Bosnia & Herzegovina,17,17,11,15,15,16,17,,
2016,semi-final-1,Estonia,Croatia,12,8,15,4,11,1,9,,
2016,semi-final-1,Estonia,Cyprus,5,2,3,8,5,2,4,,
2016,semi-final-1,Estonia,Czechia,14,5,14,3,1,10,7,,
2016,semi-final-1,Estonia,Finland,4,11,2,11,9,17,12,,
2016,semi-final-1,Estonia,Greece,16,15,17,7,17,14,16,,
2016,semi-final-1,Estonia,Hungary,6,6,6,14,7,4,5,,
2016,semi-final-1,Estonia,Iceland,8,7,5,10,12,5,6,,
2016,semi-final-1,Estonia,Malta,9,3,8,2,3,9,3,,
2016,semi-final-1,Estonia,Moldova,13,13,9,13,10,13,14,,
2016,semi-final-1,Estonia,Montenegro,15,12,10,12,14,3,15,,
2016,semi-final-1,Estonia,Netherlands,3,1,7,1,2,6,1,,
2016,semi-final-1,Estonia,Russia,1,10,4,9,8,12,10,,
2016,semi-final-1,Estonia,San Marino,7,16,16,16,16,11,13,,
2016,semi-final-1,Finland,Armenia,10,4,6,3,6,7,8,,
2016,semi-final-1,Finland,Austria,2,8,13,6,2,15,1,,
2016,semi-final-1,Finland,Azerbaijan,15,9,4,9,9,5,10,,
2016,semi-final-1,Finland,Bosnia & Herzegovina,12,15,8,14,14,16,17,,
2016,semi-final-1,Finland,Croatia,9,6,10,4,5,10,7,,
2016,semi-final-1,Finland,Cyprus,4,13,9,13,11,13,13,,
2016,semi-final-1,Finland,Czechia,11,2,5,2,3,3,6,,
2016,semi-final-1,Finland,Estonia,1,10,12,8,12,11,4,,
2016,semi-final-1,Finland,Greece,16,17,17,17,16,17,15,,
2016,semi-final-1,Finland,Hungary,7,12,14,15,7,6,12,,
2016,semi-final-1,Finland,Iceland,6,7,3,7,13,4,9,,
2016,semi-final-1,Finland,Malta,13,3,1,10,4,8,3,,
2016,semi-final-1,Finland,Moldova,17,14,15,16,8,9,14,,
2016,semi-final-1,Finland,Montenegro,14,16,16,11,17,14,16,,
2016,semi-final-1,Finland,Netherlands,5,1,7,1,1,1,5,,
2016,semi-final-1,Finland,Russia,3,5,2,5,10,2,11,,
2016,semi-final-1,Finland,San Marino,8,11,11,12,15,12,2,,
2016,semi-final-1,France,Armenia,1,8,4,11,11,9,3,,
2016,semi-final-1,France,Austria,2,1,3,2,5,2,1,,
2016,semi-final-1,France,Azerbaijan,16,4,6,7,4,5,12,,
2016,semi-final-1,France,Bosnia & Herzegovina,5,18,15,18,18,18,17,,
2016,semi-final-1,France,Croatia,10,5,11,8,8,3,4,,
2016,semi-final-1,France,Cyprus,6,7,12,4,10,8,2,,
2016,semi-final-1,France,Czechia,8,10,9,3,15,10,11,,
2016,semi-final-1,France,Estonia,15,11,13,6,14,6,10,,
2016,semi-final-1,France,Finland,18,12,8,9,13,12,13,,
2016,semi-final-1,France,Greece,14,15,18,13,7,16,15,,
2016,semi-final-1,France,Hungary,4,6,2,14,6,7,5,,
2016,semi-final-1,France,Iceland,11,14,5,12,16,13,14,,
2016,semi-final-1,France,Malta,12,2,1,1,9,4,7,,
2016,semi-final-1,France,Moldova,9,13,17,15,2,14,8,,
2016,semi-final-1,France,Montenegro,17,17,14,16,17,17,16,,
2016,semi-final-1,France,Netherlands,7,3,10,5,1,1,6,,
2016,semi-final-1,France,Russia,3,9,7,10,3,11,9,,
2016,semi-final-1,France,San Marino,13,16,16,17,12,15,18,,
2016,semi-final-1,Greece,Armenia,3,2,2,2,5,2,3,,
2016,semi-final-1,Greece,Austria,6,9,3,5,11,13,15,,
2016,semi-final-1,Greece,Azerbaijan,12,6,8,7,8,7,6,,
2016,semi-final-1,Greece,Bosnia & Herzegovina,13,15,12,16,12,17,13,,
2016,semi-final-1,Greece,Croatia,7,14,16,17,10,6,16,,
2016,semi-final-1,Greece,Cyprus,1,3,4,1,2,5,4,,
2016,semi-final-1,Greece,Czechia,8,11,13,8,4,15,10,,
2016,semi-final-1,Greece,Estonia,14,12,10,12,15,4,11,,
2016,semi-final-1,Greece,Finland,16,17,17,14,16,12,17,,
2016,semi-final-1,Greece,Hungary,4,4,9,4,3,11,5,,
2016,semi-final-1,Greece,Iceland,15,13,11,11,14,16,12,,
2016,semi-final-1,Greece,Malta,10,7,5,9,7,9,8,,
2016,semi-final-1,Greece,Moldova,11,8,7,10,9,10,9,,
2016,semi-final-1,Greece,Montenegro,17,5,6,6,6,8,7,,
2016,semi-final-1,Greece,Netherlands,9,10,15,15,13,3,2,,
2016,semi-final-1,Greece,Russia,2,1,1,3,1,1,1,,
2016,semi-final-1,Greece,San Marino,5,16,14,13,17,14,14,,
2016,semi-final-1,Hungary,Armenia,9,6,8,9,3,12,2,,
2016,semi-final-1,Hungary,Austria,3,12,15,15,5,9,13,,
2016,semi-final-1,Hungary,Azerbaijan,1,4,1,1,11,3,6,,
2016,semi-final-1,Hungary,Bosnia & Herzegovina,14,15,16,11,9,15,11,,
2016,semi-final-1,Hungary,Croatia,12,8,5,8,6,11,9,,
2016,semi-final-1,Hungary,Cyprus,4,9,10,6,14,13,7,,
2016,semi-final-1,Hungary,Czechia,8,3,3,4,7,1,5,,
2016,semi-final-1,Hungary,Estonia,11,11,11,10,12,4,15,,
2016,semi-final-1,Hungary,Finland,10,7,9,12,4,2,8,,
2016,semi-final-1,Hungary,Greece,16,14,12,13,13,6,16,,
2016,semi-final-1,Hungary,Iceland,13,10,14,3,10,14,10,,
2016,semi-final-1,Hungary,Malta,7,1,2,2,1,10,1,,
2016,semi-final-1,Hungary,Moldova,15,13,6,16,16,7,12,,
2016,semi-final-1,Hungary,Montenegro,17,16,13,14,15,16,14,,
2016,semi-final-1,Hungary,Netherlands,5,5,7,7,8,8,4,,
2016,semi-final-1,Hungary,Russia,2,2,4,5,2,5,3,,
2016,semi-final-1,Hungary,San Marino,6,17,17,17,17,17,17,,
2016,semi-final-1,Iceland,Armenia,8,6,12,7,5,7,7,,
2016,semi-final-1,Iceland,Austria,3,7,11,10,8,8,2,,
2016,semi-final-1,Iceland,Azerbaijan,4,8,6,5,14,11,10,,
2016,semi-final-1,Iceland,Bosnia & Herzegovina,15,17,17,17,17,15,15,,
2016,semi-final-1,Iceland,Croatia,12,4,2,8,10,5,1,,
2016,semi-final-1,Iceland,Cyprus,6,10,8,9,9,13,12,,
2016,semi-final-1,Iceland,Czechia,13,3,9,3,4,4,4,,
2016,semi-final-1,Iceland,Estonia,14,13,4,13,11,17,13,,
2016,semi-final-1,Iceland,Finland,9,15,13,15,6,10,16,,
2016,semi-final-1,Iceland,Greece,16,14,16,16,7,12,8,,
2016,semi-final-1,Iceland,Hungary,5,9,7,12,3,16,11,,
2016,semi-final-1,Iceland,Malta,7,5,5,4,13,9,6,,
2016,semi-final-1,Iceland,Moldova,11,12,15,11,12,6,9,,
2016,semi-final-1,Iceland,Montenegro,17,16,3,14,16,14,17,,
2016,semi-final-1,Iceland,Netherlands,2,1,1,2,2,1,3,,
2016,semi-final-1,Iceland,Russia,1,2,10,1,1,2,5,,
2016,semi-final-1,Iceland,San Marino,10,11,14,6,15,3,14,,
2016,semi-final-1,Malta,Armenia,7,1,1,2,1,1,2,,
2016,semi-final-1,Malta,Austria,10,10,17,7,10,11,7,,
2016,semi-final-1,Malta,Azerbaijan,2,15,6,14,12,15,16,,
2016,semi-final-1,Malta,Bosnia & Herzegovina,15,16,16,17,17,4,11,,
2016,semi-final-1,Malta,Croatia,12,17,9,15,14,17,14,,
2016,semi-final-1,Malta,Cyprus,5,3,2,8,2,14,3,,
2016,semi-final-1,Malta,Czechia,9,8,11,12,11,6,6,,
2016,semi-final-1,Malta,Estonia,14,9,10,6,8,16,9,,
2016,semi-final-1,Malta,Finland,13,6,7,11,9,8,4,,
2016,semi-final-1,Malta,Greece,16,11,8,5,16,7,17,,
2016,semi-final-1,Malta,Hungary,3,13,13,13,13,9,10,,
2016,semi-final-1,Malta,Iceland,8,12,15,3,15,10,15,,
2016,semi-final-1,Malta,Moldova,11,7,5,10,6,13,8,,
2016,semi-final-1,Malta,Montenegro,17,4,4,4,5,5,12,,
2016,semi-final-1,Malta,Netherlands,4,14,14,16,4,12,13,,
2016,semi-final-1,Malta,Russia,1,2,3,1,3,2,1,,
2016,semi-final-1,Malta,San Marino,6,5,12,9,7,3,5,,
2016,semi-final-1,Moldova,Armenia,3,2,2,3,9,1,4,,
2016,semi-final-1,Moldova,Austria,4,13,7,12,11,14,15,,
2016,semi-final-1,Moldova,Azerbaijan,1,12,6,13,16,11,12,,
2016,semi-final-1,Moldova,Bosnia & Herzegovina,12,10,14,10,7,10,13,,
2016,semi-final-1,Moldova,Croatia,9,6,9,8,8,6,1,,
2016,semi-final-1,Moldova,Cyprus,15,4,4,4,10,3,6,,
2016,semi-final-1,Moldova,Czechia,8,3,8,7,1,5,3,,
2016,semi-final-1,Moldova,Estonia,10,9,13,5,3,8,8,,
2016,semi-final-1,Moldova,Finland,13,14,11,15,12,13,10,,
2016,semi-final-1,Moldova,Greece,14,15,15,14,14,16,11,,
2016,semi-final-1,Moldova,Hungary,5,8,5,6,13,4,5,,
2016,semi-final-1,Moldova,Iceland,17,11,16,11,6,9,14,,
2016,semi-final-1,Moldova,Malta,6,5,3,9,4,7,9,,
2016,semi-final-1,Moldova,Montenegro,16,17,17,17,17,17,16,,
2016,semi-final-1,Moldova,Netherlands,11,7,10,2,2,12,7,,
2016,semi-final-1,Moldova,Russia,2,1,1,1,5,2,2,,
2016,semi-final-1,Moldova,San Marino,7,16,12,16,15,15,17,,
2016,semi-final-1,Montenegro,Armenia,8,1,3,2,2,1,1,,
2016,semi-final-1,Montenegro,Austria,11,14,13,11,17,13,17,,
2016,semi-final-1,Montenegro,Azerbaijan,4,6,4,5,9,8,5,,
2016,semi-final-1,Montenegro,Bosnia & Herzegovina,1,5,9,4,3,4,7,,
2016,semi-final-1,Montenegro,Croatia,3,4,8,6,4,2,3,,
2016,semi-final-1,Montenegro,Cyprus,6,11,12,15,10,11,8,,
2016,semi-final-1,Montenegro,Czechia,10,7,5,8,5,7,10,,
2016,semi-final-1,Montenegro,Estonia,16,13,16,12,14,10,13,,
2016,semi-final-1,Montenegro,Finland,12,16,14,17,16,15,12,,
2016,semi-final-1,Montenegro,Greece,14,8,6,7,7,9,9,,
2016,semi-final-1,Montenegro,Hungary,5,10,10,13,11,6,11,,
2016,semi-final-1,Montenegro,Iceland,15,12,11,9,12,16,14,,
2016,semi-final-1,Montenegro,Malta,7,2,2,1,1,3,4,,
2016,semi-final-1,Montenegro,Moldova,17,15,17,14,13,12,16,,
2016,semi-final-1,Montenegro,Netherlands,13,9,7,10,8,14,6,,
2016,semi-final-1,Montenegro,Russia,2,3,1,3,6,5,2,,
2016,semi-final-1,Montenegro,San Marino,9,17,15,16,15,17,15,,
2016,semi-final-1,Netherlands,Armenia,1,6,5,8,9,1,10,,
2016,semi-final-1,Netherlands,Austria,2,5,2,9,7,10,3,,
2016,semi-final-1,Netherlands,Azerbaijan,12,4,3,13,2,7,5,,
2016,semi-final-1,Netherlands,Bosnia & Herzegovina,4,16,16,14,14,15,15,,
2016,semi-final-1,Netherlands,Croatia,6,1,1,4,1,6,1,,
2016,semi-final-1,Netherlands,Cyprus,8,2,9,2,3,4,2,,
2016,semi-final-1,Netherlands,Czechia,9,7,13,5,5,5,6,,
2016,semi-final-1,Netherlands,Estonia,14,12,14,6,13,13,13,,
2016,semi-final-1,Netherlands,Finland,15,9,4,10,4,12,8,,
2016,semi-final-1,Netherlands,Greece,13,17,17,16,16,17,17,,
2016,semi-final-1,Netherlands,Hungary,5,8,11,1,8,8,9,,
2016,semi-final-1,Netherlands,Iceland,11,11,8,12,11,9,12,,
2016,semi-final-1,Netherlands,Malta,10,3,7,3,6,2,4,,
2016,semi-final-1,Netherlands,Moldova,16,14,12,15,15,11,7,,
2016,semi-final-1,Netherlands,Montenegro,17,15,10,11,17,14,16,,
2016,semi-final-1,Netherlands,Russia,3,10,15,7,12,3,14,,
2016,semi-final-1,Netherlands,San Marino,7,13,6,17,10,16,11,,
2016,semi-final-1,Russia,Armenia,1,1,2,3,1,1,,,
2016,semi-final-1,Russia,Austria,2,12,6,11,14,14,,,
2016,semi-final-1,Russia,Azerbaijan,4,2,1,1,3,5,,,
2016,semi-final-1,Russia,Bosnia & Herzegovina,15,15,10,15,16,12,,,
2016,semi-final-1,Russia,Croatia,7,10,3,8,13,16,,,
2016,semi-final-1,Russia,Cyprus,3,13,16,10,11,10,,,
2016,semi-final-1,Russia,Czechia,10,6,14,9,4,3,,,
2016,semi-final-1,Russia,Estonia,12,9,8,17,10,4,,,
2016,semi-final-1,Russia,Finland,17,17,17,13,17,17,,,
2016,semi-final-1,Russia,Greece,8,4,4,5,5,7,,,
2016,semi-final-1,Russia,Hungary,5,7,13,2,9,9,,,
2016,semi-final-1,Russia,Iceland,14,14,12,12,12,11,,,
2016,semi-final-1,Russia,Malta,9,3,5,6,2,2,,,
2016,semi-final-1,Russia,Moldova,6,5,9,4,8,8,,,
2016,semi-final-1,Russia,Montenegro,16,8,15,7,6,6,,,
2016,semi-final-1,Russia,Netherlands,11,11,7,14,7,13,,,
2016,semi-final-1,Russia,San Marino,13,16,11,16,15,15,,,
2016,semi-final-1,San Marino,Armenia,3,11,10,14,11,5,7,,
2016,semi-final-1,San Marino,Austria,8,13,4,9,14,10,14,,
2016,semi-final-1,San Marino,Azerbaijan,2,5,13,2,7,12,4,,
2016,semi-final-1,San Marino,Bosnia & Herzegovina,7,9,5,3,12,13,12,,
2016,semi-final-1,San Marino,Croatia,12,10,3,6,10,11,16,,
2016,semi-final-1,San Marino,Cyprus,6,3,8,5,3,6,11,,
2016,semi-final-1,San Marino,Czechia,9,7,2,15,16,1,8,,
2016,semi-final-1,San Marino,Estonia,14,17,16,16,15,17,13,,
2016,semi-final-1,San Marino,Finland,15,16,14,17,17,16,2,,
2016,semi-final-1,San Marino,Greece,16,14,7,11,1,15,17,,
2016,semi-final-1,San Marino,Hungary,4,12,11,10,8,9,10,,
2016,semi-final-1,San Marino,Iceland,10,4,6,8,13,7,3,,
2016,semi-final-1,San Marino,Malta,11,6,15,12,5,8,1,,
2016,semi-final-1,San Marino,Moldova,13,15,12,13,9,14,6,,
2016,semi-final-1,San Marino,Montenegro,17,2,9,4,6,4,9,,
2016,semi-final-1,San Marino,Netherlands,5,1,1,1,4,3,5,,
2016,semi-final-1,San Marino,Russia,1,8,17,7,2,2,15,,
2016,semi-final-1,Spain,Armenia,2,1,2,2,3,2,1,,
2016,semi-final-1,Spain,Austria,1,12,10,9,11,14,8,,
2016,semi-final-1,Spain,Azerbaijan,17,6,6,3,13,4,4,,
2016,semi-final-1,Spain,Bosnia & Herzegovina,16,15,17,15,15,15,13,,
2016,semi-final-1,Spain,Croatia,9,11,12,8,14,7,11,,
2016,semi-final-1,Spain,Cyprus,8,10,8,7,7,12,14,,
2016,semi-final-1,Spain,Czechia,4,5,7,5,6,3,7,,
2016,semi-final-1,Spain,Estonia,11,13,14,12,12,9,15,,
2016,semi-final-1,Spain,Finland,14,8,9,10,5,8,10,,
2016,semi-final-1,Spain,Greece,15,17,15,17,18,16,17,,
2016,semi-final-1,Spain,Hungary,6,2,4,4,2,1,2,,
2016,semi-final-1,Spain,Iceland,7,9,5,11,9,11,6,,
2016,semi-final-1,Spain,Malta,10,4,3,6,8,5,5,,
2016,semi-final-1,Spain,Moldova,13,14,13,14,10,13,16,,
2016,semi-final-1,Spain,Montenegro,18,16,16,18,16,17,12,,
2016,semi-final-1,Spain,Netherlands,5,7,1,13,1,10,9,,
2016,semi-final-1,Spain,Russia,3,3,11,1,4,6,3,,
2016,semi-final-1,Spain,San Marino,12,18,18,16,17,18,18,,
2016,semi-final-1,Sweden,Armenia,8,6,13,6,3,10,1,,
2016,semi-final-1,Sweden,Austria,4,9,4,14,17,6,9,,
2016,semi-final-1,Sweden,Azerbaijan,16,3,1,8,1,3,11,,
2016,semi-final-1,Sweden,Bosnia & Herzegovina,1,15,18,12,12,15,13,,
2016,semi-final-1,Sweden,Croatia,10,8,6,16,8,7,4,,
2016,semi-final-1,Sweden,Cyprus,9,10,12,7,13,5,14,,
2016,semi-final-1,Sweden,Czechia,13,4,8,5,5,8,3,,
2016,semi-final-1,Sweden,Estonia,14,12,16,4,6,16,12,,
2016,semi-final-1,Sweden,Finland,5,7,7,1,9,9,10,,
2016,semi-final-1,Sweden,Greece,15,16,9,18,15,18,15,,
2016,semi-final-1,Sweden,Hungary,7,13,11,17,10,11,6,,
2016,semi-final-1,Sweden,Iceland,6,11,10,11,11,13,8,,
2016,semi-final-1,Sweden,Malta,12,2,5,2,4,4,7,,
2016,semi-final-1,Sweden,Moldova,17,14,15,9,14,12,18,,
2016,semi-final-1,Sweden,Montenegro,18,17,17,13,16,14,16,,
2016,semi-final-1,Sweden,Netherlands,2,5,3,15,7,1,5,,
2016,semi-final-1,Sweden,Russia,3,1,2,3,2,2,2,,
2016,semi-final-1,Sweden,San Marino,11,18,14,10,18,17,17,,
2016,semi-final-2,Albania,Australia,5,2,1,2,1,3,3,,
2016,semi-final-2,Albania,Belarus,16,14,11,13,16,17,15,,
2016,semi-final-2,Albania,Belgium,3,17,14,17,13,16,16,,
2016,semi-final-2,Albania,Bulgaria,4,4,5,4,3,1,5,,
2016,semi-final-2,Albania,Denmark,9,8,8,8,9,6,10,,
2016,semi-final-2,Albania,Georgia,17,13,15,16,14,13,12,,
2016,semi-final-2,Albania,Ireland,13,15,16,14,17,15,11,,
2016,semi-final-2,Albania,Israel,11,7,6,7,5,7,8,,
2016,semi-final-2,Albania,Latvia,12,10,9,10,10,10,9,,
2016,semi-final-2,Albania,Lithuania,7,16,17,15,12,12,17,,
2016,semi-final-2,Albania,North Macedonia,1,1,3,1,2,2,2,,
2016,semi-final-2,Albania,Norway,2,12,13,11,15,14,13,,
2016,semi-final-2,Albania,Poland,15,9,10,9,8,9,7,,
2016,semi-final-2,Albania,Serbia,14,3,2,3,4,4,1,,
2016,semi-final-2,Albania,Slovenia,10,5,4,6,7,5,4,,
2016,semi-final-2,Albania,Switzerland,8,11,12,12,11,11,14,,
2016,semi-final-2,Albania,Ukraine,6,6,7,5,6,8,6,,
2016,semi-final-2,Australia,Albania,17,14,14,13,8,13,15,,
2016,semi-final-2,Australia,Belarus,12,5,3,12,12,5,4,,
2016,semi-final-2,Australia,Belgium,1,1,1,1,2,1,1,,
2016,semi-final-2,Australia,Bulgaria,2,3,4,3,6,6,3,,
2016,semi-final-2,Australia,Denmark,10,13,13,11,10,15,12,,
2016,semi-final-2,Australia,Georgia,14,15,7,16,13,17,17,,
2016,semi-final-2,Australia,Ireland,4,16,15,17,16,14,9,,
2016,semi-final-2,Australia,Israel,5,2,2,2,3,3,2,,
2016,semi-final-2,Australia,Latvia,6,11,12,10,15,8,7,,
2016,semi-final-2,Australia,Lithuania,3,4,6,6,4,4,5,,
2016,semi-final-2,Australia,North Macedonia,7,9,16,4,14,2,13,,
2016,semi-final-2,Australia,Norway,13,6,8,5,1,7,16,,
2016,semi-final-2,Australia,Poland,11,17,17,14,17,16,10,,
2016,semi-final-2,Australia,Serbia,9,8,11,7,5,12,8,,
2016,semi-final-2,Australia,Slovenia,15,7,5,15,7,9,6,,
2016,semi-final-2,Australia,Switzerland,16,10,9,9,9,11,11,,
2016,semi-final-2,Australia,Ukraine,8,12,10,8,11,10,14,,
2016,semi-final-2,Belarus,Albania,16,11,17,11,12,9,7,,
2016,semi-final-2,Belarus,Australia,4,3,1,4,4,2,1,,
2016,semi-final-2,Belarus,Belgium,7,1,3,1,2,1,3,,
2016,semi-final-2,Belarus,Bulgaria,3,7,7,6,5,8,13,,
2016,semi-final-2,Belarus,Denmark,12,8,6,9,8,5,15,,
2016,semi-final-2,Belarus,Georgia,9,9,8,10,9,17,5,,
2016,semi-final-2,Belarus,Ireland,14,16,9,15,15,15,14,,
2016,semi-final-2,Belarus,Israel,10,10,12,7,11,10,12,,
2016,semi-final-2,Belarus,Latvia,6,12,11,13,14,11,11,,
2016,semi-final-2,Belarus,Lithuania,2,2,2,3,1,3,2,,
2016,semi-final-2,Belarus,North Macedonia,17,17,15,16,17,16,17,,
2016,semi-final-2,Belarus,Norway,8,5,5,8,7,7,8,,
2016,semi-final-2,Belarus,Poland,5,13,13,14,13,13,10,,
2016,semi-final-2,Belarus,Serbia,11,6,10,5,6,6,9,,
2016,semi-final-2,Belarus,Slovenia,13,14,14,17,16,14,4,,
2016,semi-final-2,Belarus,Switzerland,15,15,16,12,10,12,16,,
2016,semi-final-2,Belarus,Ukraine,1,4,4,2,3,4,6,,
2016,semi-final-2,Belgium,Albania,9,17,17,16,16,16,15,,
2016,semi-final-2,Belgium,Australia,2,1,2,2,1,1,1,,
2016,semi-final-2,Belgium,Belarus,13,12,13,7,6,13,12,,
2016,semi-final-2,Belgium,Bulgaria,4,5,9,13,5,2,10,,
2016,semi-final-2,Belgium,Denmark,6,11,10,10,10,5,16,,
2016,semi-final-2,Belgium,Georgia,11,3,4,1,8,6,3,,
2016,semi-final-2,Belgium,Ireland,7,14,14,9,14,11,7,,
2016,semi-final-2,Belgium,Israel,10,2,1,3,4,3,4,,
2016,semi-final-2,Belgium,Latvia,8,15,5,12,15,12,14,,
2016,semi-final-2,Belgium,Lithuania,3,8,16,4,9,4,9,,
2016,semi-final-2,Belgium,North Macedonia,16,16,15,15,17,15,17,,
2016,semi-final-2,Belgium,Norway,12,7,11,8,3,8,11,,
2016,semi-final-2,Belgium,Poland,1,13,7,11,11,9,13,,
2016,semi-final-2,Belgium,Serbia,15,9,8,14,7,14,5,,
2016,semi-final-2,Belgium,Slovenia,14,4,6,6,12,7,6,,
2016,semi-final-2,Belgium,Switzerland,17,10,12,5,13,10,8,,
2016,semi-final-2,Belgium,Ukraine,5,6,3,17,2,17,2,,
2016,semi-final-2,Bulgaria,Albania,16,9,16,11,5,4,8,,
2016,semi-final-2,Bulgaria,Australia,4,1,2,1,1,2,2,,
2016,semi-final-2,Bulgaria,Belarus,7,5,5,4,3,11,9,,
2016,semi-final-2,Bulgaria,Belgium,2,2,1,5,4,1,1,,
2016,semi-final-2,Bulgaria,Denmark,11,17,17,16,14,17,14,,
2016,semi-final-2,Bulgaria,Georgia,13,4,3,8,6,9,6,,
2016,semi-final-2,Bulgaria,Ireland,14,13,12,12,13,10,10,,
2016,semi-final-2,Bulgaria,Israel,9,6,6,9,7,7,4,,
2016,semi-final-2,Bulgaria,Latvia,12,14,8,7,15,12,16,,
2016,semi-final-2,Bulgaria,Lithuania,8,8,15,2,8,13,5,,
2016,semi-final-2,Bulgaria,North Macedonia,3,11,9,15,10,6,17,,
2016,semi-final-2,Bulgaria,Norway,10,15,13,13,17,8,11,,
2016,semi-final-2,Bulgaria,Poland,5,12,7,10,12,16,12,,
2016,semi-final-2,Bulgaria,Serbia,6,3,10,3,2,3,3,,
2016,semi-final-2,Bulgaria,Slovenia,15,10,11,14,11,5,13,,
2016,semi-final-2,Bulgaria,Switzerland,17,16,14,17,16,14,15,,
2016,semi-final-2,Bulgaria,Ukraine,1,7,4,6,9,15,7,,
2016,semi-final-2,Denmark,Albania,16,15,15,17,4,14,11,,
2016,semi-final-2,Denmark,Australia,3,1,1,2,12,1,1,,
2016,semi-final-2,Denmark,Belarus,10,13,11,9,8,15,15,,
2016,semi-final-2,Denmark,Belgium,1,3,4,11,10,4,2,,
2016,semi-final-2,Denmark,Bulgaria,8,4,12,5,5,8,4,,
2016,semi-final-2,Denmark,Georgia,12,12,13,10,3,16,10,,
2016,semi-final-2,Denmark,Ireland,7,7,6,7,17,6,5,,
2016,semi-final-2,Denmark,Israel,11,6,10,3,13,7,7,,
2016,semi-final-2,Denmark,Latvia,9,8,2,13,11,9,6,,
2016,semi-final-2,Denmark,Lithuania,4,2,3,4,15,2,3,,
2016,semi-final-2,Denmark,North Macedonia,15,17,17,16,1,17,17,,
2016,semi-final-2,Denmark,Norway,2,5,5,8,9,5,8,,
2016,semi-final-2,Denmark,Poland,5,16,9,14,16,13,12,,
2016,semi-final-2,Denmark,Serbia,14,14,14,15,6,10,16,,
2016,semi-final-2,Denmark,Slovenia,13,11,8,6,14,11,9,,
2016,semi-final-2,Denmark,Switzerland,17,9,7,12,7,3,14,,
2016,semi-final-2,Denmark,Ukraine,6,10,16,1,2,12,13,,
2016,semi-final-2,Georgia,Albania,17,11,16,3,12,14,5,,
2016,semi-final-2,Georgia,Australia,7,3,5,14,4,3,4,,
2016,semi-final-2,Georgia,Belarus,5,14,10,5,10,15,16,,
2016,semi-final-2,Georgia,Belgium,8,2,2,16,2,2,3,,
2016,semi-final-2,Georgia,Bulgaria,6,17,17,2,16,9,14,,
2016,semi-final-2,Georgia,Denmark,12,7,9,9,6,12,6,,
2016,semi-final-2,Georgia,Ireland,15,13,12,10,11,11,11,,
2016,semi-final-2,Georgia,Israel,10,5,7,12,5,5,10,,
2016,semi-final-2,Georgia,Latvia,3,6,3,11,14,6,7,,
2016,semi-final-2,Georgia,Lithuania,2,9,13,8,13,4,9,,
2016,semi-final-2,Georgia,North Macedonia,13,15,14,1,17,17,8,,
2016,semi-final-2,Georgia,Norway,11,10,15,7,3,10,15,,
2016,semi-final-2,Georgia,Poland,4,8,8,4,9,8,17,,
2016,semi-final-2,Georgia,Serbia,9,16,11,15,7,13,12,,
2016,semi-final-2,Georgia,Slovenia,14,12,4,6,15,16,13,,
2016,semi-final-2,Georgia,Switzerland,16,4,6,13,8,7,2,,
2016,semi-final-2,Georgia,Ukraine,1,1,1,17,1,1,1,,
2016,semi-final-2,Germany,Albania,15,14,15,18,12,11,11,,
2016,semi-final-2,Germany,Australia,2,4,2,2,4,5,5,,
2016,semi-final-2,Germany,Belarus,16,9,12,14,9,8,7,,
2016,semi-final-2,Germany,Belgium,5,3,6,5,1,2,4,,
2016,semi-final-2,Germany,Bulgaria,4,7,14,6,5,7,9,,
2016,semi-final-2,Germany,Denmark,14,18,18,17,18,18,18,,
2016,semi-final-2,Germany,Georgia,6,2,4,1,6,1,2,,
2016,semi-final-2,Germany,Ireland,11,16,13,13,16,14,16,,
2016,semi-final-2,Germany,Israel,9,1,1,3,2,3,1,,
2016,semi-final-2,Germany,Latvia,8,6,7,12,8,6,6,,
2016,semi-final-2,Germany,Lithuania,7,8,5,7,11,17,8,,
2016,semi-final-2,Germany,North Macedonia,12,15,17,16,7,12,17,,
2016,semi-final-2,Germany,Norway,13,11,8,4,15,13,14,,
2016,semi-final-2,Germany,Poland,1,12,9,11,10,15,12,,
2016,semi-final-2,Germany,Serbia,10,17,16,15,13,16,15,,
2016,semi-final-2,Germany,Slovenia,17,13,10,10,17,9,13,,
2016,semi-final-2,Germany,Switzerland,18,10,11,8,14,10,10,,
2016,semi-final-2,Germany,Ukraine,3,5,3,9,3,4,3,,
2016,semi-final-2,Ireland,Albania,17,16,12,15,16,12,14,,
2016,semi-final-2,Ireland,Australia,3,5,6,8,1,3,16,,
2016,semi-final-2,Ireland,Belarus,10,9,9,10,14,4,4,,
2016,semi-final-2,Ireland,Belgium,5,1,1,1,3,1,2,,
2016,semi-final-2,Ireland,Bulgaria,6,2,4,5,2,7,10,,
2016,semi-final-2,Ireland,Denmark,8,13,14,7,11,17,11,,
2016,semi-final-2,Ireland,Georgia,12,10,16,6,10,2,15,,
2016,semi-final-2,Ireland,Israel,9,4,3,16,5,6,1,,
2016,semi-final-2,Ireland,Latvia,4,7,10,12,4,5,6,,
2016,semi-final-2,Ireland,Lithuania,1,8,11,3,8,10,8,,
2016,semi-final-2,Ireland,North Macedonia,16,17,15,17,9,15,13,,
2016,semi-final-2,Ireland,Norway,11,14,13,11,17,11,9,,
2016,semi-final-2,Ireland,Poland,2,12,7,9,15,16,12,,
2016,semi-final-2,Ireland,Serbia,15,11,5,14,13,14,5,,
2016,semi-final-2,Ireland,Slovenia,13,3,2,4,12,8,3,,
2016,semi-final-2,Ireland,Switzerland,14,6,8,2,6,13,7,,
2016,semi-final-2,Ireland,Ukraine,7,15,17,13,7,9,17,,
2016,semi-final-2,Israel,Albania,17,17,15,13,12,13,17,,
2016,semi-final-2,Israel,Australia,1,1,1,2,4,3,1,,
2016,semi-final-2,Israel,Belarus,8,13,13,17,14,4,12,,
2016,semi-final-2,Israel,Belgium,3,5,3,1,10,10,8,,
2016,semi-final-2,Israel,Bulgaria,2,8,5,14,6,7,7,,
2016,semi-final-2,Israel,Denmark,7,16,10,10,17,17,15,,
2016,semi-final-2,Israel,Georgia,14,6,8,4,7,5,11,,
2016,semi-final-2,Israel,Ireland,10,9,14,6,15,6,2,,
2016,semi-final-2,Israel,Latvia,11,4,2,5,3,8,10,,
2016,semi-final-2,Israel,Lithuania,6,7,7,9,5,12,3,,
2016,semi-final-2,Israel,North Macedonia,9,3,6,12,1,1,5,,
2016,semi-final-2,Israel,Norway,12,12,9,15,16,14,6,,
2016,semi-final-2,Israel,Poland,5,14,11,16,11,11,16,,
2016,semi-final-2,Israel,Serbia,13,15,17,11,13,15,13,,
2016,semi-final-2,Israel,Slovenia,15,11,16,7,9,16,9,,
2016,semi-final-2,Israel,Switzerland,16,10,12,8,8,9,14,,
2016,semi-final-2,Israel,Ukraine,4,2,4,3,2,2,4,,
2016,semi-final-2,Italy,Albania,3,14,6,17,14,18,7,,
2016,semi-final-2,Italy,Australia,8,1,1,2,4,5,1,,
2016,semi-final-2,Italy,Belarus,10,12,17,12,15,6,5,,
2016,semi-final-2,Italy,Belgium,6,7,4,14,2,17,10,,
2016,semi-final-2,Italy,Bulgaria,4,11,7,10,12,9,16,,
2016,semi-final-2,Italy,Denmark,15,16,18,11,18,8,12,,
2016,semi-final-2,Italy,Georgia,11,4,5,13,1,2,2,,
2016,semi-final-2,Italy,Ireland,14,9,15,9,13,4,9,,
2016,semi-final-2,Italy,Israel,13,3,3,1,5,10,3,,
2016,semi-final-2,Italy,Latvia,12,13,9,4,10,15,18,,
2016,semi-final-2,Italy,Lithuania,7,10,12,5,7,12,15,,
2016,semi-final-2,Italy,North Macedonia,9,17,16,18,16,13,8,,
2016,semi-final-2,Italy,Norway,16,18,11,16,17,16,13,,
2016,semi-final-2,Italy,Poland,2,8,13,6,11,14,4,,
2016,semi-final-2,Italy,Serbia,5,6,8,8,8,7,11,,
2016,semi-final-2,Italy,Slovenia,18,5,10,7,3,3,14,,
2016,semi-final-2,Italy,Switzerland,17,15,14,15,9,11,17,,
2016,semi-final-2,Italy,Ukraine,1,2,2,3,6,1,6,,
2016,semi-final-2,Latvia,Albania,17,13,8,14,8,15,13,,
2016,semi-final-2,Latvia,Australia,3,3,3,7,2,2,5,,
2016,semi-final-2,Latvia,Belarus,4,10,12,13,12,4,11,,
2016,semi-final-2,Latvia,Belgium,5,7,9,8,11,3,7,,
2016,semi-final-2,Latvia,Bulgaria,8,4,6,3,6,9,4,,
2016,semi-final-2,Latvia,Denmark,9,11,11,11,7,13,14,,
2016,semi-final-2,Latvia,Georgia,6,5,4,4,9,14,3,,
2016,semi-final-2,Latvia,Ireland,10,12,16,12,10,11,8,,
2016,semi-final-2,Latvia,Israel,13,9,5,5,16,10,6,,
2016,semi-final-2,Latvia,Lithuania,2,1,2,2,3,1,2,,
2016,semi-final-2,Latvia,North Macedonia,14,17,17,15,15,17,17,,
2016,semi-final-2,Latvia,Norway,11,14,13,17,14,5,16,,
2016,semi-final-2,Latvia,Poland,7,15,15,10,13,12,15,,
2016,semi-final-2,Latvia,Serbia,16,6,7,6,5,8,9,,
2016,semi-final-2,Latvia,Slovenia,12,8,10,9,4,6,10,,
2016,semi-final-2,Latvia,Switzerland,15,16,14,16,17,16,12,,
2016,semi-final-2,Latvia,Ukraine,1,2,1,1,1,7,1,,
2016,semi-final-2,Lithuania,Albania,16,11,11,17,11,7,12,,
2016,semi-final-2,Lithuania,Australia,6,1,2,2,2,1,1,,
2016,semi-final-2,Lithuania,Belarus,5,12,14,10,15,11,9,,
2016,semi-final-2,Lithuania,Belgium,7,6,7,4,8,4,5,,
2016,semi-final-2,Lithuania,Bulgaria,8,9,16,5,13,9,11,,
2016,semi-final-2,Lithuania,Denmark,11,14,8,16,16,8,13,,
2016,semi-final-2,Lithuania,Georgia,3,2,1,1,3,2,3,,
2016,semi-final-2,Lithuania,Ireland,10,15,10,13,12,14,14,,
2016,semi-final-2,Lithuania,Israel,12,5,4,6,5,6,6,,
2016,semi-final-2,Lithuania,Latvia,1,4,5,3,4,5,4,,
2016,semi-final-2,Lithuania,North Macedonia,15,17,17,15,17,17,17,,
2016,semi-final-2,Lithuania,Norway,9,7,6,9,6,12,8,,
2016,semi-final-2,Lithuania,Poland,4,8,9,8,14,13,7,,
2016,semi-final-2,Lithuania,Serbia,17,13,13,11,10,10,16,,
2016,semi-final-2,Lithuania,Slovenia,14,10,12,14,7,15,10,,
2016,semi-final-2,Lithuania,Switzerland,13,16,15,12,9,16,15,,
2016,semi-final-2,Lithuania,Ukraine,2,3,3,7,1,3,2,,
2016,semi-final-2,North Macedonia,Albania,1,11,5,10,10,16,10,,
2016,semi-final-2,North Macedonia,Australia,7,7,9,2,13,3,15,,
2016,semi-final-2,North Macedonia,Belarus,11,15,10,16,15,9,14,,
2016,semi-final-2,North Macedonia,Belgium,6,8,7,9,11,11,8,,
2016,semi-final-2,North Macedonia,Bulgaria,3,3,1,5,4,6,4,,
2016,semi-final-2,North Macedonia,Denmark,16,17,12,14,7,17,17,,
2016,semi-final-2,North Macedonia,Georgia,12,10,3,17,6,13,12,,
2016,semi-final-2,North Macedonia,Ireland,15,13,11,13,12,15,6,,
2016,semi-final-2,North Macedonia,Israel,17,5,14,6,3,8,5,,
2016,semi-final-2,North Macedonia,Latvia,4,9,17,8,17,5,3,,
2016,semi-final-2,North Macedonia,Lithuania,14,6,13,4,9,4,9,,
2016,semi-final-2,North Macedonia,Norway,9,16,8,15,14,14,13,,
2016,semi-final-2,North Macedonia,Poland,10,12,16,12,1,12,16,,
2016,semi-final-2,North Macedonia,Serbia,2,1,2,1,2,1,2,,
2016,semi-final-2,North Macedonia,Slovenia,8,4,6,7,8,7,7,,
2016,semi-final-2,North Macedonia,Switzerland,13,14,15,11,16,10,11,,
2016,semi-final-2,North Macedonia,Ukraine,5,2,4,3,5,2,1,,
2016,semi-final-2,Norway,Albania,16,16,13,14,15,14,16,,
2016,semi-final-2,Norway,Australia,3,1,1,5,5,3,3,,
2016,semi-final-2,Norway,Belarus,12,13,10,9,14,9,13,,
2016,semi-final-2,Norway,Belgium,4,4,5,4,1,8,12,,
2016,semi-final-2,Norway,Bulgaria,5,2,9,2,4,2,2,,
2016,semi-final-2,Norway,Denmark,6,12,7,11,16,7,14,,
2016,semi-final-2,Norway,Georgia,11,10,14,7,7,15,6,,
2016,semi-final-2,Norway,Ireland,9,8,6,6,12,4,11,,
2016,semi-final-2,Norway,Israel,10,6,3,16,3,1,10,,
2016,semi-final-2,Norway,Latvia,8,9,12,10,9,11,7,,
2016,semi-final-2,Norway,Lithuania,1,3,2,3,2,10,5,,
2016,semi-final-2,Norway,North Macedonia,14,17,17,17,17,16,15,,
2016,semi-final-2,Norway,Poland,2,7,15,1,10,5,4,,
2016,semi-final-2,Norway,Serbia,13,15,16,15,13,17,8,,
2016,semi-final-2,Norway,Slovenia,15,11,8,13,8,13,9,,
2016,semi-final-2,Norway,Switzerland,17,14,11,12,11,6,17,,
2016,semi-final-2,Norway,Ukraine,7,5,4,8,6,12,1,,
2016,semi-final-2,Poland,Albania,17,14,12,14,8,13,13,,
2016,semi-final-2,Poland,Australia,2,2,3,3,1,3,2,,
2016,semi-final-2,Poland,Belarus,3,7,14,5,3,11,9,,
2016,semi-final-2,Poland,Belgium,5,9,5,12,10,4,14,,
2016,semi-final-2,Poland,Bulgaria,7,6,4,13,15,5,3,,
2016,semi-final-2,Poland,Denmark,10,16,16,16,17,15,11,,
2016,semi-final-2,Poland,Georgia,4,4,9,2,9,9,4,,
2016,semi-final-2,Poland,Ireland,9,15,17,10,16,17,12,,
2016,semi-final-2,Poland,Israel,13,3,2,4,12,2,7,,
2016,semi-final-2,Poland,Latvia,6,5,10,6,6,10,5,,
2016,semi-final-2,Poland,Lithuania,8,8,6,9,5,6,17,,
2016,semi-final-2,Poland,North Macedonia,14,13,13,15,4,12,8,,
2016,semi-final-2,Poland,Norway,11,12,7,11,11,7,15,,
2016,semi-final-2,Poland,Serbia,16,10,11,8,7,14,6,,
2016,semi-final-2,Poland,Slovenia,12,11,8,7,14,8,10,,
2016,semi-final-2,Poland,Switzerland,15,17,15,17,13,16,16,,
2016,semi-final-2,Poland,Ukraine,1,1,1,1,2,1,1,,
2016,semi-final-2,Serbia,Albania,16,3,3,7,3,2,4,,
2016,semi-final-2,Serbia,Australia,4,7,6,11,7,8,11,,
2016,semi-final-2,Serbia,Belarus,6,15,12,13,16,15,14,,
2016,semi-final-2,Serbia,Belgium,2,12,10,12,14,14,5,,
2016,semi-final-2,Serbia,Bulgaria,3,9,11,10,10,11,7,,
2016,semi-final-2,Serbia,Denmark,14,17,16,17,17,17,16,,
2016,semi-final-2,Serbia,Georgia,9,8,4,5,15,10,12,,
2016,semi-final-2,Serbia,Ireland,17,16,8,16,13,16,17,,
2016,semi-final-2,Serbia,Israel,12,4,5,3,6,3,6,,
2016,semi-final-2,Serbia,Latvia,13,11,14,15,11,5,10,,
2016,semi-final-2,Serbia,Lithuania,11,6,7,8,8,6,3,,
2016,semi-final-2,Serbia,North Macedonia,1,1,1,2,1,1,2,,
2016,semi-final-2,Serbia,Norway,8,13,15,6,12,7,15,,
2016,semi-final-2,Serbia,Poland,10,10,13,14,5,13,9,,
2016,semi-final-2,Serbia,Slovenia,7,5,9,4,4,4,8,,
2016,semi-final-2,Serbia,Switzerland,15,14,17,9,9,12,13,,
2016,semi-final-2,Serbia,Ukraine,5,2,2,1,2,9,1,,
2016,semi-final-2,Slovenia,Albania,8,15,6,16,15,17,11,,
2016,semi-final-2,Slovenia,Australia,5,6,9,3,3,9,10,,
2016,semi-final-2,Slovenia,Belarus,16,9,13,6,10,10,2,,
2016,semi-final-2,Slovenia,Belgium,4,1,3,1,2,2,8,,
2016,semi-final-2,Slovenia,Bulgaria,6,5,4,2,13,5,9,,
2016,semi-final-2,Slovenia,Denmark,13,17,17,15,16,16,15,,
2016,semi-final-2,Slovenia,Georgia,10,12,14,17,8,3,17,,
2016,semi-final-2,Slovenia,Ireland,11,13,15,13,5,14,13,,
2016,semi-final-2,Slovenia,Israel,15,7,7,5,12,7,4,,
2016,semi-final-2,Slovenia,Latvia,12,2,1,4,6,4,6,,
2016,semi-final-2,Slovenia,Lithuania,14,10,10,9,11,12,3,,
2016,semi-final-2,Slovenia,North Macedonia,2,16,16,14,17,13,14,,
2016,semi-final-2,Slovenia,Norway,9,14,12,12,9,15,16,,
2016,semi-final-2,Slovenia,Poland,7,8,5,11,14,6,1,,
2016,semi-final-2,Slovenia,Serbia,1,11,11,7,7,8,12,,
2016,semi-final-2,Slovenia,Switzerland,17,4,2,8,4,11,5,,
2016,semi-final-2,Slovenia,Ukraine,3,3,8,10,1,1,7,,
2016,semi-final-2,Switzerland,Albania,2,12,14,9,8,10,14,,
2016,semi-final-2,Switzerland,Australia,5,1,4,1,1,2,7,,
2016,semi-final-2,Switzerland,Belarus,16,10,17,11,11,12,3,,
2016,semi-final-2,Switzerland,Belgium,3,4,6,3,4,1,4,,
2016,semi-final-2,Switzerland,Bulgaria,8,7,3,10,9,8,6,,
2016,semi-final-2,Switzerland,Denmark,10,16,11,17,17,13,10,,
2016,semi-final-2,Switzerland,Georgia,15,11,9,15,12,4,15,,
2016,semi-final-2,Switzerland,Ireland,9,15,12,16,16,15,9,,
2016,semi-final-2,Switzerland,Israel,14,2,2,5,2,5,1,,
2016,semi-final-2,Switzerland,Latvia,13,5,8,4,3,3,8,,
2016,semi-final-2,Switzerland,Lithuania,11,3,1,2,7,6,2,,
2016,semi-final-2,Switzerland,North Macedonia,7,17,15,12,14,17,17,,
2016,semi-final-2,Switzerland,Norway,12,9,13,8,6,14,13,,
2016,semi-final-2,Switzerland,Poland,4,13,7,14,13,16,11,,
2016,semi-final-2,Switzerland,Serbia,1,8,16,6,10,7,12,,
2016,semi-final-2,Switzerland,Slovenia,17,14,10,13,15,11,16,,
2016,semi-final-2,Switzerland,Ukraine,6,6,5,7,5,9,5,,
2016,semi-final-2,Ukraine,Albania,17,16,15,8,14,12,17,,
2016,semi-final-2,Ukraine,Australia,4,1,2,2,1,3,1,,
2016,semi-final-2,Ukraine,Belarus,2,6,7,4,9,9,10,,
2016,semi-final-2,Ukraine,Belgium,7,2,1,1,4,2,3,,
2016,semi-final-2,Ukraine,Bulgaria,6,11,8,15,12,15,6,,
2016,semi-final-2,Ukraine,Denmark,11,15,14,10,16,10,14,,
2016,semi-final-2,Ukraine,Georgia,3,7,16,14,3,1,7,,
2016,semi-final-2,Ukraine,Ireland,13,9,10,6,7,16,9,,
2016,semi-final-2,Ukraine,Israel,9,4,6,5,5,4,2,,
2016,semi-final-2,Ukraine,Latvia,8,5,3,7,8,6,4,,
2016,semi-final-2,Ukraine,Lithuania,5,3,4,3,2,5,5,,
2016,semi-final-2,Ukraine,North Macedonia,15,17,17,17,17,17,16,,
2016,semi-final-2,Ukraine,Norway,10,12,13,9,15,13,8,,
2016,semi-final-2,Ukraine,Poland,1,10,12,12,10,8,11,,
2016,semi-final-2,Ukraine,Serbia,14,8,5,11,6,11,15,,
2016,semi-final-2,Ukraine,Slovenia,12,13,9,13,11,14,12,,
2016,semi-final-2,Ukraine,Switzerland,16,14,11,16,13,7,13,,
2016,semi-final-2,United Kingdom,Albania,16,14,14,4,13,12,14,,
2016,semi-final-2,United Kingdom,Australia,5,2,6,8,2,3,2,,
2016,semi-final-2,United Kingdom,Belarus,13,8,2,9,11,8,16,,
2016,semi-final-2,United Kingdom,Belgium,7,4,15,2,3,1,11,,
2016,semi-final-2,United Kingdom,Bulgaria,3,6,10,3,5,11,4,,
2016,semi-final-2,United Kingdom,Denmark,11,17,13,14,17,17,13,,
2016,semi-final-2,United Kingdom,Georgia,10,1,3,1,1,2,7,,
2016,semi-final-2,United Kingdom,Ireland,4,9,5,15,18,5,6,,
2016,semi-final-2,United Kingdom,Israel,9,7,9,13,6,15,1,,
2016,semi-final-2,United Kingdom,Latvia,6,11,7,16,12,14,5,,
2016,semi-final-2,United Kingdom,Lithuania,1,3,4,7,8,4,3,,
2016,semi-final-2,United Kingdom,North Macedonia,14,18,18,18,16,18,18,,
2016,semi-final-2,United Kingdom,Norway,12,10,12,10,15,6,9,,
2016,semi-final-2,United Kingdom,Poland,2,12,11,5,14,16,8,,
2016,semi-final-2,United Kingdom,Serbia,17,15,17,11,7,13,12,,
2016,semi-final-2,United Kingdom,Slovenia,15,13,16,12,10,9,10,,
2016,semi-final-2,United Kingdom,Switzerland,18,16,8,17,9,10,17,,
2016,semi-final-2,United Kingdom,Ukraine,8,5,1,6,4,7,15,,
2016,final,Albania,Armenia,9,15,12,14,3,24,25,,
2016,final,Albania,Australia,1,1,1,2,1,1,3,,
2016,final,Albania,Austria,13,16,6,19,19,23,14,,
2016,final,Albania,Azerbaijan,19,13,19,11,21,12,11,,
2016,final,Albania,Belgium,14,25,20,24,22,16,24,,
2016,final,Albania,Bulgaria,3,7,11,6,13,3,6,,
2016,final,Albania,Croatia,20,21,24,16,18,19,18,,
2016,final,Albania,Cyprus,12,23,25,21,25,11,20,,
2016,final,Albania,Czechia,22,22,21,25,23,15,16,,
2016,final,Albania,France,11,2,3,1,9,9,1,,
2016,final,Albania,Georgia,25,26,26,26,26,22,26,,
2016,final,Albania,Germany,15,18,18,20,11,17,17,,
2016,final,Albania,Hungary,10,10,8,9,14,13,9,,
2016,final,Albania,Israel,17,8,10,18,4,2,12,,
2016,final,Albania,Italy,2,3,4,3,7,10,2,,
2016,final,Albania,Latvia,21,17,23,17,8,20,13,,
2016,final,Albania,Lithuania,7,20,13,22,17,18,23,,
2016,final,Albania,Malta,16,9,5,5,16,21,5,,
2016,final,Albania,Netherlands,24,24,22,23,24,14,21,,
2016,final,Albania,Poland,6,14,14,13,20,7,22,,
2016,final,Albania,Russia,4,4,7,7,5,4,7,,
2016,final,Albania,Serbia,26,19,15,12,15,26,19,,
2016,final,Albania,Spain,23,5,9,4,12,5,4,,
2016,final,Albania,Sweden,8,11,16,15,6,8,15,,
2016,final,Albania,Ukraine,5,12,17,8,2,25,8,,
2016,final,Albania,United Kingdom,18,6,2,10,10,6,10,,
2016,final,Armenia,Australia,12,6,9,6,6,9,8,,
2016,final,Armenia,Austria,7,22,20,18,23,16,21,,
2016,final,Armenia,Azerbaijan,25,25,19,25,25,25,25,,
2016,final,Armenia,Belgium,17,7,6,12,9,6,6,,
2016,final,Armenia,Bulgaria,15,4,5,4,5,4,4,,
2016,final,Armenia,Croatia,22,15,13,15,17,19,17,,
2016,final,Armenia,Cyprus,5,5,3,10,4,3,5,,
2016,final,Armenia,Czechia,18,10,8,13,12,14,9,,
2016,final,Armenia,France,4,1,1,1,1,1,1,,
2016,final,Armenia,Georgia,3,2,2,2,2,2,2,,
2016,final,Armenia,Germany,19,21,18,22,20,23,15,,
2016,final,Armenia,Hungary,8,18,22,23,10,22,11,,
2016,final,Armenia,Israel,24,24,17,20,22,24,24,,
2016,final,Armenia,Italy,14,20,25,14,19,13,20,,
2016,final,Armenia,Latvia,16,13,15,17,13,11,12,,
2016,final,Armenia,Lithuania,21,14,10,16,16,15,19,,
2016,final,Armenia,Malta,6,3,4,3,3,5,3,,
2016,final,Armenia,Netherlands,11,11,16,11,14,12,10,,
2016,final,Armenia,Poland,10,23,24,24,24,10,22,,
2016,final,Armenia,Russia,1,9,7,5,7,17,16,,
2016,final,Armenia,Serbia,23,12,11,9,11,21,14,,
2016,final,Armenia,Spain,13,8,12,8,8,7,7,,
2016,final,Armenia,Sweden,9,17,21,21,18,8,18,,
2016,final,Armenia,Ukraine,2,16,14,7,21,20,23,,
2016,final,Armenia,United Kingdom,20,19,23,19,15,18,13,,
2016,final,Australia,Armenia,12,13,22,10,12,19,12,,
2016,final,Australia,Austria,8,24,15,23,20,20,23,,
2016,final,Australia,Azerbaijan,22,12,20,15,7,11,15,,
2016,final,Australia,Belgium,1,1,2,1,1,1,1,,
2016,final,Australia,Bulgaria,2,3,1,3,2,3,7,,
2016,final,Australia,Croatia,18,10,8,19,17,13,8,,
2016,final,Australia,Cyprus,13,20,18,20,23,21,6,,
2016,final,Australia,Czechia,25,16,23,14,18,22,4,,
2016,final,Australia,France,4,5,7,7,5,5,13,,
2016,final,Australia,Georgia,24,25,25,21,21,18,20,,
2016,final,Australia,Germany,21,14,12,12,19,17,16,,
2016,final,Australia,Hungary,19,19,6,24,22,23,10,,
2016,final,Australia,Israel,14,2,3,2,4,2,3,,
2016,final,Australia,Italy,23,17,16,16,11,16,24,,
2016,final,Australia,Latvia,11,15,9,8,14,24,25,,
2016,final,Australia,Lithuania,10,4,4,5,6,4,5,,
2016,final,Australia,Malta,5,21,24,18,15,14,19,,
2016,final,Australia,Netherlands,16,8,14,4,10,10,11,,
2016,final,Australia,Poland,15,22,19,25,25,12,14,,
2016,final,Australia,Russia,6,18,13,22,24,8,17,,
2016,final,Australia,Serbia,17,11,17,13,8,7,21,,
2016,final,Australia,Spain,9,6,5,6,3,6,18,,
2016,final,Australia,Sweden,20,23,21,17,16,25,22,,
2016,final,Australia,Ukraine,3,9,10,9,13,9,9,,
2016,final,Australia,United Kingdom,7,7,11,11,9,15,2,,
2016,final,Austria,Armenia,12,9,12,4,18,15,4,,
2016,final,Austria,Australia,8,1,2,2,1,1,1,,
2016,final,Austria,Azerbaijan,24,12,5,23,9,8,17,,
2016,final,Austria,Belgium,14,6,9,1,10,6,12,,
2016,final,Austria,Bulgaria,6,14,20,6,14,17,10,,
2016,final,Austria,Croatia,19,5,8,8,5,5,9,,
2016,final,Austria,Cyprus,16,24,21,24,21,20,19,,
2016,final,Austria,Czechia,23,7,7,12,7,9,7,,
2016,final,Austria,France,10,4,3,5,3,18,3,,
2016,final,Austria,Georgia,21,20,17,25,15,14,23,,
2016,final,Austria,Germany,9,23,18,17,24,19,21,,
2016,final,Austria,Hungary,11,19,19,14,17,25,16,,
2016,final,Austria,Israel,17,13,15,10,12,12,14,,
2016,final,Austria,Italy,13,17,22,22,13,11,18,,
2016,final,Austria,Latvia,18,21,13,18,19,22,24,,
2016,final,Austria,Lithuania,20,10,10,16,6,16,6,,
2016,final,Austria,Malta,25,2,1,11,2,2,2,,
2016,final,Austria,Netherlands,5,11,16,9,11,7,11,,
2016,final,Austria,Poland,1,25,25,20,25,23,25,,
2016,final,Austria,Russia,3,8,6,21,8,4,8,,
2016,final,Austria,Serbia,7,22,24,13,23,24,13,,
2016,final,Austria,Spain,15,15,11,19,20,3,20,,
2016,final,Austria,Sweden,4,3,4,3,4,10,5,,
2016,final,Austria,Ukraine,2,16,23,15,16,13,15,,
2016,final,Austria,United Kingdom,22,18,14,7,22,21,22,,
2016,final,Azerbaijan,Armenia,25,25,25,25,25,25,25,,
2016,final,Azerbaijan,Australia,9,4,5,8,11,7,3,,
2016,final,Azerbaijan,Austria,11,15,11,13,18,18,13,,
2016,final,Azerbaijan,Belgium,16,22,23,23,17,11,23,,
2016,final,Azerbaijan,Bulgaria,3,3,9,5,7,2,6,,
2016,final,Azerbaijan,Croatia,21,11,8,14,9,8,20,,
2016,final,Azerbaijan,Cyprus,17,19,19,12,16,20,22,,
2016,final,Azerbaijan,Czechia,20,16,10,18,10,23,14,,
2016,final,Azerbaijan,France,7,12,18,20,12,9,5,,
2016,final,Azerbaijan,Georgia,10,24,24,22,24,24,24,,
2016,final,Azerbaijan,Germany,22,23,22,24,20,19,17,,
2016,final,Azerbaijan,Hungary,4,7,3,6,3,22,8,,
2016,final,Azerbaijan,Israel,5,8,20,7,6,6,4,,
2016,final,Azerbaijan,Italy,13,21,21,19,13,21,19,,
2016,final,Azerbaijan,Latvia,14,17,13,17,22,13,15,,
2016,final,Azerbaijan,Lithuania,18,6,4,9,8,12,7,,
2016,final,Azerbaijan,Malta,6,5,14,3,5,5,9,,
2016,final,Azerbaijan,Netherlands,19,13,16,11,4,14,21,,
2016,final,Azerbaijan,Poland,8,9,6,10,14,4,11,,
2016,final,Azerbaijan,Russia,1,1,1,1,1,1,1,,
2016,final,Azerbaijan,Serbia,24,18,15,21,21,15,10,,
2016,final,Azerbaijan,Spain,15,10,7,15,15,10,12,,
2016,final,Azerbaijan,Sweden,12,20,17,16,23,16,18,,
2016,final,Azerbaijan,Ukraine,2,2,2,2,2,3,2,,
2016,final,Azerbaijan,United Kingdom,23,14,12,4,19,17,16,,
2016,final,Belarus,Armenia,4,8,5,16,10,5,14,,
2016,final,Belarus,Australia,10,5,7,8,2,9,4,,
2016,final,Belarus,Austria,13,26,26,20,26,26,13,,
2016,final,Belarus,Azerbaijan,3,9,8,12,11,13,12,,
2016,final,Belarus,Belgium,18,7,9,7,4,10,7,,
2016,final,Belarus,Bulgaria,7,10,11,13,17,8,9,,
2016,final,Belarus,Croatia,23,21,25,26,14,17,16,,
2016,final,Belarus,Cyprus,11,17,23,14,22,14,15,,
2016,final,Belarus,Czechia,25,20,19,17,16,22,24,,
2016,final,Belarus,France,14,18,14,19,20,19,20,,
2016,final,Belarus,Georgia,15,15,13,11,15,18,18,,
2016,final,Belarus,Germany,20,23,21,24,19,25,19,,
2016,final,Belarus,Hungary,8,13,10,18,6,7,25,,
2016,final,Belarus,Israel,16,16,12,22,13,11,23,,
2016,final,Belarus,Italy,19,19,17,23,24,23,10,,
2016,final,Belarus,Latvia,6,24,24,25,23,21,17,,
2016,final,Belarus,Lithuania,12,2,4,1,1,2,8,,
2016,final,Belarus,Malta,22,6,6,9,8,6,2,,
2016,final,Belarus,Netherlands,21,11,18,6,12,12,11,,
2016,final,Belarus,Poland,5,14,22,5,9,16,21,,
2016,final,Belarus,Russia,1,1,2,2,3,1,1,,
2016,final,Belarus,Serbia,24,22,16,21,21,20,22,,
2016,final,Belarus,Spain,17,12,15,10,18,15,5,,
2016,final,Belarus,Sweden,9,3,3,3,5,3,3,,
2016,final,Belarus,Ukraine,2,4,1,4,7,4,6,,
2016,final,Belarus,United Kingdom,26,25,20,15,25,24,26,,
2016,final,Belgium,Armenia,4,25,23,23,23,18,23,,
2016,final,Belgium,Australia,7,1,2,1,2,3,1,,
2016,final,Belgium,Austria,8,6,15,11,3,4,4,,
2016,final,Belgium,Azerbaijan,22,24,18,24,24,19,20,,
2016,final,Belgium,Bulgaria,6,5,7,5,10,6,8,,
2016,final,Belgium,Croatia,25,17,22,19,18,9,15,,
2016,final,Belgium,Cyprus,14,18,20,17,11,22,14,,
2016,final,Belgium,Czechia,23,10,14,13,8,8,9,,
2016,final,Belgium,France,3,3,1,4,1,12,16,,
2016,final,Belgium,Georgia,20,4,3,12,14,2,5,,
2016,final,Belgium,Germany,21,14,17,16,9,21,12,,
2016,final,Belgium,Hungary,19,20,25,22,21,14,11,,
2016,final,Belgium,Israel,17,9,8,6,15,15,7,,
2016,final,Belgium,Italy,13,2,6,2,5,1,3,,
2016,final,Belgium,Latvia,16,22,19,21,22,11,25,,
2016,final,Belgium,Lithuania,12,15,21,7,16,17,18,,
2016,final,Belgium,Malta,15,21,24,10,17,25,21,,
2016,final,Belgium,Netherlands,2,7,4,3,13,7,10,,
2016,final,Belgium,Poland,1,19,13,18,25,16,19,,
2016,final,Belgium,Russia,5,11,5,15,7,10,17,,
2016,final,Belgium,Serbia,24,16,12,14,20,23,13,,
2016,final,Belgium,Spain,11,12,11,8,6,24,6,,
2016,final,Belgium,Sweden,10,23,16,25,19,20,24,,
2016,final,Belgium,Ukraine,9,8,10,20,4,5,2,,
2016,final,Belgium,United Kingdom,18,13,9,9,12,13,22,,
2016,final,Bosnia & Herzegovina,Armenia,12,9,20,5,10,4,20,,
2016,final,Bosnia & Herzegovina,Australia,8,2,5,2,1,2,2,,
2016,final,Bosnia & Herzegovina,Austria,6,26,26,21,26,26,23,,
2016,final,Bosnia & Herzegovina,Azerbaijan,3,10,10,19,5,15,13,,
2016,final,Bosnia & Herzegovina,Belgium,15,12,6,14,16,17,12,,
2016,final,Bosnia & Herzegovina,Bulgaria,9,8,12,4,12,11,5,,
2016,final,Bosnia & Herzegovina,Croatia,2,7,3,9,9,8,9,,
2016,final,Bosnia & Herzegovina,Cyprus,13,17,24,13,8,19,17,,
2016,final,Bosnia & Herzegovina,Czechia,20,5,4,3,6,5,8,,
2016,final,Bosnia & Herzegovina,France,7,4,8,7,4,3,4,,
2016,final,Bosnia & Herzegovina,Georgia,26,23,17,23,24,23,19,,
2016,final,Bosnia & Herzegovina,Germany,16,16,15,25,14,12,11,,
2016,final,Bosnia & Herzegovina,Hungary,10,13,13,12,19,13,14,,
2016,final,Bosnia & Herzegovina,Israel,24,18,11,20,15,16,26,,
2016,final,Bosnia & Herzegovina,Italy,18,25,23,22,23,18,25,,
2016,final,Bosnia & Herzegovina,Latvia,22,11,16,11,22,10,6,,
2016,final,Bosnia & Herzegovina,Lithuania,23,24,9,26,25,25,21,,
2016,final,Bosnia & Herzegovina,Malta,19,14,18,10,11,14,18,,
2016,final,Bosnia & Herzegovina,Netherlands,21,22,22,18,17,22,22,,
2016,final,Bosnia & Herzegovina,Poland,14,20,21,15,21,21,16,,
2016,final,Bosnia & Herzegovina,Russia,5,6,7,8,3,6,10,,
2016,final,Bosnia & Herzegovina,Serbia,1,3,1,6,7,7,3,,
2016,final,Bosnia & Herzegovina,Spain,17,15,25,16,18,9,7,,
2016,final,Bosnia & Herzegovina,Sweden,11,19,14,24,20,20,15,,
2016,final,Bosnia & Herzegovina,Ukraine,4,1,2,1,2,1,1,,
2016,final,Bosnia & Herzegovina,United Kingdom,25,21,19,17,13,24,24,,
2016,final,Bulgaria,Armenia,3,1,3,3,1,3,2,,
2016,final,Bulgaria,Australia,6,3,5,2,3,1,4,,
2016,final,Bulgaria,Austria,7,19,13,25,25,14,14,,
2016,final,Bulgaria,Azerbaijan,10,18,18,21,12,13,22,,
2016,final,Bulgaria,Belgium,13,2,4,1,4,2,3,,
2016,final,Bulgaria,Croatia,25,15,19,17,18,6,16,,
2016,final,Bulgaria,Cyprus,4,23,21,24,19,19,19,,
2016,final,Bulgaria,Czechia,24,16,16,16,22,12,15,,
2016,final,Bulgaria,France,12,22,15,20,21,20,20,,
2016,final,Bulgaria,Georgia,20,8,6,6,20,16,8,,
2016,final,Bulgaria,Germany,22,25,24,23,14,21,21,,
2016,final,Bulgaria,Hungary,16,21,23,15,9,25,24,,
2016,final,Bulgaria,Israel,9,12,20,8,8,15,13,,
2016,final,Bulgaria,Italy,18,24,22,22,24,17,18,,
2016,final,Bulgaria,Latvia,14,14,8,11,13,23,9,,
2016,final,Bulgaria,Lithuania,15,10,12,9,6,18,17,,
2016,final,Bulgaria,Malta,19,4,9,13,2,5,1,,
2016,final,Bulgaria,Netherlands,23,9,17,18,11,8,5,,
2016,final,Bulgaria,Poland,5,11,11,12,23,10,7,,
2016,final,Bulgaria,Russia,1,5,1,5,10,4,10,,
2016,final,Bulgaria,Serbia,11,6,2,4,7,7,11,,
2016,final,Bulgaria,Spain,17,7,7,10,16,11,6,,
2016,final,Bulgaria,Sweden,8,20,10,19,17,22,25,,
2016,final,Bulgaria,Ukraine,2,17,25,7,5,24,23,,
2016,final,Bulgaria,United Kingdom,21,13,14,14,15,9,12,,
2016,final,Croatia,Armenia,12,7,18,1,15,9,3,,
2016,final,Croatia,Australia,6,1,1,6,4,8,4,,
2016,final,Croatia,Austria,5,21,22,13,20,17,22,,
2016,final,Croatia,Azerbaijan,14,19,20,9,17,20,9,,
2016,final,Croatia,Belgium,18,12,6,18,6,18,15,,
2016,final,Croatia,Bulgaria,10,20,15,16,25,19,16,,
2016,final,Croatia,Cyprus,13,10,4,17,9,10,11,,
2016,final,Croatia,Czechia,20,2,2,7,18,2,1,,
2016,final,Croatia,France,9,3,7,4,2,11,10,,
2016,final,Croatia,Georgia,21,25,24,25,21,23,24,,
2016,final,Croatia,Germany,16,24,25,23,14,25,25,,
2016,final,Croatia,Hungary,8,6,3,15,11,12,2,,
2016,final,Croatia,Israel,22,4,12,8,3,6,8,,
2016,final,Croatia,Italy,11,8,16,3,5,5,17,,
2016,final,Croatia,Latvia,17,11,8,5,23,15,5,,
2016,final,Croatia,Lithuania,23,15,11,20,8,14,14,,
2016,final,Croatia,Malta,24,13,13,14,7,16,13,,
2016,final,Croatia,Netherlands,15,14,9,21,1,13,21,,
2016,final,Croatia,Poland,7,17,5,10,16,21,18,,
2016,final,Croatia,Russia,3,5,10,2,19,3,6,,
2016,final,Croatia,Serbia,1,9,14,11,12,4,7,,
2016,final,Croatia,Spain,19,22,21,22,22,22,20,,
2016,final,Croatia,Sweden,4,18,17,19,10,7,19,,
2016,final,Croatia,Ukraine,2,16,19,12,24,1,12,,
2016,final,Croatia,United Kingdom,25,23,23,24,13,24,23,,
2016,final,Cyprus,Armenia,3,3,2,2,4,8,11,,
2016,final,Cyprus,Australia,6,2,3,3,2,2,3,,
2016,final,Cyprus,Austria,13,19,25,16,17,10,21,,
2016,final,Cyprus,Azerbaijan,11,9,8,22,6,6,16,,
2016,final,Cyprus,Belgium,17,23,19,18,16,22,22,,
2016,final,Cyprus,Bulgaria,1,17,12,12,15,21,24,,
2016,final,Cyprus,Croatia,25,10,18,15,3,11,15,,
2016,final,Cyprus,Czechia,24,11,13,8,10,13,19,,
2016,final,Cyprus,France,5,4,6,5,14,5,2,,
2016,final,Cyprus,Georgia,23,22,22,21,25,12,14,,
2016,final,Cyprus,Germany,22,20,21,20,9,17,23,,
2016,final,Cyprus,Hungary,7,7,7,6,19,15,5,,
2016,final,Cyprus,Israel,15,6,11,9,7,4,6,,
2016,final,Cyprus,Italy,12,8,10,11,11,9,12,,
2016,final,Cyprus,Latvia,14,12,5,7,20,18,13,,
2016,final,Cyprus,Lithuania,8,15,17,17,18,3,10,,
2016,final,Cyprus,Malta,18,5,9,4,8,7,4,,
2016,final,Cyprus,Netherlands,20,24,14,24,23,23,18,,
2016,final,Cyprus,Poland,9,25,24,25,24,25,25,,
2016,final,Cyprus,Russia,2,1,1,1,1,1,1,,
2016,final,Cyprus,Serbia,16,13,16,10,5,24,8,,
2016,final,Cyprus,Spain,21,16,23,14,21,14,9,,
2016,final,Cyprus,Sweden,10,14,15,13,13,16,7,,
2016,final,Cyprus,Ukraine,4,18,4,19,22,19,20,,
2016,final,Cyprus,United Kingdom,19,21,20,23,12,20,17,,
2016,final,Czechia,Armenia,3,18,15,17,14,19,21,,
2016,final,Czechia,Australia,10,11,10,3,10,17,15,,
2016,final,Czechia,Austria,7,12,16,16,5,12,9,,
2016,final,Czechia,Azerbaijan,5,17,12,20,12,16,17,,
2016,final,Czechia,Belgium,20,9,8,13,6,14,12,,
2016,final,Czechia,Bulgaria,6,14,7,21,18,11,11,,
2016,final,Czechia,Croatia,25,3,3,5,8,3,2,,
2016,final,Czechia,Cyprus,12,19,18,22,25,9,18,,
2016,final,Czechia,France,11,6,13,7,4,4,5,,
2016,final,Czechia,Georgia,21,13,9,6,20,15,13,,
2016,final,Czechia,Germany,19,22,22,24,23,20,16,,
2016,final,Czechia,Hungary,8,2,2,4,2,2,6,,
2016,final,Czechia,Israel,16,21,23,14,17,23,23,,
2016,final,Czechia,Italy,22,16,20,9,19,18,8,,
2016,final,Czechia,Latvia,14,10,11,11,11,7,14,,
2016,final,Czechia,Lithuania,15,8,14,8,9,8,10,,
2016,final,Czechia,Malta,24,5,4,12,7,5,4,,
2016,final,Czechia,Netherlands,18,4,6,2,3,6,7,,
2016,final,Czechia,Poland,4,23,21,23,21,22,22,,
2016,final,Czechia,Russia,2,25,25,18,24,25,25,,
2016,final,Czechia,Serbia,13,20,19,25,16,21,19,,
2016,final,Czechia,Spain,17,15,17,10,15,10,20,,
2016,final,Czechia,Sweden,9,1,1,1,1,1,1,,
2016,final,Czechia,Ukraine,1,24,24,19,22,24,24,,
2016,final,Czechia,United Kingdom,23,7,5,15,13,13,3,,
2016,final,Denmark,Armenia,21,11,21,5,15,20,4,,
2016,final,Denmark,Australia,2,2,1,1,1,1,26,,
2016,final,Denmark,Austria,10,17,18,15,10,26,7,,
2016,final,Denmark,Azerbaijan,22,26,13,26,23,25,14,,
2016,final,Denmark,Belgium,3,3,3,8,3,8,22,,
2016,final,Denmark,Bulgaria,11,5,6,17,7,4,16,,
2016,final,Denmark,Croatia,26,22,25,22,12,23,3,,
2016,final,Denmark,Cyprus,18,16,10,21,26,9,9,,
2016,final,Denmark,Czechia,25,19,19,19,17,16,10,,
2016,final,Denmark,France,9,14,20,2,6,18,23,,
2016,final,Denmark,Georgia,20,21,24,23,24,10,1,,
2016,final,Denmark,Germany,19,23,23,24,20,14,6,,
2016,final,Denmark,Hungary,17,24,22,20,16,21,12,,
2016,final,Denmark,Israel,16,9,9,16,11,2,19,,
2016,final,Denmark,Italy,14,12,12,11,14,13,18,,
2016,final,Denmark,Latvia,13,15,16,4,18,19,13,,
2016,final,Denmark,Lithuania,5,6,11,7,13,7,15,,
2016,final,Denmark,Malta,23,20,17,13,19,24,8,,
2016,final,Denmark,Netherlands,4,4,4,6,2,12,25,,
2016,final,Denmark,Poland,6,25,26,18,21,15,17,,
2016,final,Denmark,Russia,7,13,15,9,9,11,24,,
2016,final,Denmark,Serbia,24,18,14,12,25,22,5,,
2016,final,Denmark,Spain,12,10,8,3,22,6,21,,
2016,final,Denmark,Sweden,1,7,2,10,5,17,20,,
2016,final,Denmark,Ukraine,8,1,5,14,4,3,2,,
2016,final,Denmark,United Kingdom,15,8,7,25,8,5,11,,
2016,final,Estonia,Armenia,16,12,14,11,8,15,12,,
2016,final,Estonia,Australia,7,2,2,5,7,3,11,,
2016,final,Estonia,Austria,5,21,21,23,25,9,16,,
2016,final,Estonia,Azerbaijan,18,19,20,21,18,14,15,,
2016,final,Estonia,Belgium,19,14,17,4,12,13,18,,
2016,final,Estonia,Bulgaria,14,22,24,17,21,20,17,,
2016,final,Estonia,Croatia,24,13,16,12,5,11,19,,
2016,final,Estonia,Cyprus,8,7,13,19,6,12,5,,
2016,final,Estonia,Czechia,25,17,5,13,19,18,23,,
2016,final,Estonia,France,9,10,9,15,15,17,1,,
2016,final,Estonia,Georgia,15,15,22,2,3,23,26,,
2016,final,Estonia,Germany,23,25,25,16,22,21,20,,
2016,final,Estonia,Hungary,11,16,19,26,11,19,2,,
2016,final,Estonia,Israel,22,24,18,25,14,25,21,,
2016,final,Estonia,Italy,13,11,10,24,9,10,6,,
2016,final,Estonia,Latvia,4,3,7,8,4,4,7,,
2016,final,Estonia,Lithuania,6,6,8,9,2,7,14,,
2016,final,Estonia,Malta,20,9,6,6,17,6,22,,
2016,final,Estonia,Netherlands,12,5,4,7,13,8,4,,
2016,final,Estonia,Poland,10,23,23,22,23,22,9,,
2016,final,Estonia,Russia,1,18,11,18,26,16,10,,
2016,final,Estonia,Serbia,26,26,26,20,24,26,24,,
2016,final,Estonia,Spain,17,20,15,14,10,24,25,,
2016,final,Estonia,Sweden,2,1,1,1,1,2,3,,
2016,final,Estonia,Ukraine,3,4,3,3,20,1,8,,
2016,final,Estonia,United Kingdom,21,8,12,10,16,5,13,,
2016,final,Finland,Armenia,18,17,15,13,23,9,18,,
2016,final,Finland,Australia,4,3,3,3,8,4,15,,
2016,final,Finland,Austria,5,7,1,4,2,16,20,,
2016,final,Finland,Azerbaijan,24,23,23,25,21,19,16,,
2016,final,Finland,Belgium,17,22,18,22,19,17,14,,
2016,final,Finland,Bulgaria,7,15,9,17,9,22,17,,
2016,final,Finland,Croatia,20,18,11,15,20,10,23,,
2016,final,Finland,Cyprus,10,26,24,26,24,26,25,,
2016,final,Finland,Czechia,22,8,14,6,16,7,7,,
2016,final,Finland,France,8,10,17,20,11,3,4,,
2016,final,Finland,Georgia,19,21,25,18,13,25,9,,
2016,final,Finland,Germany,25,19,13,19,10,14,24,,
2016,final,Finland,Hungary,12,25,21,23,25,20,21,,
2016,final,Finland,Israel,14,4,12,7,4,1,12,,
2016,final,Finland,Italy,16,9,16,11,3,12,10,,
2016,final,Finland,Latvia,9,13,7,16,14,5,26,,
2016,final,Finland,Lithuania,11,5,5,14,17,2,2,,
2016,final,Finland,Malta,23,6,6,8,5,18,5,,
2016,final,Finland,Netherlands,13,2,4,2,7,8,8,,
2016,final,Finland,Poland,6,20,10,21,22,21,11,,
2016,final,Finland,Russia,3,14,26,10,18,11,6,,
2016,final,Finland,Serbia,26,24,22,24,26,24,13,,
2016,final,Finland,Spain,15,12,19,12,12,23,1,,
2016,final,Finland,Sweden,2,1,2,1,1,6,3,,
2016,final,Finland,Ukraine,1,11,8,5,6,15,22,,
2016,final,Finland,United Kingdom,21,16,20,9,15,13,19,,
2016,final,France,Armenia,1,9,13,7,15,7,17,,
2016,final,France,Australia,12,5,4,4,4,15,3,,
2016,final,France,Austria,3,3,7,9,8,1,2,,
2016,final,France,Azerbaijan,20,14,22,15,14,4,13,,
2016,final,France,Belgium,7,12,16,16,19,5,10,,
2016,final,France,Bulgaria,6,2,3,6,3,10,4,,
2016,final,France,Croatia,24,13,11,13,18,9,16,,
2016,final,France,Cyprus,13,18,14,17,16,16,15,,
2016,final,France,Czechia,23,11,17,12,11,14,12,,
2016,final,France,Georgia,21,24,20,22,25,25,23,,
2016,final,France,Germany,18,16,24,14,7,17,8,,
2016,final,France,Hungary,14,20,21,21,13,11,14,,
2016,final,France,Israel,8,17,9,2,23,22,21,,
2016,final,France,Italy,11,1,1,1,9,13,1,,
2016,final,France,Latvia,22,23,23,23,24,23,19,,
2016,final,France,Lithuania,19,21,19,11,12,18,20,,
2016,final,France,Malta,25,7,6,3,17,8,6,,
2016,final,France,Netherlands,15,4,2,8,6,3,11,,
2016,final,France,Poland,4,25,25,24,22,20,25,,
2016,final,France,Russia,5,10,18,20,10,6,9,,
2016,final,France,Serbia,17,22,15,25,21,24,22,,
2016,final,France,Spain,10,8,8,19,5,2,7,,
2016,final,France,Sweden,9,6,10,5,1,12,5,,
2016,final,France,Ukraine,2,15,12,10,2,21,24,,
2016,final,France,United Kingdom,16,19,5,18,20,19,18,,
2016,final,Georgia,Armenia,1,16,6,18,22,13,15,,
2016,final,Georgia,Australia,10,3,2,12,3,4,2,,
2016,final,Georgia,Austria,17,25,25,21,18,22,25,,
2016,final,Georgia,Azerbaijan,4,21,20,19,20,16,12,,
2016,final,Georgia,Belgium,21,2,3,9,4,1,3,,
2016,final,Georgia,Bulgaria,8,24,23,22,25,24,14,,
2016,final,Georgia,Croatia,24,9,7,2,19,12,21,,
2016,final,Georgia,Cyprus,12,17,17,16,17,10,17,,
2016,final,Georgia,Czechia,20,12,10,15,14,15,13,,
2016,final,Georgia,France,18,7,15,1,7,17,8,,
2016,final,Georgia,Germany,13,10,14,8,12,19,10,,
2016,final,Georgia,Hungary,9,19,21,20,13,7,20,,
2016,final,Georgia,Israel,19,8,11,11,8,18,5,,
2016,final,Georgia,Italy,14,14,22,4,15,9,23,,
2016,final,Georgia,Latvia,5,4,5,5,5,5,7,,
2016,final,Georgia,Lithuania,6,6,8,13,6,6,6,,
2016,final,Georgia,Malta,25,18,4,23,16,20,18,,
2016,final,Georgia,Netherlands,15,15,19,14,9,8,24,,
2016,final,Georgia,Poland,7,20,9,17,24,25,11,,
2016,final,Georgia,Russia,3,23,18,24,23,21,19,,
2016,final,Georgia,Serbia,23,11,16,10,10,11,16,,
2016,final,Georgia,Spain,16,22,12,25,11,23,22,,
2016,final,Georgia,Sweden,11,5,13,6,2,3,4,,
2016,final,Georgia,Ukraine,2,1,1,7,1,2,1,,
2016,final,Georgia,United Kingdom,22,13,24,3,21,14,9,,
2016,final,Germany,Armenia,9,13,9,19,9,23,12,,
2016,final,Germany,Australia,6,5,8,5,6,3,6,,
2016,final,Germany,Austria,4,16,10,14,19,20,14,,
2016,final,Germany,Azerbaijan,23,24,25,22,25,22,21,,
2016,final,Germany,Belgium,17,6,6,7,2,10,7,,
2016,final,Germany,Bulgaria,7,14,19,17,14,11,13,,
2016,final,Germany,Croatia,22,12,16,15,5,12,11,,
2016,final,Germany,Cyprus,11,25,24,25,20,25,24,,
2016,final,Germany,Czechia,24,22,22,21,22,21,22,,
2016,final,Germany,France,13,20,18,24,8,19,18,,
2016,final,Germany,Georgia,14,3,3,3,7,2,2,,
2016,final,Germany,Hungary,19,17,17,18,12,13,20,,
2016,final,Germany,Israel,18,1,1,1,3,1,1,,
2016,final,Germany,Italy,10,8,11,11,13,7,8,,
2016,final,Germany,Latvia,16,9,7,8,21,8,9,,
2016,final,Germany,Lithuania,15,10,12,6,15,9,15,,
2016,final,Germany,Malta,25,23,21,20,24,24,23,,
2016,final,Germany,Netherlands,8,7,4,13,11,6,4,,
2016,final,Germany,Poland,2,19,20,16,18,14,19,,
2016,final,Germany,Russia,1,18,15,10,23,17,16,,
2016,final,Germany,Serbia,21,21,23,23,16,18,25,,
2016,final,Germany,Spain,12,11,14,9,10,16,10,,
2016,final,Germany,Sweden,3,2,2,2,1,4,3,,
2016,final,Germany,Ukraine,5,4,5,4,4,5,5,,
2016,final,Germany,United Kingdom,20,15,13,12,17,15,17,,
2016,final,Greece,Armenia,3,2,5,2,4,2,3,,
2016,final,Greece,Australia,6,4,6,3,3,14,5,,
2016,final,Greece,Austria,10,12,26,11,8,5,12,,
2016,final,Greece,Azerbaijan,19,10,10,7,21,9,7,,
2016,final,Greece,Belgium,13,24,19,23,26,10,26,,
2016,final,Greece,Bulgaria,4,11,13,9,14,13,8,,
2016,final,Greece,Croatia,25,23,24,18,18,25,15,,
2016,final,Greece,Cyprus,1,3,4,5,5,1,2,,
2016,final,Greece,Czechia,26,18,20,24,23,19,6,,
2016,final,Greece,France,7,5,8,10,2,7,11,,
2016,final,Greece,Georgia,12,6,7,4,7,12,10,,
2016,final,Greece,Germany,24,26,22,25,25,24,22,,
2016,final,Greece,Hungary,9,8,11,14,13,8,4,,
2016,final,Greece,Israel,23,22,15,21,20,17,23,,
2016,final,Greece,Italy,11,15,12,22,24,3,14,,
2016,final,Greece,Latvia,16,21,17,19,19,22,18,,
2016,final,Greece,Lithuania,20,20,23,16,16,23,16,,
2016,final,Greece,Malta,22,7,9,8,10,6,9,,
2016,final,Greece,Netherlands,18,13,2,12,12,18,20,,
2016,final,Greece,Poland,8,25,25,26,15,15,24,,
2016,final,Greece,Russia,2,1,1,1,1,4,1,,
2016,final,Greece,Serbia,17,19,14,17,22,20,21,,
2016,final,Greece,Spain,14,17,16,20,17,21,17,,
2016,final,Greece,Sweden,15,16,18,15,11,26,19,,
2016,final,Greece,Ukraine,5,9,3,13,6,16,13,,
2016,final,Greece,United Kingdom,21,14,21,6,9,11,25,,
2016,final,Hungary,Armenia,12,10,3,11,5,12,22,,
2016,final,Hungary,Australia,8,1,8,4,1,2,2,,
2016,final,Hungary,Austria,5,23,25,22,2,23,25,,
2016,final,Hungary,Azerbaijan,16,4,13,5,18,5,1,,
2016,final,Hungary,Belgium,14,14,12,20,24,4,5,,
2016,final,Hungary,Bulgaria,7,22,14,23,20,20,16,,
2016,final,Hungary,Croatia,21,18,7,17,14,24,12,,
2016,final,Hungary,Cyprus,6,15,11,13,13,17,11,,
2016,final,Hungary,Czechia,18,9,17,7,21,1,6,,
2016,final,Hungary,France,10,20,19,14,22,19,10,,
2016,final,Hungary,Georgia,22,11,15,16,4,11,18,,
2016,final,Hungary,Germany,13,17,24,10,19,10,9,,
2016,final,Hungary,Israel,17,16,18,25,11,9,3,,
2016,final,Hungary,Italy,19,21,20,15,23,15,17,,
2016,final,Hungary,Latvia,11,3,9,2,7,6,13,,
2016,final,Hungary,Lithuania,23,8,16,1,10,16,8,,
2016,final,Hungary,Malta,20,2,2,3,3,7,20,,
2016,final,Hungary,Netherlands,9,5,5,6,16,8,7,,
2016,final,Hungary,Poland,3,25,23,24,25,18,24,,
2016,final,Hungary,Russia,2,13,10,12,8,14,21,,
2016,final,Hungary,Serbia,24,24,22,19,17,25,23,,
2016,final,Hungary,Spain,15,6,1,9,9,13,14,,
2016,final,Hungary,Sweden,4,7,21,8,12,3,4,,
2016,final,Hungary,Ukraine,1,12,4,18,6,21,15,,
2016,final,Hungary,United Kingdom,25,19,6,21,15,22,19,,
2016,final,Iceland,Armenia,18,23,17,13,21,25,13,,
2016,final,Iceland,Australia,3,2,2,1,2,2,5,,
2016,final,Iceland,Austria,9,10,5,9,17,22,8,,
2016,final,Iceland,Azerbaijan,10,13,11,12,16,16,17,,
2016,final,Iceland,Belgium,8,8,12,11,12,12,4,,
2016,final,Iceland,Bulgaria,12,17,7,18,22,23,14,,
2016,final,Iceland,Croatia,26,4,1,8,6,4,24,,
2016,final,Iceland,Cyprus,16,21,22,22,19,9,16,,
2016,final,Iceland,Czechia,24,6,9,5,9,13,9,,
2016,final,Iceland,France,6,9,6,14,7,5,22,,
2016,final,Iceland,Georgia,22,24,13,19,26,10,25,,
2016,final,Iceland,Germany,23,22,19,6,24,18,21,,
2016,final,Iceland,Hungary,14,18,23,26,18,8,10,,
2016,final,Iceland,Israel,21,16,24,24,15,11,6,,
2016,final,Iceland,Italy,13,19,25,10,25,7,18,,
2016,final,Iceland,Latvia,17,26,18,25,20,20,26,,
2016,final,Iceland,Lithuania,7,14,21,16,10,15,15,,
2016,final,Iceland,Malta,19,7,15,7,8,3,12,,
2016,final,Iceland,Netherlands,5,1,3,2,3,1,2,,
2016,final,Iceland,Poland,2,12,16,23,4,6,20,,
2016,final,Iceland,Russia,4,3,8,3,5,19,3,,
2016,final,Iceland,Serbia,25,25,10,17,23,26,23,,
2016,final,Iceland,Spain,15,20,26,21,14,24,1,,
2016,final,Iceland,Sweden,1,5,4,4,1,17,19,,
2016,final,Iceland,Ukraine,11,15,20,20,11,21,7,,
2016,final,Iceland,United Kingdom,20,11,14,15,13,14,11,,
2016,final,Ireland,Armenia,21,23,25,15,20,14,21,,
2016,final,Ireland,Australia,5,12,8,8,22,23,2,,
2016,final,Ireland,Austria,10,25,26,24,6,21,24,,
2016,final,Ireland,Azerbaijan,25,19,22,21,16,16,13,,
2016,final,Ireland,Belgium,13,1,2,5,1,1,3,,
2016,final,Ireland,Bulgaria,6,2,3,4,4,10,4,,
2016,final,Ireland,Croatia,24,20,21,22,19,17,10,,
2016,final,Ireland,Cyprus,17,17,11,25,8,19,18,,
2016,final,Ireland,Czechia,23,9,9,11,15,12,14,,
2016,final,Ireland,France,12,8,17,17,13,4,7,,
2016,final,Ireland,Georgia,22,11,10,9,18,20,6,,
2016,final,Ireland,Germany,20,21,24,10,14,26,15,,
2016,final,Ireland,Hungary,15,26,19,23,17,18,25,,
2016,final,Ireland,Israel,18,7,13,13,11,2,9,,
2016,final,Ireland,Italy,16,5,5,7,2,5,20,,
2016,final,Ireland,Latvia,4,10,14,1,25,15,8,,
2016,final,Ireland,Lithuania,1,14,6,14,26,11,16,,
2016,final,Ireland,Malta,19,22,23,19,23,7,22,,
2016,final,Ireland,Netherlands,14,3,4,16,3,3,1,,
2016,final,Ireland,Poland,2,24,16,20,12,24,26,,
2016,final,Ireland,Russia,3,18,12,26,21,8,17,,
2016,final,Ireland,Serbia,26,16,20,18,9,9,19,,
2016,final,Ireland,Spain,11,13,18,3,10,13,23,,
2016,final,Ireland,Sweden,9,6,7,2,5,22,12,,
2016,final,Ireland,Ukraine,7,15,15,6,24,25,5,,
2016,final,Ireland,United Kingdom,8,4,1,12,7,6,11,,
2016,final,Israel,Armenia,5,9,2,19,13,15,6,,
2016,final,Israel,Australia,6,2,4,1,3,8,1,,
2016,final,Israel,Austria,8,22,11,17,24,23,20,,
2016,final,Israel,Azerbaijan,9,14,16,25,11,10,9,,
2016,final,Israel,Belgium,10,5,6,9,12,1,2,,
2016,final,Israel,Bulgaria,4,4,5,5,7,6,7,,
2016,final,Israel,Croatia,23,8,21,8,2,7,15,,
2016,final,Israel,Cyprus,12,25,19,23,25,17,23,,
2016,final,Israel,Czechia,24,15,14,10,19,18,13,,
2016,final,Israel,France,1,3,9,3,4,3,3,,
2016,final,Israel,Georgia,20,12,10,16,22,5,10,,
2016,final,Israel,Germany,22,19,15,21,15,22,19,,
2016,final,Israel,Hungary,15,18,22,12,21,9,24,,
2016,final,Israel,Italy,13,11,8,6,10,11,25,,
2016,final,Israel,Latvia,16,6,3,11,9,4,4,,
2016,final,Israel,Lithuania,11,10,7,4,18,16,11,,
2016,final,Israel,Malta,25,17,13,13,20,24,14,,
2016,final,Israel,Netherlands,19,24,17,20,16,25,22,,
2016,final,Israel,Poland,7,16,23,15,8,21,12,,
2016,final,Israel,Russia,2,13,20,7,5,20,17,,
2016,final,Israel,Serbia,21,21,18,24,23,12,16,,
2016,final,Israel,Spain,14,7,12,14,6,13,8,,
2016,final,Israel,Sweden,17,23,24,22,14,19,21,,
2016,final,Israel,Ukraine,3,1,1,2,1,2,5,,
2016,final,Israel,United Kingdom,18,20,25,18,17,14,18,,
2016,final,Italy,Armenia,10,22,18,24,19,19,17,,
2016,final,Italy,Australia,11,5,3,9,8,2,8,,
2016,final,Italy,Austria,12,23,19,15,22,17,25,,
2016,final,Italy,Azerbaijan,23,25,22,21,15,22,21,,
2016,final,Italy,Belgium,18,11,15,11,7,10,19,,
2016,final,Italy,Bulgaria,4,14,9,18,17,15,15,,
2016,final,Italy,Croatia,22,17,8,12,21,25,13,,
2016,final,Italy,Cyprus,5,10,16,8,3,8,23,,
2016,final,Italy,Czechia,24,24,23,22,25,13,18,,
2016,final,Italy,France,6,4,1,2,18,6,1,,
2016,final,Italy,Georgia,8,8,7,4,2,20,16,,
2016,final,Italy,Germany,21,15,10,19,12,24,11,,
2016,final,Italy,Hungary,15,20,21,13,16,23,22,,
2016,final,Italy,Israel,17,3,6,5,6,1,9,,
2016,final,Italy,Latvia,14,13,11,20,9,14,12,,
2016,final,Italy,Lithuania,9,16,17,16,14,7,24,,
2016,final,Italy,Malta,20,6,2,3,10,18,2,,
2016,final,Italy,Netherlands,19,7,14,10,5,4,5,,
2016,final,Italy,Poland,2,19,20,25,24,11,14,,
2016,final,Italy,Russia,3,18,25,17,23,12,3,,
2016,final,Italy,Serbia,7,21,13,23,20,21,20,,
2016,final,Italy,Spain,13,1,5,1,1,9,6,,
2016,final,Italy,Sweden,16,9,24,6,11,5,4,,
2016,final,Italy,Ukraine,1,2,4,7,4,3,7,,
2016,final,Italy,United Kingdom,25,12,12,14,13,16,10,,
2016,final,Latvia,Armenia,14,5,11,13,8,9,1,,
2016,final,Latvia,Australia,5,6,5,6,10,16,7,,
2016,final,Latvia,Austria,7,23,16,21,22,24,16,,
2016,final,Latvia,Azerbaijan,8,22,21,20,24,19,10,,
2016,final,Latvia,Belgium,15,14,10,5,19,17,25,,
2016,final,Latvia,Bulgaria,10,10,3,9,12,6,22,,
2016,final,Latvia,Croatia,22,16,22,22,9,5,19,,
2016,final,Latvia,Cyprus,12,15,13,18,20,12,13,,
2016,final,Latvia,Czechia,24,18,17,15,21,15,12,,
2016,final,Latvia,France,11,21,19,14,18,20,18,,
2016,final,Latvia,Georgia,9,11,20,3,7,4,21,,
2016,final,Latvia,Germany,18,25,24,25,23,22,23,,
2016,final,Latvia,Hungary,13,20,25,19,14,18,11,,
2016,final,Latvia,Israel,20,9,7,11,13,11,8,,
2016,final,Latvia,Italy,19,19,12,16,17,23,17,,
2016,final,Latvia,Lithuania,3,2,1,2,3,2,6,,
2016,final,Latvia,Malta,23,7,14,7,6,7,14,,
2016,final,Latvia,Netherlands,16,8,6,12,16,10,5,,
2016,final,Latvia,Poland,6,24,15,24,25,25,20,,
2016,final,Latvia,Russia,1,4,2,8,5,14,4,,
2016,final,Latvia,Serbia,25,13,23,23,11,8,9,,
2016,final,Latvia,Spain,17,12,9,10,4,21,24,,
2016,final,Latvia,Sweden,4,3,8,4,2,3,3,,
2016,final,Latvia,Ukraine,2,1,4,1,1,1,2,,
2016,final,Latvia,United Kingdom,21,17,18,17,15,13,15,,
2016,final,Lithuania,Armenia,12,7,5,17,10,10,7,,
2016,final,Lithuania,Australia,6,1,2,1,1,1,2,,
2016,final,Lithuania,Austria,10,23,23,19,19,24,19,,
2016,final,Lithuania,Azerbaijan,18,20,24,9,11,19,23,,
2016,final,Lithuania,Belgium,13,6,7,4,7,7,6,,
2016,final,Lithuania,Bulgaria,11,9,12,8,9,8,22,,
2016,final,Lithuania,Croatia,23,22,22,25,18,12,16,,
2016,final,Lithuania,Cyprus,14,24,21,24,24,23,14,,
2016,final,Lithuania,Czechia,24,17,15,15,8,18,24,,
2016,final,Lithuania,France,8,10,20,10,14,5,13,,
2016,final,Lithuania,Georgia,7,2,4,3,2,2,1,,
2016,final,Lithuania,Germany,21,12,13,11,16,15,12,,
2016,final,Lithuania,Hungary,9,19,11,23,23,20,8,,
2016,final,Lithuania,Israel,19,5,6,7,5,6,5,,
2016,final,Lithuania,Italy,15,11,8,6,13,21,15,,
2016,final,Lithuania,Latvia,1,4,3,5,4,3,4,,
2016,final,Lithuania,Malta,22,13,10,20,12,13,18,,
2016,final,Lithuania,Netherlands,17,15,16,13,22,17,10,,
2016,final,Lithuania,Poland,5,8,19,14,6,11,9,,
2016,final,Lithuania,Russia,3,25,25,22,25,25,25,,
2016,final,Lithuania,Serbia,25,18,14,12,17,16,21,,
2016,final,Lithuania,Spain,16,16,18,21,15,9,17,,
2016,final,Lithuania,Sweden,4,14,9,16,20,22,11,,
2016,final,Lithuania,Ukraine,2,3,1,2,3,4,3,,
2016,final,Lithuania,United Kingdom,20,21,17,18,21,14,20,,
2016,final,Malta,Armenia,14,4,2,3,6,3,8,,
2016,final,Malta,Australia,1,8,10,9,7,6,6,,
2016,final,Malta,Austria,15,12,23,11,13,23,7,,
2016,final,Malta,Azerbaijan,5,11,9,21,19,8,20,,
2016,final,Malta,Belgium,17,20,13,17,24,21,16,,
2016,final,Malta,Bulgaria,3,2,5,6,1,7,1,,
2016,final,Malta,Croatia,25,23,18,25,21,15,21,,
2016,final,Malta,Cyprus,12,6,3,7,2,2,12,,
2016,final,Malta,Czechia,24,16,16,20,10,17,18,,
2016,final,Malta,France,9,5,7,1,8,4,4,,
2016,final,Malta,Georgia,23,21,24,19,11,22,17,,
2016,final,Malta,Germany,22,22,17,16,17,25,24,,
2016,final,Malta,Hungary,6,14,15,12,16,19,19,,
2016,final,Malta,Israel,18,10,14,8,12,11,10,,
2016,final,Malta,Italy,4,3,4,4,3,5,5,,
2016,final,Malta,Latvia,19,15,20,13,14,12,22,,
2016,final,Malta,Lithuania,16,13,22,14,20,9,14,,
2016,final,Malta,Netherlands,8,17,11,15,25,20,13,,
2016,final,Malta,Poland,13,25,21,24,18,24,25,,
2016,final,Malta,Russia,2,7,8,5,5,13,3,,
2016,final,Malta,Serbia,21,19,19,23,15,16,15,,
2016,final,Malta,Spain,20,9,6,10,9,10,9,,
2016,final,Malta,Sweden,11,18,12,22,22,18,11,,
2016,final,Malta,Ukraine,7,24,25,18,23,14,23,,
2016,final,Malta,United Kingdom,10,1,1,2,4,1,2,,
2016,final,Moldova,Armenia,4,6,2,8,5,11,5,,
2016,final,Moldova,Australia,6,2,3,1,2,3,1,,
2016,final,Moldova,Austria,7,18,25,17,19,17,11,,
2016,final,Moldova,Azerbaijan,3,26,24,26,25,25,19,,
2016,final,Moldova,Belgium,15,16,19,16,8,16,22,,
2016,final,Moldova,Bulgaria,9,23,22,23,21,14,24,,
2016,final,Moldova,Croatia,24,10,8,15,15,2,15,,
2016,final,Moldova,Cyprus,16,9,5,11,12,7,16,,
2016,final,Moldova,Czechia,26,12,12,6,26,6,13,,
2016,final,Moldova,France,5,17,17,14,7,24,23,,
2016,final,Moldova,Georgia,23,25,26,25,23,12,26,,
2016,final,Moldova,Germany,18,22,23,13,24,23,20,,
2016,final,Moldova,Hungary,11,21,16,24,17,21,14,,
2016,final,Moldova,Israel,21,15,15,18,18,19,9,,
2016,final,Moldova,Italy,13,20,21,20,22,20,8,,
2016,final,Moldova,Latvia,10,14,14,21,16,10,17,,
2016,final,Moldova,Lithuania,8,7,11,12,6,8,6,,
2016,final,Moldova,Malta,19,8,9,9,10,13,7,,
2016,final,Moldova,Netherlands,25,19,20,19,11,22,18,,
2016,final,Moldova,Poland,14,24,18,22,20,26,21,,
2016,final,Moldova,Russia,1,4,4,10,3,9,3,,
2016,final,Moldova,Serbia,22,13,10,4,13,15,25,,
2016,final,Moldova,Spain,17,3,6,3,4,4,12,,
2016,final,Moldova,Sweden,12,5,7,5,9,5,4,,
2016,final,Moldova,Ukraine,2,1,1,2,1,1,2,,
2016,final,Moldova,United Kingdom,20,11,13,7,14,18,10,,
2016,final,Montenegro,Armenia,11,2,4,1,1,3,1,,
2016,final,Montenegro,Australia,13,7,6,10,9,7,10,,
2016,final,Montenegro,Austria,17,24,9,14,22,26,26,,
2016,final,Montenegro,Azerbaijan,4,15,13,6,15,24,22,,
2016,final,Montenegro,Belgium,16,8,11,22,11,5,5,,
2016,final,Montenegro,Bulgaria,6,9,12,5,19,11,11,,
2016,final,Montenegro,Croatia,5,14,10,13,6,22,23,,
2016,final,Montenegro,Cyprus,12,13,21,19,24,4,6,,
2016,final,Montenegro,Czechia,26,16,14,16,14,18,19,,
2016,final,Montenegro,France,10,6,7,15,8,6,4,,
2016,final,Montenegro,Georgia,22,21,16,20,23,21,13,,
2016,final,Montenegro,Germany,24,26,22,25,25,25,25,,
2016,final,Montenegro,Hungary,8,4,3,4,3,14,7,,
2016,final,Montenegro,Israel,20,12,24,11,18,9,9,,
2016,final,Montenegro,Italy,7,20,25,12,20,15,18,,
2016,final,Montenegro,Latvia,14,23,18,17,13,23,24,,
2016,final,Montenegro,Lithuania,9,18,20,21,12,16,17,,
2016,final,Montenegro,Malta,18,1,2,2,2,1,2,,
2016,final,Montenegro,Netherlands,23,22,26,18,21,20,8,,
2016,final,Montenegro,Poland,21,10,8,9,10,12,20,,
2016,final,Montenegro,Russia,2,3,1,3,4,2,3,,
2016,final,Montenegro,Serbia,1,5,5,7,5,8,12,,
2016,final,Montenegro,Spain,19,19,19,24,17,10,16,,
2016,final,Montenegro,Sweden,15,25,23,26,26,17,21,,
2016,final,Montenegro,Ukraine,3,11,17,8,7,19,15,,
2016,final,Montenegro,United Kingdom,25,17,15,23,16,13,14,,
2016,final,Netherlands,Armenia,3,9,10,11,9,4,18,,
2016,final,Netherlands,Australia,6,1,3,3,2,1,1,,
2016,final,Netherlands,Austria,5,3,1,8,13,3,6,,
2016,final,Netherlands,Azerbaijan,23,10,12,4,15,14,12,,
2016,final,Netherlands,Belgium,1,7,13,17,6,2,11,,
2016,final,Netherlands,Bulgaria,10,18,7,7,23,19,22,,
2016,final,Netherlands,Croatia,25,12,24,5,18,10,3,,
2016,final,Netherlands,Cyprus,15,16,23,14,5,21,13,,
2016,final,Netherlands,Czechia,24,11,6,10,7,12,24,,
2016,final,Netherlands,France,7,6,8,6,11,6,17,,
2016,final,Netherlands,Georgia,16,23,19,23,16,25,19,,
2016,final,Netherlands,Germany,19,19,14,12,25,20,8,,
2016,final,Netherlands,Hungary,13,17,11,18,10,15,23,,
2016,final,Netherlands,Israel,18,4,4,16,4,5,10,,
2016,final,Netherlands,Italy,20,5,5,9,14,7,7,,
2016,final,Netherlands,Latvia,17,15,17,15,19,22,2,,
2016,final,Netherlands,Lithuania,12,22,21,21,8,23,21,,
2016,final,Netherlands,Malta,22,21,20,20,22,13,14,,
2016,final,Netherlands,Poland,2,25,25,25,21,24,16,,
2016,final,Netherlands,Russia,8,13,15,19,3,8,20,,
2016,final,Netherlands,Serbia,21,20,16,24,17,16,15,,
2016,final,Netherlands,Spain,11,14,9,13,20,17,9,,
2016,final,Netherlands,Sweden,9,2,2,1,1,9,5,,
2016,final,Netherlands,Ukraine,4,8,22,2,12,11,4,,
2016,final,Netherlands,United Kingdom,14,24,18,22,24,18,25,,
2016,final,North Macedonia,Armenia,4,15,16,15,26,4,12,,
2016,final,North Macedonia,Australia,8,3,7,3,9,3,3,,
2016,final,North Macedonia,Austria,12,18,8,13,25,20,10,,
2016,final,North Macedonia,Azerbaijan,24,10,21,8,12,10,16,,
2016,final,North Macedonia,Belgium,7,7,19,11,4,13,7,,
2016,final,North Macedonia,Bulgaria,2,2,6,4,3,7,4,,
2016,final,North Macedonia,Croatia,6,5,9,6,7,14,11,,
2016,final,North Macedonia,Cyprus,17,25,23,25,19,25,18,,
2016,final,North Macedonia,Czechia,25,17,20,10,11,18,15,,
2016,final,North Macedonia,France,11,16,12,19,17,11,14,,
2016,final,North Macedonia,Georgia,26,26,26,26,24,26,20,,
2016,final,North Macedonia,Germany,23,24,18,17,16,23,25,,
2016,final,North Macedonia,Hungary,14,20,22,12,13,8,24,,
2016,final,North Macedonia,Israel,16,6,14,7,15,12,6,,
2016,final,North Macedonia,Italy,10,22,11,21,14,21,17,,
2016,final,North Macedonia,Latvia,13,8,17,22,10,6,5,,
2016,final,North Macedonia,Lithuania,18,19,24,5,21,5,22,,
2016,final,North Macedonia,Malta,21,23,25,14,23,15,19,,
2016,final,North Macedonia,Netherlands,19,9,5,24,2,24,8,,
2016,final,North Macedonia,Poland,9,12,2,9,18,17,23,,
2016,final,North Macedonia,Russia,3,11,1,18,22,19,9,,
2016,final,North Macedonia,Serbia,1,4,3,2,20,1,2,,
2016,final,North Macedonia,Spain,20,14,13,20,6,9,21,,
2016,final,North Macedonia,Sweden,15,13,10,23,1,22,13,,
2016,final,North Macedonia,Ukraine,5,1,4,1,5,2,1,,
2016,final,North Macedonia,United Kingdom,22,21,15,16,8,16,26,,
2016,final,Norway,Armenia,21,26,26,25,25,20,26,,
2016,final,Norway,Australia,3,2,10,3,5,3,4,,
2016,final,Norway,Austria,12,18,14,22,21,7,21,,
2016,final,Norway,Azerbaijan,22,17,8,16,14,18,20,,
2016,final,Norway,Belgium,9,6,9,1,8,8,12,,
2016,final,Norway,Bulgaria,6,3,2,7,1,15,1,,
2016,final,Norway,Croatia,25,16,18,18,18,13,8,,
2016,final,Norway,Cyprus,15,24,23,24,22,25,25,,
2016,final,Norway,Czechia,26,11,11,13,12,14,5,,
2016,final,Norway,France,10,14,12,21,11,6,19,,
2016,final,Norway,Georgia,20,20,24,12,20,22,9,,
2016,final,Norway,Germany,19,23,20,23,23,23,22,,
2016,final,Norway,Hungary,17,25,25,26,26,26,17,,
2016,final,Norway,Israel,18,8,5,6,15,11,15,,
2016,final,Norway,Italy,14,1,3,2,2,1,6,,
2016,final,Norway,Latvia,8,19,15,19,17,19,16,,
2016,final,Norway,Lithuania,1,9,17,4,6,4,24,,
2016,final,Norway,Malta,24,21,16,14,16,21,23,,
2016,final,Norway,Netherlands,11,5,7,5,4,2,10,,
2016,final,Norway,Poland,2,10,13,15,3,17,7,,
2016,final,Norway,Russia,5,13,1,17,19,10,11,,
2016,final,Norway,Serbia,23,22,19,20,24,24,18,,
2016,final,Norway,Spain,13,4,4,9,7,5,3,,
2016,final,Norway,Sweden,4,12,6,11,13,12,14,,
2016,final,Norway,Ukraine,7,7,21,10,9,9,2,,
2016,final,Norway,United Kingdom,16,15,22,8,10,16,13,,
2016,final,Poland,Armenia,9,11,15,18,8,5,15,,
2016,final,Poland,Australia,4,2,3,4,2,2,2,,
2016,final,Poland,Austria,7,24,25,25,24,25,6,,
2016,final,Poland,Azerbaijan,20,22,14,24,14,20,20,,
2016,final,Poland,Belgium,14,16,9,17,11,21,14,,
2016,final,Poland,Bulgaria,8,8,8,16,9,6,18,,
2016,final,Poland,Croatia,24,23,23,20,21,16,17,,
2016,final,Poland,Cyprus,10,25,24,12,25,23,24,,
2016,final,Poland,Czechia,19,7,10,21,5,7,11,,
2016,final,Poland,France,15,10,12,9,13,4,23,,
2016,final,Poland,Georgia,13,3,11,2,15,8,5,,
2016,final,Poland,Germany,21,21,21,23,23,13,8,,
2016,final,Poland,Hungary,5,18,20,6,22,10,19,,
2016,final,Poland,Israel,18,4,2,8,3,18,10,,
2016,final,Poland,Italy,16,15,17,13,17,12,9,,
2016,final,Poland,Latvia,6,5,4,10,7,11,12,,
2016,final,Poland,Lithuania,11,9,5,19,4,24,7,,
2016,final,Poland,Malta,23,20,13,22,16,9,21,,
2016,final,Poland,Netherlands,17,17,7,15,10,22,22,,
2016,final,Poland,Russia,3,13,18,7,19,17,3,,
2016,final,Poland,Serbia,25,19,16,14,20,14,16,,
2016,final,Poland,Spain,12,6,19,3,12,3,13,,
2016,final,Poland,Sweden,2,12,22,5,18,15,4,,
2016,final,Poland,Ukraine,1,1,1,1,1,1,1,,
2016,final,Poland,United Kingdom,22,14,6,11,6,19,25,,
2016,final,Russia,Armenia,1,1,1,3,1,1,3,,
2016,final,Russia,Australia,7,9,9,8,10,6,24,,
2016,final,Russia,Austria,3,19,16,17,17,11,21,,
2016,final,Russia,Azerbaijan,5,2,3,1,3,2,2,,
2016,final,Russia,Belgium,22,20,4,13,22,23,22,,
2016,final,Russia,Bulgaria,11,21,21,19,15,16,13,,
2016,final,Russia,Croatia,24,16,11,11,18,18,17,,
2016,final,Russia,Cyprus,4,7,12,10,11,7,4,,
2016,final,Russia,Czechia,23,14,13,14,5,22,18,,
2016,final,Russia,France,8,4,10,6,4,9,5,,
2016,final,Russia,Georgia,13,6,7,7,16,4,9,,
2016,final,Russia,Germany,21,18,15,21,14,13,15,,
2016,final,Russia,Hungary,12,10,19,2,12,15,12,,
2016,final,Russia,Israel,17,25,24,22,25,24,23,,
2016,final,Russia,Italy,14,11,8,12,13,8,20,,
2016,final,Russia,Latvia,10,8,5,5,9,20,7,,
2016,final,Russia,Lithuania,18,13,22,16,19,3,11,,
2016,final,Russia,Malta,19,3,2,4,2,12,1,,
2016,final,Russia,Netherlands,20,12,18,15,24,5,8,,
2016,final,Russia,Poland,6,23,25,24,23,25,10,,
2016,final,Russia,Serbia,16,22,20,23,20,21,19,,
2016,final,Russia,Spain,15,17,17,18,6,19,16,,
2016,final,Russia,Sweden,9,15,14,20,7,17,14,,
2016,final,Russia,Ukraine,2,24,23,25,21,14,25,,
2016,final,Russia,United Kingdom,25,5,6,9,8,10,6,,
2016,final,San Marino,Armenia,9,18,17,3,26,25,7,,
2016,final,San Marino,Australia,6,12,5,14,12,24,13,,
2016,final,San Marino,Austria,11,10,13,2,25,16,10,,
2016,final,San Marino,Azerbaijan,12,24,23,20,18,15,20,,
2016,final,San Marino,Belgium,20,16,26,21,8,8,12,,
2016,final,San Marino,Bulgaria,8,17,16,16,3,19,24,,
2016,final,San Marino,Croatia,26,15,19,9,23,18,4,,
2016,final,San Marino,Cyprus,15,6,4,13,11,12,6,,
2016,final,San Marino,Czechia,24,14,25,22,17,2,5,,
2016,final,San Marino,France,14,13,8,18,5,22,16,,
2016,final,San Marino,Georgia,18,5,1,4,20,11,8,,
2016,final,San Marino,Germany,22,23,14,25,13,21,19,,
2016,final,San Marino,Hungary,10,9,10,19,16,6,15,,
2016,final,San Marino,Israel,21,21,12,24,15,17,14,,
2016,final,San Marino,Italy,13,2,9,17,1,7,1,,
2016,final,San Marino,Latvia,5,19,24,7,9,13,25,,
2016,final,San Marino,Lithuania,3,20,7,11,24,14,26,,
2016,final,San Marino,Malta,23,8,22,6,7,10,18,,
2016,final,San Marino,Netherlands,17,7,18,23,2,3,2,,
2016,final,San Marino,Poland,4,26,21,26,21,23,9,,
2016,final,San Marino,Russia,2,4,2,10,4,4,23,,
2016,final,San Marino,Serbia,25,22,15,12,14,26,17,,
2016,final,San Marino,Spain,19,11,6,8,22,9,21,,
2016,final,San Marino,Sweden,7,25,20,15,19,20,22,,
2016,final,San Marino,Ukraine,1,1,3,1,6,1,3,,
2016,final,San Marino,United Kingdom,16,3,11,5,10,5,11,,
2016,final,Serbia,Armenia,9,8,4,6,14,21,7,,
2016,final,Serbia,Australia,5,5,8,7,8,3,6,,
2016,final,Serbia,Austria,11,24,25,18,25,18,25,,
2016,final,Serbia,Azerbaijan,21,17,21,22,15,11,16,,
2016,final,Serbia,Belgium,6,13,7,12,10,23,10,,
2016,final,Serbia,Bulgaria,3,7,14,8,4,6,14,,
2016,final,Serbia,Croatia,7,18,11,24,13,15,24,,
2016,final,Serbia,Cyprus,8,20,17,19,23,12,20,,
2016,final,Serbia,Czechia,24,21,22,23,17,17,19,,
2016,final,Serbia,France,12,19,13,16,22,19,18,,
2016,final,Serbia,Georgia,17,16,18,5,21,25,9,,
2016,final,Serbia,Germany,23,23,23,15,19,24,23,,
2016,final,Serbia,Hungary,2,22,20,21,18,20,21,,
2016,final,Serbia,Israel,16,4,5,14,2,8,2,,
2016,final,Serbia,Italy,15,12,19,4,11,14,12,,
2016,final,Serbia,Latvia,19,14,12,17,5,16,13,,
2016,final,Serbia,Lithuania,20,3,2,3,7,7,8,,
2016,final,Serbia,Malta,22,2,3,2,1,2,3,,
2016,final,Serbia,Netherlands,18,6,6,13,9,10,5,,
2016,final,Serbia,Poland,13,11,10,9,16,9,15,,
2016,final,Serbia,Russia,1,10,15,11,6,13,11,,
2016,final,Serbia,Spain,14,15,16,10,20,4,17,,
2016,final,Serbia,Sweden,10,25,24,20,24,22,22,,
2016,final,Serbia,Ukraine,4,1,1,1,3,1,1,,
2016,final,Serbia,United Kingdom,25,9,9,25,12,5,4,,
2016,final,Slovenia,Armenia,19,7,3,8,6,16,16,,
2016,final,Slovenia,Australia,8,5,4,2,7,14,10,,
2016,final,Slovenia,Austria,5,20,21,23,16,21,13,,
2016,final,Slovenia,Azerbaijan,25,25,22,25,24,19,24,,
2016,final,Slovenia,Belgium,11,3,2,3,3,10,7,,
2016,final,Slovenia,Bulgaria,9,2,11,1,2,6,2,,
2016,final,Slovenia,Croatia,3,12,12,14,14,13,9,,
2016,final,Slovenia,Cyprus,17,11,23,7,18,5,6,,
2016,final,Slovenia,Czechia,26,22,16,18,22,17,26,,
2016,final,Slovenia,France,12,13,15,17,5,22,5,,
2016,final,Slovenia,Georgia,21,14,8,15,10,26,8,,
2016,final,Slovenia,Germany,23,26,20,26,26,18,25,,
2016,final,Slovenia,Hungary,14,8,18,13,4,11,4,,
2016,final,Slovenia,Israel,20,9,14,5,12,7,19,,
2016,final,Slovenia,Italy,10,23,26,19,15,25,15,,
2016,final,Slovenia,Latvia,15,4,5,4,9,8,1,,
2016,final,Slovenia,Lithuania,13,16,9,24,21,4,11,,
2016,final,Slovenia,Malta,24,24,19,21,23,23,14,,
2016,final,Slovenia,Netherlands,16,10,7,12,13,9,18,,
2016,final,Slovenia,Poland,7,19,25,20,25,2,20,,
2016,final,Slovenia,Russia,2,17,24,16,19,1,17,,
2016,final,Slovenia,Serbia,1,6,6,9,8,12,12,,
2016,final,Slovenia,Spain,18,18,13,11,20,24,23,,
2016,final,Slovenia,Sweden,6,15,10,10,11,15,21,,
2016,final,Slovenia,Ukraine,4,1,1,6,1,3,3,,
2016,final,Slovenia,United Kingdom,22,21,17,22,17,20,22,,
2016,final,Spain,Armenia,5,1,1,1,1,2,2,,
2016,final,Spain,Australia,7,3,4,6,11,3,3,,
2016,final,Spain,Austria,9,22,14,24,24,14,25,,
2016,final,Spain,Azerbaijan,22,9,6,13,22,5,12,,
2016,final,Spain,Belgium,11,15,5,22,6,21,18,,
2016,final,Spain,Bulgaria,1,12,16,8,12,10,21,,
2016,final,Spain,Croatia,24,17,13,18,19,13,16,,
2016,final,Spain,Cyprus,14,19,24,12,20,8,17,,
2016,final,Spain,Czechia,23,11,19,11,17,4,13,,
2016,final,Spain,France,2,4,3,3,3,12,11,,
2016,final,Spain,Georgia,20,24,25,25,7,25,23,,
2016,final,Spain,Germany,17,23,20,21,21,22,20,,
2016,final,Spain,Hungary,16,2,2,4,10,7,1,,
2016,final,Spain,Israel,19,10,11,10,18,17,4,,
2016,final,Spain,Italy,8,6,7,9,9,6,10,,
2016,final,Spain,Latvia,18,13,12,15,8,19,14,,
2016,final,Spain,Lithuania,12,21,15,17,25,9,24,,
2016,final,Spain,Malta,21,5,9,5,5,11,9,,
2016,final,Spain,Netherlands,13,8,10,2,2,18,15,,
2016,final,Spain,Poland,6,25,21,19,23,23,22,,
2016,final,Spain,Russia,3,7,8,14,14,1,6,,
2016,final,Spain,Serbia,25,18,22,20,16,15,8,,
2016,final,Spain,Sweden,10,14,17,23,4,20,5,,
2016,final,Spain,Ukraine,4,20,18,16,13,16,19,,
2016,final,Spain,United Kingdom,15,16,23,7,15,24,7,,
2016,final,Sweden,Armenia,12,7,6,3,11,11,9,,
2016,final,Sweden,Australia,1,1,1,5,1,1,1,,
2016,final,Sweden,Austria,6,14,21,21,10,9,5,,
2016,final,Sweden,Azerbaijan,24,2,4,1,12,6,2,,
2016,final,Sweden,Belgium,13,11,9,13,9,16,10,,
2016,final,Sweden,Bulgaria,7,13,14,7,19,4,17,,
2016,final,Sweden,Croatia,22,12,18,15,8,7,11,,
2016,final,Sweden,Cyprus,14,21,13,22,24,12,23,,
2016,final,Sweden,Czechia,25,8,11,8,6,18,7,,
2016,final,Sweden,France,8,3,5,9,2,10,3,,
2016,final,Sweden,Georgia,20,24,22,17,23,24,24,,
2016,final,Sweden,Germany,21,23,23,25,20,20,16,,
2016,final,Sweden,Hungary,17,18,17,14,18,19,18,,
2016,final,Sweden,Israel,15,15,10,16,21,5,19,,
2016,final,Sweden,Italy,16,20,24,23,17,15,13,,
2016,final,Sweden,Latvia,11,17,16,12,14,17,25,,
2016,final,Sweden,Lithuania,5,9,7,18,13,2,12,,
2016,final,Sweden,Malta,23,4,3,4,4,14,8,,
2016,final,Sweden,Netherlands,9,6,12,10,5,3,6,,
2016,final,Sweden,Poland,2,25,25,24,25,21,20,,
2016,final,Sweden,Russia,3,5,8,6,7,8,4,,
2016,final,Sweden,Serbia,18,22,19,20,16,22,22,,
2016,final,Sweden,Spain,10,10,2,2,15,23,14,,
2016,final,Sweden,Ukraine,4,16,20,19,3,13,21,,
2016,final,Sweden,United Kingdom,19,19,15,11,22,25,15,,
2016,final,Switzerland,Armenia,17,19,19,8,25,22,14,,
2016,final,Switzerland,Australia,10,1,2,2,3,6,1,,
2016,final,Switzerland,Austria,2,7,15,5,24,1,2,,
2016,final,Switzerland,Azerbaijan,25,20,23,21,9,19,19,,
2016,final,Switzerland,Belgium,14,2,1,3,5,7,5,,
2016,final,Switzerland,Bulgaria,13,10,9,20,1,13,17,,
2016,final,Switzerland,Croatia,15,26,16,26,22,23,26,,
2016,final,Switzerland,Cyprus,19,24,22,25,15,25,20,,
2016,final,Switzerland,Czechia,24,16,12,18,8,21,21,,
2016,final,Switzerland,France,8,18,17,11,16,17,22,,
2016,final,Switzerland,Georgia,23,23,6,16,26,26,24,,
2016,final,Switzerland,Germany,3,15,14,23,6,15,18,,
2016,final,Switzerland,Hungary,16,22,25,22,11,14,25,,
2016,final,Switzerland,Israel,21,3,10,4,2,4,6,,
2016,final,Switzerland,Italy,4,9,3,19,20,3,9,,
2016,final,Switzerland,Latvia,20,8,4,7,7,20,10,,
2016,final,Switzerland,Lithuania,18,4,11,9,4,2,4,,
2016,final,Switzerland,Malta,26,21,21,17,23,16,15,,
2016,final,Switzerland,Netherlands,12,6,13,6,10,5,11,,
2016,final,Switzerland,Poland,6,25,24,24,13,24,23,,
2016,final,Switzerland,Russia,5,17,26,13,21,8,12,,
2016,final,Switzerland,Serbia,1,13,7,10,14,18,16,,
2016,final,Switzerland,Spain,9,14,20,15,17,11,8,,
2016,final,Switzerland,Sweden,11,11,18,12,12,12,7,,
2016,final,Switzerland,Ukraine,7,5,5,1,18,10,3,,
2016,final,Switzerland,United Kingdom,22,12,8,14,19,9,13,,
2016,final,Ukraine,Armenia,4,15,7,20,17,21,13,,
2016,final,Ukraine,Australia,7,6,8,6,2,11,7,,
2016,final,Ukraine,Austria,12,19,15,19,16,19,19,,
2016,final,Ukraine,Azerbaijan,2,4,3,4,11,4,2,,
2016,final,Ukraine,Belgium,18,2,1,3,1,1,5,,
2016,final,Ukraine,Bulgaria,9,10,10,9,5,15,12,,
2016,final,Ukraine,Croatia,24,23,17,22,22,18,25,,
2016,final,Ukraine,Cyprus,11,25,25,25,25,25,23,,
2016,final,Ukraine,Czechia,21,14,14,15,18,12,15,,
2016,final,Ukraine,France,14,13,22,11,10,13,14,,
2016,final,Ukraine,Georgia,5,8,11,8,15,5,8,,
2016,final,Ukraine,Germany,20,24,23,24,24,23,22,,
2016,final,Ukraine,Hungary,13,9,5,10,6,17,9,,
2016,final,Ukraine,Israel,16,5,6,5,7,3,3,,
2016,final,Ukraine,Italy,17,21,21,23,21,16,20,,
2016,final,Ukraine,Latvia,6,3,4,2,4,6,4,,
2016,final,Ukraine,Lithuania,8,1,2,1,3,2,1,,
2016,final,Ukraine,Malta,19,20,20,17,19,22,18,,
2016,final,Ukraine,Netherlands,22,12,13,16,14,7,16,,
2016,final,Ukraine,Poland,3,11,16,12,9,9,6,,
2016,final,Ukraine,Russia,1,22,24,21,12,24,21,,
2016,final,Ukraine,Serbia,25,17,18,13,20,14,17,,
2016,final,Ukraine,Spain,15,16,12,14,23,20,11,,
2016,final,Ukraine,Sweden,10,7,9,7,8,8,10,,
2016,final,Ukraine,United Kingdom,23,18,19,18,13,10,24,,
2016,final,United Kingdom,Armenia,18,20,22,24,15,18,7,,
2016,final,United Kingdom,Australia,5,3,6,4,3,12,6,,
2016,final,United Kingdom,Austria,13,17,15,18,23,13,12,,
2016,final,United Kingdom,Azerbaijan,23,25,23,21,25,22,25,,
2016,final,United Kingdom,Belgium,14,11,3,10,14,7,20,,
2016,final,United Kingdom,Bulgaria,3,6,4,3,10,9,21,,
2016,final,United Kingdom,Croatia,25,10,12,5,21,6,10,,
2016,final,United Kingdom,Cyprus,9,4,7,11,1,16,2,,
2016,final,United Kingdom,Czechia,22,19,17,15,12,24,17,,
2016,final,United Kingdom,France,11,5,10,7,6,11,5,,
2016,final,United Kingdom,Georgia,19,1,2,2,2,1,3,,
2016,final,United Kingdom,Germany,21,23,24,23,19,14,19,,
2016,final,United Kingdom,Hungary,16,16,14,20,4,15,23,,
2016,final,United Kingdom,Israel,17,8,5,9,5,19,14,,
2016,final,United Kingdom,Italy,20,22,20,22,13,25,18,,
2016,final,United Kingdom,Latvia,8,15,9,12,22,20,4,,
2016,final,United Kingdom,Lithuania,1,7,8,19,7,3,13,,
2016,final,United Kingdom,Malta,15,12,13,17,18,4,8,,
2016,final,United Kingdom,Netherlands,12,14,19,8,8,17,15,,
2016,final,United Kingdom,Poland,2,18,21,14,16,8,24,,
2016,final,United Kingdom,Russia,4,13,16,13,20,2,11,,
2016,final,United Kingdom,Serbia,24,9,11,6,9,10,16,,
2016,final,United Kingdom,Spain,7,21,18,16,17,21,22,,
2016,final,United Kingdom,Sweden,10,24,25,25,24,23,9,,
2016,final,United Kingdom,Ukraine,6,2,1,1,11,5,1,,
2017,semi-final-1,Albania,Armenia,13,2,5,5,2,7,3,,
2017,semi-final-1,Albania,Australia,10,6,7,9,5,2,12,,
2017,semi-final-1,Albania,Azerbaijan,12,4,2,3,10,6,5,,
2017,semi-final-1,Albania,Belgium,3,8,6,15,1,3,14,,
2017,semi-final-1,Albania,Cyprus,8,13,13,14,9,13,6,,
2017,semi-final-1,Albania,Czechia,16,16,14,16,14,12,15,,
2017,semi-final-1,Albania,Finland,6,12,15,10,7,9,13,,
2017,semi-final-1,Albania,Georgia,17,10,16,8,8,10,4,,
2017,semi-final-1,Albania,Greece,5,3,1,4,11,8,1,,
2017,semi-final-1,Albania,Iceland,7,17,17,12,13,17,17,,
2017,semi-final-1,Albania,Latvia,14,15,12,7,17,16,16,,
2017,semi-final-1,Albania,Moldova,4,1,4,1,6,4,2,,
2017,semi-final-1,Albania,Montenegro,11,11,10,2,16,14,10,,
2017,semi-final-1,Albania,Poland,9,9,3,6,12,11,9,,
2017,semi-final-1,Albania,Portugal,1,5,11,11,3,1,8,,
2017,semi-final-1,Albania,Slovenia,15,14,9,17,15,15,11,,
2017,semi-final-1,Albania,Sweden,2,7,8,13,4,5,7,,
2017,semi-final-1,Armenia,Albania,12,16,16,16,13,16,15,,
2017,semi-final-1,Armenia,Australia,8,10,12,10,14,7,8,,
2017,semi-final-1,Armenia,Azerbaijan,16,17,17,17,17,17,17,,
2017,semi-final-1,Armenia,Belgium,5,13,13,14,7,15,14,,
2017,semi-final-1,Armenia,Cyprus,1,1,1,1,1,1,1,,
2017,semi-final-1,Armenia,Czechia,11,7,5,12,9,9,6,,
2017,semi-final-1,Armenia,Finland,14,12,10,8,12,13,11,,
2017,semi-final-1,Armenia,Georgia,3,5,2,9,5,6,5,,
2017,semi-final-1,Armenia,Greece,6,2,4,2,2,2,2,,
2017,semi-final-1,Armenia,Iceland,13,8,6,7,10,11,10,,
2017,semi-final-1,Armenia,Latvia,17,14,15,13,15,8,13,,
2017,semi-final-1,Armenia,Moldova,2,3,3,3,3,3,3,,
2017,semi-final-1,Armenia,Montenegro,10,15,14,15,16,14,16,,
2017,semi-final-1,Armenia,Poland,9,9,9,6,11,12,9,,
2017,semi-final-1,Armenia,Portugal,4,4,7,5,4,4,4,,
2017,semi-final-1,Armenia,Slovenia,15,11,11,11,8,10,12,,
2017,semi-final-1,Armenia,Sweden,7,6,8,4,6,5,7,,
2017,semi-final-1,Australia,Albania,16,17,17,17,16,17,17,,
2017,semi-final-1,Australia,Armenia,6,6,3,9,3,6,11,,
2017,semi-final-1,Australia,Azerbaijan,10,8,7,10,13,9,4,,
2017,semi-final-1,Australia,Belgium,7,15,14,7,15,10,15,,
2017,semi-final-1,Australia,Cyprus,5,14,11,11,10,13,14,,
2017,semi-final-1,Australia,Czechia,13,7,9,6,1,7,13,,
2017,semi-final-1,Australia,Finland,9,4,4,5,12,3,5,,
2017,semi-final-1,Australia,Georgia,17,12,16,12,6,15,6,,
2017,semi-final-1,Australia,Greece,8,10,10,13,11,4,12,,
2017,semi-final-1,Australia,Iceland,11,9,5,14,9,12,7,,
2017,semi-final-1,Australia,Latvia,12,13,13,8,14,11,10,,
2017,semi-final-1,Australia,Moldova,1,2,1,3,7,2,2,,
2017,semi-final-1,Australia,Montenegro,4,16,15,16,17,16,16,,
2017,semi-final-1,Australia,Poland,15,1,2,1,5,5,1,,
2017,semi-final-1,Australia,Portugal,2,5,8,4,2,8,8,,
2017,semi-final-1,Australia,Slovenia,14,11,12,15,8,14,3,,
2017,semi-final-1,Australia,Sweden,3,3,6,2,4,1,9,,
2017,semi-final-1,Azerbaijan,Albania,8,2,4,2,2,1,3,,
2017,semi-final-1,Azerbaijan,Armenia,17,17,17,17,17,17,17,,
2017,semi-final-1,Azerbaijan,Australia,9,4,3,5,4,4,2,,
2017,semi-final-1,Azerbaijan,Belgium,4,14,14,14,15,15,14,,
2017,semi-final-1,Azerbaijan,Cyprus,11,16,16,16,16,16,16,,
2017,semi-final-1,Azerbaijan,Czechia,14,7,6,9,7,7,6,,
2017,semi-final-1,Azerbaijan,Finland,16,11,11,11,10,11,10,,
2017,semi-final-1,Azerbaijan,Georgia,1,5,5,6,3,6,5,,
2017,semi-final-1,Azerbaijan,Greece,13,15,15,15,14,14,15,,
2017,semi-final-1,Azerbaijan,Iceland,12,9,10,7,8,8,9,,
2017,semi-final-1,Azerbaijan,Latvia,7,10,9,10,11,10,11,,
2017,semi-final-1,Azerbaijan,Moldova,2,6,7,8,6,5,7,,
2017,semi-final-1,Azerbaijan,Montenegro,6,3,2,3,5,3,4,,
2017,semi-final-1,Azerbaijan,Poland,10,8,8,4,9,9,8,,
2017,semi-final-1,Azerbaijan,Portugal,3,1,1,1,1,2,1,,
2017,semi-final-1,Azerbaijan,Slovenia,15,12,13,12,12,12,12,,
2017,semi-final-1,Azerbaijan,Sweden,5,13,12,13,13,13,13,,
2017,semi-final-1,Belgium,Albania,12,14,17,17,13,14,3,,
2017,semi-final-1,Belgium,Armenia,4,13,10,10,17,12,12,,
2017,semi-final-1,Belgium,Australia,10,2,3,5,1,4,2,,
2017,semi-final-1,Belgium,Azerbaijan,15,6,4,1,7,2,16,,
2017,semi-final-1,Belgium,Cyprus,7,3,5,4,5,3,6,,
2017,semi-final-1,Belgium,Czechia,13,5,7,3,3,8,8,,
2017,semi-final-1,Belgium,Finland,8,11,16,11,8,11,10,,
2017,semi-final-1,Belgium,Georgia,16,8,11,9,10,9,4,,
2017,semi-final-1,Belgium,Greece,5,12,14,12,16,10,9,,
2017,semi-final-1,Belgium,Iceland,11,9,8,8,9,7,13,,
2017,semi-final-1,Belgium,Latvia,17,16,15,16,11,17,14,,
2017,semi-final-1,Belgium,Moldova,2,10,9,14,6,15,7,,
2017,semi-final-1,Belgium,Montenegro,14,17,12,15,14,16,17,,
2017,semi-final-1,Belgium,Poland,3,7,6,7,12,5,5,,
2017,semi-final-1,Belgium,Portugal,1,4,2,6,4,6,11,,
2017,semi-final-1,Belgium,Slovenia,9,15,13,13,15,13,15,,
2017,semi-final-1,Belgium,Sweden,6,1,1,2,2,1,1,,
2017,semi-final-1,Cyprus,Albania,17,16,17,16,15,16,16,,
2017,semi-final-1,Cyprus,Armenia,3,6,10,6,7,6,5,,
2017,semi-final-1,Cyprus,Australia,9,4,8,8,6,3,2,,
2017,semi-final-1,Cyprus,Azerbaijan,2,7,12,9,4,5,7,,
2017,semi-final-1,Cyprus,Belgium,7,8,3,10,10,9,9,,
2017,semi-final-1,Cyprus,Czechia,15,10,9,13,13,8,8,,
2017,semi-final-1,Cyprus,Finland,12,5,4,7,5,10,4,,
2017,semi-final-1,Cyprus,Georgia,10,14,6,14,12,17,14,,
2017,semi-final-1,Cyprus,Greece,1,1,2,1,2,1,6,,
2017,semi-final-1,Cyprus,Iceland,13,11,7,15,9,12,10,,
2017,semi-final-1,Cyprus,Latvia,11,15,11,12,11,15,15,,
2017,semi-final-1,Cyprus,Moldova,4,12,15,4,16,11,11,,
2017,semi-final-1,Cyprus,Montenegro,16,17,16,17,17,13,17,,
2017,semi-final-1,Cyprus,Poland,8,9,13,11,8,4,12,,
2017,semi-final-1,Cyprus,Portugal,5,2,1,3,1,7,1,,
2017,semi-final-1,Cyprus,Slovenia,14,13,14,5,14,14,13,,
2017,semi-final-1,Cyprus,Sweden,6,3,5,2,3,2,3,,
2017,semi-final-1,Czechia,Albania,15,16,13,16,14,15,13,,
2017,semi-final-1,Czechia,Armenia,6,15,12,13,12,11,15,,
2017,semi-final-1,Czechia,Australia,12,1,1,3,1,3,1,,
2017,semi-final-1,Czechia,Azerbaijan,1,7,16,6,8,6,7,,
2017,semi-final-1,Czechia,Belgium,5,8,14,11,6,8,10,,
2017,semi-final-1,Czechia,Cyprus,7,6,3,15,4,7,12,,
2017,semi-final-1,Czechia,Finland,8,10,11,12,11,9,8,,
2017,semi-final-1,Czechia,Georgia,16,14,9,17,13,14,9,,
2017,semi-final-1,Czechia,Greece,11,12,17,10,10,5,14,,
2017,semi-final-1,Czechia,Iceland,13,11,6,8,17,13,11,,
2017,semi-final-1,Czechia,Latvia,14,17,10,14,16,17,16,,
2017,semi-final-1,Czechia,Moldova,2,5,5,5,9,10,5,,
2017,semi-final-1,Czechia,Montenegro,17,9,15,7,7,16,6,,
2017,semi-final-1,Czechia,Poland,3,3,4,4,5,2,2,,
2017,semi-final-1,Czechia,Portugal,4,4,8,2,3,4,4,,
2017,semi-final-1,Czechia,Slovenia,10,13,7,9,15,12,17,,
2017,semi-final-1,Czechia,Sweden,9,2,2,1,2,1,3,,
2017,semi-final-1,Finland,Albania,16,16,16,13,12,17,11,,
2017,semi-final-1,Finland,Armenia,7,7,8,5,8,9,10,,
2017,semi-final-1,Finland,Australia,12,3,4,4,6,1,2,,
2017,semi-final-1,Finland,Azerbaijan,14,13,11,8,14,15,13,,
2017,semi-final-1,Finland,Belgium,2,11,12,10,10,16,3,,
2017,semi-final-1,Finland,Cyprus,5,4,7,3,4,4,9,,
2017,semi-final-1,Finland,Czechia,13,12,9,12,16,11,7,,
2017,semi-final-1,Finland,Georgia,17,8,13,7,3,6,14,,
2017,semi-final-1,Finland,Greece,15,14,15,14,9,12,16,,
2017,semi-final-1,Finland,Iceland,6,6,6,6,13,10,4,,
2017,semi-final-1,Finland,Latvia,10,15,17,17,15,7,12,,
2017,semi-final-1,Finland,Moldova,3,5,3,9,5,5,17,,
2017,semi-final-1,Finland,Montenegro,8,17,14,16,17,14,15,,
2017,semi-final-1,Finland,Poland,11,9,10,11,2,13,8,,
2017,semi-final-1,Finland,Portugal,1,2,1,2,7,3,1,,
2017,semi-final-1,Finland,Slovenia,9,10,5,15,11,8,6,,
2017,semi-final-1,Finland,Sweden,4,1,2,1,1,2,5,,
2017,semi-final-1,Georgia,Albania,16,17,14,17,17,15,17,,
2017,semi-final-1,Georgia,Armenia,2,4,10,4,3,4,11,,
2017,semi-final-1,Georgia,Australia,12,5,9,3,12,3,9,,
2017,semi-final-1,Georgia,Azerbaijan,1,2,6,2,4,2,1,,
2017,semi-final-1,Georgia,Belgium,6,13,8,15,16,14,3,,
2017,semi-final-1,Georgia,Cyprus,4,6,13,9,7,5,2,,
2017,semi-final-1,Georgia,Czechia,17,10,5,11,14,7,12,,
2017,semi-final-1,Georgia,Finland,11,11,11,5,15,13,6,,
2017,semi-final-1,Georgia,Greece,9,15,16,8,13,17,7,,
2017,semi-final-1,Georgia,Iceland,10,9,7,12,9,8,10,,
2017,semi-final-1,Georgia,Latvia,15,16,15,13,8,11,16,,
2017,semi-final-1,Georgia,Moldova,5,8,12,6,5,9,14,,
2017,semi-final-1,Georgia,Montenegro,14,14,3,16,11,16,15,,
2017,semi-final-1,Georgia,Poland,8,12,17,10,10,10,8,,
2017,semi-final-1,Georgia,Portugal,3,1,1,1,1,1,4,,
2017,semi-final-1,Georgia,Slovenia,13,7,4,14,2,6,13,,
2017,semi-final-1,Georgia,Sweden,7,3,2,7,6,12,5,,
2017,semi-final-1,Greece,Albania,6,2,4,6,5,3,5,,
2017,semi-final-1,Greece,Armenia,3,1,1,7,3,2,3,,
2017,semi-final-1,Greece,Australia,13,11,11,9,11,5,11,,
2017,semi-final-1,Greece,Azerbaijan,11,3,7,2,7,4,4,,
2017,semi-final-1,Greece,Belgium,7,10,2,17,2,11,14,,
2017,semi-final-1,Greece,Cyprus,1,5,15,3,4,7,2,,
2017,semi-final-1,Greece,Czechia,17,15,14,13,15,13,17,,
2017,semi-final-1,Greece,Finland,10,13,8,14,13,10,10,,
2017,semi-final-1,Greece,Georgia,5,7,6,8,9,9,8,,
2017,semi-final-1,Greece,Iceland,14,17,17,15,17,17,16,,
2017,semi-final-1,Greece,Latvia,15,12,10,4,14,12,9,,
2017,semi-final-1,Greece,Moldova,4,8,5,12,8,8,7,,
2017,semi-final-1,Greece,Montenegro,16,4,3,5,6,6,6,,
2017,semi-final-1,Greece,Poland,9,14,9,10,10,15,13,,
2017,semi-final-1,Greece,Portugal,2,6,12,11,1,14,1,,
2017,semi-final-1,Greece,Slovenia,12,16,13,16,16,16,15,,
2017,semi-final-1,Greece,Sweden,8,9,16,1,12,1,12,,
2017,semi-final-1,Iceland,Albania,15,14,8,16,11,15,13,,
2017,semi-final-1,Iceland,Armenia,12,13,15,4,9,14,14,,
2017,semi-final-1,Iceland,Australia,5,2,5,2,3,2,7,,
2017,semi-final-1,Iceland,Azerbaijan,14,5,6,10,5,10,2,,
2017,semi-final-1,Iceland,Belgium,4,9,9,12,4,12,6,,
2017,semi-final-1,Iceland,Cyprus,7,7,7,7,6,7,10,,
2017,semi-final-1,Iceland,Czechia,13,6,2,14,12,3,4,,
2017,semi-final-1,Iceland,Finland,8,8,11,11,2,11,8,,
2017,semi-final-1,Iceland,Georgia,16,4,4,6,10,5,3,,
2017,semi-final-1,Iceland,Greece,11,10,13,8,7,8,9,,
2017,semi-final-1,Iceland,Latvia,10,17,17,15,16,16,17,,
2017,semi-final-1,Iceland,Moldova,3,11,10,9,13,6,12,,
2017,semi-final-1,Iceland,Montenegro,9,16,16,13,17,17,16,,
2017,semi-final-1,Iceland,Poland,6,12,14,3,14,9,11,,
2017,semi-final-1,Iceland,Portugal,1,1,1,1,1,1,1,,
2017,semi-final-1,Iceland,Slovenia,17,15,12,17,15,13,15,,
2017,semi-final-1,Iceland,Sweden,2,3,3,5,8,4,5,,
2017,semi-final-1,Italy,Albania,4,3,2,4,9,5,1,,
2017,semi-final-1,Italy,Armenia,12,5,4,10,5,1,6,,
2017,semi-final-1,Italy,Australia,15,10,13,9,6,14,11,,
2017,semi-final-1,Italy,Azerbaijan,17,1,1,3,4,3,2,,
2017,semi-final-1,Italy,Belgium,5,6,5,2,3,4,13,,
2017,semi-final-1,Italy,Cyprus,8,8,10,8,7,10,4,,
2017,semi-final-1,Italy,Czechia,18,15,18,13,12,16,10,,
2017,semi-final-1,Italy,Finland,11,12,12,14,11,13,12,,
2017,semi-final-1,Italy,Georgia,9,9,7,5,14,15,8,,
2017,semi-final-1,Italy,Greece,7,11,8,12,17,9,15,,
2017,semi-final-1,Italy,Iceland,13,16,11,16,15,11,16,,
2017,semi-final-1,Italy,Latvia,16,17,17,17,13,18,17,,
2017,semi-final-1,Italy,Moldova,1,4,6,6,8,2,3,,
2017,semi-final-1,Italy,Montenegro,6,14,14,15,10,7,18,,
2017,semi-final-1,Italy,Poland,3,13,15,11,16,12,9,,
2017,semi-final-1,Italy,Portugal,2,7,9,7,1,8,7,,
2017,semi-final-1,Italy,Slovenia,14,18,16,18,18,17,14,,
2017,semi-final-1,Italy,Sweden,10,2,3,1,2,6,5,,
2017,semi-final-1,Latvia,Albania,17,17,16,17,17,17,16,,
2017,semi-final-1,Latvia,Armenia,10,7,11,4,7,7,7,,
2017,semi-final-1,Latvia,Australia,12,2,6,3,2,3,2,,
2017,semi-final-1,Latvia,Azerbaijan,9,10,12,7,15,12,4,,
2017,semi-final-1,Latvia,Belgium,2,6,2,9,13,5,5,,
2017,semi-final-1,Latvia,Cyprus,5,15,15,15,12,10,13,,
2017,semi-final-1,Latvia,Czechia,14,4,4,2,3,8,10,,
2017,semi-final-1,Latvia,Finland,6,11,3,10,14,15,8,,
2017,semi-final-1,Latvia,Georgia,13,12,10,12,11,11,11,,
2017,semi-final-1,Latvia,Greece,15,13,9,13,9,13,15,,
2017,semi-final-1,Latvia,Iceland,7,3,5,5,5,2,6,,
2017,semi-final-1,Latvia,Moldova,3,5,7,8,4,6,3,,
2017,semi-final-1,Latvia,Montenegro,16,16,17,16,16,16,17,,
2017,semi-final-1,Latvia,Poland,8,8,8,11,8,9,9,,
2017,semi-final-1,Latvia,Portugal,1,1,1,1,1,1,1,,
2017,semi-final-1,Latvia,Slovenia,11,14,14,14,6,14,14,,
2017,semi-final-1,Latvia,Sweden,4,9,13,6,10,4,12,,
2017,semi-final-1,Moldova,Albania,2,13,11,16,10,6,17,,
2017,semi-final-1,Moldova,Armenia,7,2,5,2,2,4,4,,
2017,semi-final-1,Moldova,Australia,15,5,7,7,5,7,3,,
2017,semi-final-1,Moldova,Azerbaijan,1,7,15,3,6,9,12,,
2017,semi-final-1,Moldova,Belgium,12,12,14,6,13,12,15,,
2017,semi-final-1,Moldova,Cyprus,4,15,13,15,14,15,6,,
2017,semi-final-1,Moldova,Czechia,17,14,6,14,15,11,14,,
2017,semi-final-1,Moldova,Finland,16,8,12,4,7,14,10,,
2017,semi-final-1,Moldova,Georgia,9,6,3,10,8,2,9,,
2017,semi-final-1,Moldova,Greece,11,4,4,5,4,5,8,,
2017,semi-final-1,Moldova,Iceland,14,9,8,9,11,10,13,,
2017,semi-final-1,Moldova,Latvia,6,16,9,11,17,16,11,,
2017,semi-final-1,Moldova,Montenegro,3,17,17,17,16,17,16,,
2017,semi-final-1,Moldova,Poland,8,10,10,12,9,13,7,,
2017,semi-final-1,Moldova,Portugal,5,1,1,1,1,1,1,,
2017,semi-final-1,Moldova,Slovenia,13,11,16,13,12,8,5,,
2017,semi-final-1,Moldova,Sweden,10,3,2,8,3,3,2,,
2017,semi-final-1,Montenegro,Albania,1,2,1,8,1,7,10,,
2017,semi-final-1,Montenegro,Armenia,14,3,11,4,4,12,3,,
2017,semi-final-1,Montenegro,Australia,10,8,10,1,17,10,2,,
2017,semi-final-1,Montenegro,Azerbaijan,5,4,4,11,11,5,5,,
2017,semi-final-1,Montenegro,Belgium,9,13,14,14,7,4,15,,
2017,semi-final-1,Montenegro,Cyprus,6,14,3,16,12,11,14,,
2017,semi-final-1,Montenegro,Czechia,15,9,5,13,3,15,11,,
2017,semi-final-1,Montenegro,Finland,17,17,16,15,5,17,16,,
2017,semi-final-1,Montenegro,Georgia,16,12,15,10,14,3,8,,
2017,semi-final-1,Montenegro,Greece,7,1,8,5,8,1,1,,
2017,semi-final-1,Montenegro,Iceland,11,11,7,17,10,2,13,,
2017,semi-final-1,Montenegro,Latvia,12,15,6,12,6,16,17,,
2017,semi-final-1,Montenegro,Moldova,2,6,12,7,9,6,4,,
2017,semi-final-1,Montenegro,Poland,13,16,17,9,13,13,9,,
2017,semi-final-1,Montenegro,Portugal,4,7,2,6,15,9,7,,
2017,semi-final-1,Montenegro,Slovenia,3,10,9,3,16,8,12,,
2017,semi-final-1,Montenegro,Sweden,8,5,13,2,2,14,6,,
2017,semi-final-1,Poland,Albania,17,15,15,10,15,16,13,,
2017,semi-final-1,Poland,Armenia,5,5,5,5,6,12,3,,
2017,semi-final-1,Poland,Australia,13,3,9,3,4,3,1,,
2017,semi-final-1,Poland,Azerbaijan,12,11,11,12,14,6,6,,
2017,semi-final-1,Poland,Belgium,3,4,3,1,9,4,9,,
2017,semi-final-1,Poland,Cyprus,4,12,8,8,13,15,8,,
2017,semi-final-1,Poland,Czechia,11,8,14,7,7,5,12,,
2017,semi-final-1,Poland,Finland,7,10,10,11,11,11,4,,
2017,semi-final-1,Poland,Georgia,16,2,1,6,1,1,5,,
2017,semi-final-1,Poland,Greece,9,9,2,14,10,10,11,,
2017,semi-final-1,Poland,Iceland,10,14,12,13,8,13,7,,
2017,semi-final-1,Poland,Latvia,15,16,16,17,16,14,14,,
2017,semi-final-1,Poland,Moldova,2,13,13,4,12,7,17,,
2017,semi-final-1,Poland,Montenegro,14,17,17,16,17,17,15,,
2017,semi-final-1,Poland,Portugal,1,1,4,2,2,2,2,,
2017,semi-final-1,Poland,Slovenia,8,6,6,15,5,8,10,,
2017,semi-final-1,Poland,Sweden,6,7,7,9,3,9,16,,
2017,semi-final-1,Portugal,Albania,17,17,15,15,17,15,17,,
2017,semi-final-1,Portugal,Armenia,14,7,6,12,7,3,14,,
2017,semi-final-1,Portugal,Australia,12,5,7,5,3,8,2,,
2017,semi-final-1,Portugal,Azerbaijan,10,3,1,3,13,5,1,,
2017,semi-final-1,Portugal,Belgium,3,13,11,4,15,16,15,,
2017,semi-final-1,Portugal,Cyprus,8,12,16,11,4,13,10,,
2017,semi-final-1,Portugal,Czechia,9,1,5,1,1,1,4,,
2017,semi-final-1,Portugal,Finland,4,4,2,7,6,6,3,,
2017,semi-final-1,Portugal,Georgia,5,8,4,14,11,4,12,,
2017,semi-final-1,Portugal,Greece,6,9,10,8,12,9,7,,
2017,semi-final-1,Portugal,Iceland,11,11,12,10,8,14,8,,
2017,semi-final-1,Portugal,Latvia,15,14,13,9,16,11,13,,
2017,semi-final-1,Portugal,Moldova,1,2,8,2,2,2,6,,
2017,semi-final-1,Portugal,Montenegro,16,15,17,17,9,17,11,,
2017,semi-final-1,Portugal,Poland,13,10,9,13,10,10,9,,
2017,semi-final-1,Portugal,Slovenia,7,16,14,16,14,12,16,,
2017,semi-final-1,Portugal,Sweden,2,6,3,6,5,7,5,,
2017,semi-final-1,Slovenia,Albania,10,13,11,12,15,11,10,,
2017,semi-final-1,Slovenia,Armenia,14,10,8,11,7,13,6,,
2017,semi-final-1,Slovenia,Australia,8,1,2,2,3,2,9,,
2017,semi-final-1,Slovenia,Azerbaijan,4,8,6,9,11,10,4,,
2017,semi-final-1,Slovenia,Belgium,3,9,9,3,13,4,14,,
2017,semi-final-1,Slovenia,Cyprus,7,14,15,14,6,17,16,,
2017,semi-final-1,Slovenia,Czechia,13,2,3,5,4,9,1,,
2017,semi-final-1,Slovenia,Finland,9,5,4,4,10,5,5,,
2017,semi-final-1,Slovenia,Georgia,17,6,1,7,9,8,3,,
2017,semi-final-1,Slovenia,Greece,12,15,16,15,14,14,11,,
2017,semi-final-1,Slovenia,Iceland,11,11,10,8,12,12,7,,
2017,semi-final-1,Slovenia,Latvia,16,16,14,13,16,16,15,,
2017,semi-final-1,Slovenia,Moldova,2,12,13,16,8,7,13,,
2017,semi-final-1,Slovenia,Montenegro,5,17,17,17,17,15,17,,
2017,semi-final-1,Slovenia,Poland,15,7,7,6,5,6,8,,
2017,semi-final-1,Slovenia,Portugal,1,3,5,10,2,3,2,,
2017,semi-final-1,Slovenia,Sweden,6,4,12,1,1,1,12,,
2017,semi-final-1,Spain,Albania,16,16,15,16,16,12,15,,
2017,semi-final-1,Spain,Armenia,7,13,8,9,14,16,9,,
2017,semi-final-1,Spain,Australia,17,3,3,6,5,3,3,,
2017,semi-final-1,Spain,Azerbaijan,15,6,7,7,4,7,5,,
2017,semi-final-1,Spain,Belgium,3,9,4,15,13,10,10,,
2017,semi-final-1,Spain,Cyprus,12,15,16,12,12,15,16,,
2017,semi-final-1,Spain,Czechia,14,2,2,1,1,2,8,,
2017,semi-final-1,Spain,Finland,6,14,10,14,17,14,14,,
2017,semi-final-1,Spain,Georgia,18,11,14,8,8,11,13,,
2017,semi-final-1,Spain,Greece,11,5,12,4,6,6,1,,
2017,semi-final-1,Spain,Iceland,4,10,13,10,9,9,12,,
2017,semi-final-1,Spain,Latvia,9,17,17,17,15,18,17,,
2017,semi-final-1,Spain,Moldova,2,4,5,2,7,5,4,,
2017,semi-final-1,Spain,Montenegro,10,18,18,18,18,17,18,,
2017,semi-final-1,Spain,Poland,8,12,9,11,11,13,11,,
2017,semi-final-1,Spain,Portugal,1,1,1,3,2,1,2,,
2017,semi-final-1,Spain,Slovenia,13,7,11,5,3,8,6,,
2017,semi-final-1,Spain,Sweden,5,8,6,13,10,4,7,,
2017,semi-final-1,Sweden,Albania,15,14,13,16,10,7,17,,
2017,semi-final-1,Sweden,Armenia,8,13,4,15,16,8,13,,
2017,semi-final-1,Sweden,Australia,9,1,3,6,1,3,1,,
2017,semi-final-1,Sweden,Azerbaijan,16,11,6,8,15,12,12,,
2017,semi-final-1,Sweden,Belgium,2,8,2,14,9,9,9,,
2017,semi-final-1,Sweden,Cyprus,7,3,9,2,3,6,2,,
2017,semi-final-1,Sweden,Czechia,11,7,17,4,7,5,10,,
2017,semi-final-1,Sweden,Finland,3,4,8,7,6,2,11,,
2017,semi-final-1,Sweden,Georgia,17,5,7,12,5,4,7,,
2017,semi-final-1,Sweden,Greece,12,15,10,11,13,16,14,,
2017,semi-final-1,Sweden,Iceland,4,9,12,10,4,15,5,,
2017,semi-final-1,Sweden,Latvia,14,16,11,13,8,17,16,,
2017,semi-final-1,Sweden,Moldova,6,2,5,1,2,10,4,,
2017,semi-final-1,Sweden,Montenegro,10,17,16,17,12,14,6,,
2017,semi-final-1,Sweden,Poland,5,12,14,5,14,13,8,,
2017,semi-final-1,Sweden,Portugal,1,6,1,9,11,1,15,,
2017,semi-final-1,Sweden,Slovenia,13,10,15,3,17,11,3,,
2017,semi-final-1,United Kingdom,Albania,16,18,16,9,18,17,15,,
2017,semi-final-1,United Kingdom,Armenia,13,6,12,7,10,1,12,,
2017,semi-final-1,United Kingdom,Australia,12,4,10,8,6,10,2,,
2017,semi-final-1,United Kingdom,Azerbaijan,15,15,14,4,17,15,9,,
2017,semi-final-1,United Kingdom,Belgium,7,7,18,12,5,7,1,,
2017,semi-final-1,United Kingdom,Cyprus,5,8,7,13,11,5,7,,
2017,semi-final-1,United Kingdom,Czechia,17,3,3,2,2,14,11,,
2017,semi-final-1,United Kingdom,Finland,8,14,11,16,7,6,17,,
2017,semi-final-1,United Kingdom,Georgia,18,10,9,6,12,12,8,,
2017,semi-final-1,United Kingdom,Greece,6,16,8,14,13,13,14,,
2017,semi-final-1,United Kingdom,Iceland,9,11,17,10,3,9,10,,
2017,semi-final-1,United Kingdom,Latvia,4,12,4,18,15,11,5,,
2017,semi-final-1,United Kingdom,Moldova,3,1,1,5,8,4,3,,
2017,semi-final-1,United Kingdom,Montenegro,11,17,6,17,14,18,18,,
2017,semi-final-1,United Kingdom,Poland,1,5,5,11,9,3,13,,
2017,semi-final-1,United Kingdom,Portugal,2,2,15,1,1,2,6,,
2017,semi-final-1,United Kingdom,Slovenia,14,13,2,15,4,16,16,,
2017,semi-final-1,United Kingdom,Sweden,10,9,13,3,16,8,4,,
2017,semi-final-2,Austria,Belarus,10,4,7,6,4,13,4,,
2017,semi-final-2,Austria,Bulgaria,3,1,4,3,1,1,1,,
2017,semi-final-2,Austria,Croatia,2,10,6,11,10,9,10,,
2017,semi-final-2,Austria,Denmark,15,11,14,12,5,8,9,,
2017,semi-final-2,Austria,Estonia,13,9,2,9,14,6,14,,
2017,semi-final-2,Austria,Hungary,1,8,13,10,6,4,6,,
2017,semi-final-2,Austria,Ireland,8,2,3,4,9,2,2,,
2017,semi-final-2,Austria,Israel,6,12,9,15,7,12,12,,
2017,semi-final-2,Austria,Lithuania,17,15,17,13,12,16,8,,
2017,semi-final-2,Austria,Malta,16,5,10,2,8,3,13,,
2017,semi-final-2,Austria,Netherlands,7,3,1,1,2,10,7,,
2017,semi-final-2,Austria,North Macedonia,12,17,16,17,16,17,16,,
2017,semi-final-2,Austria,Norway,11,6,11,5,3,15,3,,
2017,semi-final-2,Austria,Romania,4,14,8,14,17,5,17,,
2017,semi-final-2,Austria,San Marino,14,16,15,16,11,14,11,,
2017,semi-final-2,Austria,Serbia,5,13,12,7,15,11,15,,
2017,semi-final-2,Austria,Switzerland,9,7,5,8,13,7,5,,
2017,semi-final-2,Belarus,Austria,11,5,4,5,4,5,5,,
2017,semi-final-2,Belarus,Bulgaria,1,1,3,1,1,1,1,,
2017,semi-final-2,Belarus,Croatia,7,8,13,8,10,7,6,,
2017,semi-final-2,Belarus,Denmark,14,9,10,10,6,12,10,,
2017,semi-final-2,Belarus,Estonia,3,10,8,9,12,9,12,,
2017,semi-final-2,Belarus,Hungary,2,12,9,13,9,13,11,,
2017,semi-final-2,Belarus,Ireland,8,14,14,11,13,15,14,,
2017,semi-final-2,Belarus,Israel,4,11,11,12,11,8,9,,
2017,semi-final-2,Belarus,Lithuania,10,4,5,4,5,3,3,,
2017,semi-final-2,Belarus,Malta,16,6,7,7,7,6,7,,
2017,semi-final-2,Belarus,Netherlands,13,3,1,3,3,4,4,,
2017,semi-final-2,Belarus,North Macedonia,12,16,17,14,17,16,16,,
2017,semi-final-2,Belarus,Norway,5,2,2,2,2,2,2,,
2017,semi-final-2,Belarus,Romania,6,15,15,17,14,14,15,,
2017,semi-final-2,Belarus,San Marino,15,17,16,16,16,17,17,,
2017,semi-final-2,Belarus,Serbia,17,7,6,6,8,10,8,,
2017,semi-final-2,Belarus,Switzerland,9,13,12,15,15,11,13,,
2017,semi-final-2,Bulgaria,Austria,11,1,3,1,1,1,5,,
2017,semi-final-2,Bulgaria,Belarus,6,12,13,10,14,12,11,,
2017,semi-final-2,Bulgaria,Croatia,5,5,8,4,13,3,3,,
2017,semi-final-2,Bulgaria,Denmark,13,7,10,3,10,9,10,,
2017,semi-final-2,Bulgaria,Estonia,9,15,15,12,15,13,15,,
2017,semi-final-2,Bulgaria,Hungary,3,17,17,15,11,17,17,,
2017,semi-final-2,Bulgaria,Ireland,12,10,7,9,8,10,12,,
2017,semi-final-2,Bulgaria,Israel,2,2,1,5,2,2,2,,
2017,semi-final-2,Bulgaria,Lithuania,16,14,14,11,16,14,13,,
2017,semi-final-2,Bulgaria,Malta,17,4,4,6,4,7,6,,
2017,semi-final-2,Bulgaria,Netherlands,10,3,2,2,3,4,1,,
2017,semi-final-2,Bulgaria,North Macedonia,1,11,6,17,6,6,14,,
2017,semi-final-2,Bulgaria,Norway,8,6,11,8,9,5,4,,
2017,semi-final-2,Bulgaria,Romania,4,16,16,14,17,16,9,,
2017,semi-final-2,Bulgaria,San Marino,14,13,9,16,12,8,16,,
2017,semi-final-2,Bulgaria,Serbia,15,9,5,13,5,15,8,,
2017,semi-final-2,Bulgaria,Switzerland,7,8,12,7,7,11,7,,
2017,semi-final-2,Croatia,Austria,7,6,5,4,9,5,5,,
2017,semi-final-2,Croatia,Belarus,8,4,3,6,3,7,3,,
2017,semi-final-2,Croatia,Bulgaria,3,5,7,3,5,6,6,,
2017,semi-final-2,Croatia,Denmark,14,3,6,5,2,4,4,,
2017,semi-final-2,Croatia,Estonia,12,15,14,13,12,15,16,,
2017,semi-final-2,Croatia,Hungary,1,2,1,2,4,1,2,,
2017,semi-final-2,Croatia,Ireland,13,16,16,16,17,10,14,,
2017,semi-final-2,Croatia,Israel,6,8,8,7,6,8,7,,
2017,semi-final-2,Croatia,Lithuania,17,11,12,8,11,12,12,,
2017,semi-final-2,Croatia,Malta,16,10,9,12,8,14,10,,
2017,semi-final-2,Croatia,Netherlands,9,1,2,1,1,3,1,,
2017,semi-final-2,Croatia,North Macedonia,5,13,11,14,14,11,13,,
2017,semi-final-2,Croatia,Norway,11,7,4,11,10,2,8,,
2017,semi-final-2,Croatia,Romania,4,17,17,17,16,17,17,,
2017,semi-final-2,Croatia,San Marino,15,14,13,15,13,16,11,,
2017,semi-final-2,Croatia,Serbia,2,9,10,10,15,9,9,,
2017,semi-final-2,Croatia,Switzerland,10,12,15,9,7,13,15,,
2017,semi-final-2,Denmark,Austria,8,4,3,6,9,5,5,,
2017,semi-final-2,Denmark,Belarus,12,12,5,12,15,9,9,,
2017,semi-final-2,Denmark,Bulgaria,1,5,11,4,5,10,1,,
2017,semi-final-2,Denmark,Croatia,11,13,10,10,14,12,10,,
2017,semi-final-2,Denmark,Estonia,9,10,8,15,8,13,4,,
2017,semi-final-2,Denmark,Hungary,7,8,6,11,7,7,13,,
2017,semi-final-2,Denmark,Ireland,6,9,4,9,16,8,11,,
2017,semi-final-2,Denmark,Israel,5,6,14,3,4,6,6,,
2017,semi-final-2,Denmark,Lithuania,15,15,15,13,6,14,17,,
2017,semi-final-2,Denmark,Malta,16,11,13,7,13,3,14,,
2017,semi-final-2,Denmark,Netherlands,4,2,7,8,2,2,2,,
2017,semi-final-2,Denmark,North Macedonia,13,14,9,14,11,15,12,,
2017,semi-final-2,Denmark,Norway,2,1,1,1,3,1,7,,
2017,semi-final-2,Denmark,Romania,3,17,17,17,17,16,16,,
2017,semi-final-2,Denmark,San Marino,14,16,16,16,10,17,15,,
2017,semi-final-2,Denmark,Serbia,17,3,2,2,12,4,3,,
2017,semi-final-2,Denmark,Switzerland,10,7,12,5,1,11,8,,
2017,semi-final-2,Estonia,Austria,11,6,1,13,6,5,6,,
2017,semi-final-2,Estonia,Belarus,5,15,17,15,9,13,12,,
2017,semi-final-2,Estonia,Bulgaria,2,1,2,1,1,1,3,,
2017,semi-final-2,Estonia,Croatia,6,11,12,11,10,11,10,,
2017,semi-final-2,Estonia,Denmark,15,3,5,2,8,3,2,,
2017,semi-final-2,Estonia,Hungary,3,9,13,9,11,6,8,,
2017,semi-final-2,Estonia,Ireland,4,4,7,6,3,9,4,,
2017,semi-final-2,Estonia,Israel,7,13,11,14,13,12,14,,
2017,semi-final-2,Estonia,Lithuania,10,16,16,16,5,15,15,,
2017,semi-final-2,Estonia,Malta,14,7,6,8,7,10,7,,
2017,semi-final-2,Estonia,Netherlands,9,5,4,3,15,4,5,,
2017,semi-final-2,Estonia,North Macedonia,13,12,10,7,16,14,13,,
2017,semi-final-2,Estonia,Norway,8,2,3,5,2,2,1,,
2017,semi-final-2,Estonia,Romania,1,14,14,4,14,16,17,,
2017,semi-final-2,Estonia,San Marino,16,17,15,17,12,17,16,,
2017,semi-final-2,Estonia,Serbia,17,10,9,12,17,7,9,,
2017,semi-final-2,Estonia,Switzerland,12,8,8,10,4,8,11,,
2017,semi-final-2,France,Austria,13,7,8,5,10,8,3,,
2017,semi-final-2,France,Belarus,8,2,3,14,4,3,4,,
2017,semi-final-2,France,Bulgaria,3,4,11,1,7,7,5,,
2017,semi-final-2,France,Croatia,9,15,18,15,15,13,6,,
2017,semi-final-2,France,Denmark,15,9,9,3,11,12,2,,
2017,semi-final-2,France,Estonia,5,13,7,10,5,15,17,,
2017,semi-final-2,France,Hungary,4,14,14,11,13,14,9,,
2017,semi-final-2,France,Ireland,10,16,10,17,12,16,13,,
2017,semi-final-2,France,Israel,2,1,5,9,2,2,10,,
2017,semi-final-2,France,Lithuania,16,17,15,16,17,17,16,,
2017,semi-final-2,France,Malta,18,5,2,2,3,11,14,,
2017,semi-final-2,France,Netherlands,12,6,13,6,8,4,1,,
2017,semi-final-2,France,North Macedonia,11,3,1,8,1,5,15,,
2017,semi-final-2,France,Norway,14,8,6,12,9,1,8,,
2017,semi-final-2,France,Romania,1,11,16,4,14,10,7,,
2017,semi-final-2,France,San Marino,17,18,17,18,18,18,18,,
2017,semi-final-2,France,Serbia,6,10,4,13,6,9,11,,
2017,semi-final-2,France,Switzerland,7,12,12,7,16,6,12,,
2017,semi-final-2,Germany,Austria,7,5,4,8,7,5,5,,
2017,semi-final-2,Germany,Belarus,11,14,12,15,15,11,18,,
2017,semi-final-2,Germany,Bulgaria,1,2,2,2,2,4,4,,
2017,semi-final-2,Germany,Croatia,5,6,6,4,13,6,1,,
2017,semi-final-2,Germany,Denmark,18,10,8,9,10,7,14,,
2017,semi-final-2,Germany,Estonia,8,12,16,12,11,15,8,,
2017,semi-final-2,Germany,Hungary,2,11,10,11,9,14,13,,
2017,semi-final-2,Germany,Ireland,15,7,7,5,4,10,7,,
2017,semi-final-2,Germany,Israel,3,13,18,14,16,9,9,,
2017,semi-final-2,Germany,Lithuania,17,15,15,13,14,16,15,,
2017,semi-final-2,Germany,Malta,16,8,11,7,8,8,6,,
2017,semi-final-2,Germany,Netherlands,6,3,5,3,5,3,2,,
2017,semi-final-2,Germany,North Macedonia,14,17,14,17,18,18,12,,
2017,semi-final-2,Germany,Norway,9,1,1,1,1,1,3,,
2017,semi-final-2,Germany,Romania,4,18,13,18,17,17,17,,
2017,semi-final-2,Germany,San Marino,10,16,17,16,12,13,16,,
2017,semi-final-2,Germany,Serbia,13,4,3,6,6,2,10,,
2017,semi-final-2,Germany,Switzerland,12,9,9,10,3,12,11,,
2017,semi-final-2,Hungary,Austria,8,3,4,5,1,4,2,,
2017,semi-final-2,Hungary,Belarus,9,8,13,8,13,6,7,,
2017,semi-final-2,Hungary,Bulgaria,1,1,3,1,2,3,1,,
2017,semi-final-2,Hungary,Croatia,2,14,8,15,10,14,12,,
2017,semi-final-2,Hungary,Denmark,14,5,9,10,4,1,4,,
2017,semi-final-2,Hungary,Estonia,7,16,15,13,15,15,14,,
2017,semi-final-2,Hungary,Ireland,11,6,5,3,6,8,9,,
2017,semi-final-2,Hungary,Israel,3,10,7,9,16,10,11,,
2017,semi-final-2,Hungary,Lithuania,17,13,6,16,12,9,15,,
2017,semi-final-2,Hungary,Malta,15,11,14,4,9,16,13,,
2017,semi-final-2,Hungary,Netherlands,5,2,1,2,3,5,3,,
2017,semi-final-2,Hungary,North Macedonia,12,9,12,11,7,12,6,,
2017,semi-final-2,Hungary,Norway,6,4,2,6,5,2,5,,
2017,semi-final-2,Hungary,Romania,4,17,17,17,17,17,17,,
2017,semi-final-2,Hungary,San Marino,13,15,16,12,14,13,16,,
2017,semi-final-2,Hungary,Serbia,16,7,11,7,8,7,8,,
2017,semi-final-2,Hungary,Switzerland,10,12,10,14,11,11,10,,
2017,semi-final-2,Ireland,Austria,11,2,1,5,6,9,4,,
2017,semi-final-2,Ireland,Belarus,10,15,8,17,13,13,14,,
2017,semi-final-2,Ireland,Bulgaria,2,1,2,7,2,1,11,,
2017,semi-final-2,Ireland,Croatia,4,11,14,1,3,16,16,,
2017,semi-final-2,Ireland,Denmark,13,10,5,11,8,15,8,,
2017,semi-final-2,Ireland,Estonia,8,13,13,6,16,8,10,,
2017,semi-final-2,Ireland,Hungary,5,14,17,16,14,3,13,,
2017,semi-final-2,Ireland,Israel,7,5,7,8,7,2,9,,
2017,semi-final-2,Ireland,Lithuania,1,16,12,12,15,14,12,,
2017,semi-final-2,Ireland,Malta,14,6,3,4,9,11,7,,
2017,semi-final-2,Ireland,Netherlands,6,8,9,13,10,7,1,,
2017,semi-final-2,Ireland,North Macedonia,15,12,16,14,11,4,5,,
2017,semi-final-2,Ireland,Norway,9,4,4,2,1,10,15,,
2017,semi-final-2,Ireland,Romania,3,7,10,9,5,5,6,,
2017,semi-final-2,Ireland,San Marino,16,17,15,15,17,17,17,,
2017,semi-final-2,Ireland,Serbia,17,9,11,10,12,6,3,,
2017,semi-final-2,Ireland,Switzerland,12,3,6,3,4,12,2,,
2017,semi-final-2,Israel,Austria,8,3,5,2,7,7,2,,
2017,semi-final-2,Israel,Belarus,3,6,6,5,5,9,9,,
2017,semi-final-2,Israel,Bulgaria,1,5,7,4,4,15,3,,
2017,semi-final-2,Israel,Croatia,11,16,15,15,16,10,16,,
2017,semi-final-2,Israel,Denmark,12,7,9,7,15,6,6,,
2017,semi-final-2,Israel,Estonia,5,4,3,3,3,14,7,,
2017,semi-final-2,Israel,Hungary,4,1,2,1,1,3,1,,
2017,semi-final-2,Israel,Ireland,10,11,8,13,10,11,10,,
2017,semi-final-2,Israel,Lithuania,17,15,14,16,8,8,15,,
2017,semi-final-2,Israel,Malta,15,9,12,10,6,12,8,,
2017,semi-final-2,Israel,Netherlands,7,12,11,6,12,13,11,,
2017,semi-final-2,Israel,North Macedonia,6,14,16,14,9,5,13,,
2017,semi-final-2,Israel,Norway,13,2,1,12,2,1,4,,
2017,semi-final-2,Israel,Romania,2,8,4,8,14,16,5,,
2017,semi-final-2,Israel,San Marino,14,17,13,17,17,17,17,,
2017,semi-final-2,Israel,Serbia,16,13,17,9,13,4,12,,
2017,semi-final-2,Israel,Switzerland,9,10,10,11,11,2,14,,
2017,semi-final-2,Lithuania,Austria,12,7,13,2,9,6,3,,
2017,semi-final-2,Lithuania,Belarus,3,8,6,6,8,14,15,,
2017,semi-final-2,Lithuania,Bulgaria,2,2,8,3,7,2,2,,
2017,semi-final-2,Lithuania,Croatia,9,12,10,7,13,17,10,,
2017,semi-final-2,Lithuania,Denmark,13,5,2,8,4,7,7,,
2017,semi-final-2,Lithuania,Estonia,1,13,9,13,12,13,14,,
2017,semi-final-2,Lithuania,Hungary,6,9,16,10,10,9,5,,
2017,semi-final-2,Lithuania,Ireland,7,3,4,11,1,4,4,,
2017,semi-final-2,Lithuania,Israel,8,11,7,16,11,12,8,,
2017,semi-final-2,Lithuania,Malta,15,10,14,12,6,8,11,,
2017,semi-final-2,Lithuania,Netherlands,11,6,11,5,2,3,9,,
2017,semi-final-2,Lithuania,North Macedonia,14,16,17,15,14,11,13,,
2017,semi-final-2,Lithuania,Norway,4,1,1,1,3,1,1,,
2017,semi-final-2,Lithuania,Romania,5,14,3,9,17,16,17,,
2017,semi-final-2,Lithuania,San Marino,16,17,12,17,16,15,16,,
2017,semi-final-2,Lithuania,Serbia,17,15,15,14,15,10,12,,
2017,semi-final-2,Lithuania,Switzerland,10,4,5,4,5,5,6,,
2017,semi-final-2,Malta,Austria,10,13,13,13,5,16,13,,
2017,semi-final-2,Malta,Belarus,16,4,5,2,11,1,2,,
2017,semi-final-2,Malta,Bulgaria,1,1,2,1,2,3,1,,
2017,semi-final-2,Malta,Croatia,3,12,16,16,14,5,9,,
2017,semi-final-2,Malta,Denmark,13,6,8,5,8,6,12,,
2017,semi-final-2,Malta,Estonia,9,8,10,7,10,9,8,,
2017,semi-final-2,Malta,Hungary,5,17,12,15,13,17,14,,
2017,semi-final-2,Malta,Ireland,7,10,15,11,7,15,5,,
2017,semi-final-2,Malta,Israel,2,2,1,4,3,2,3,,
2017,semi-final-2,Malta,Lithuania,17,16,11,14,15,11,17,,
2017,semi-final-2,Malta,Netherlands,8,5,6,10,4,7,7,,
2017,semi-final-2,Malta,North Macedonia,12,3,3,3,1,4,4,,
2017,semi-final-2,Malta,Norway,11,14,17,8,17,8,10,,
2017,semi-final-2,Malta,Romania,4,7,7,12,6,10,6,,
2017,semi-final-2,Malta,San Marino,14,15,4,17,16,14,16,,
2017,semi-final-2,Malta,Serbia,15,9,9,6,12,13,11,,
2017,semi-final-2,Malta,Switzerland,6,11,14,9,9,12,15,,
2017,semi-final-2,Netherlands,Austria,5,3,4,3,4,7,2,,
2017,semi-final-2,Netherlands,Belarus,8,12,13,8,12,15,11,,
2017,semi-final-2,Netherlands,Bulgaria,1,1,1,2,1,1,1,,
2017,semi-final-2,Netherlands,Croatia,7,9,14,7,8,16,10,,
2017,semi-final-2,Netherlands,Denmark,10,2,2,1,2,3,4,,
2017,semi-final-2,Netherlands,Estonia,12,13,11,16,11,6,15,,
2017,semi-final-2,Netherlands,Hungary,2,16,12,13,14,17,14,,
2017,semi-final-2,Netherlands,Ireland,9,15,15,11,16,12,13,,
2017,semi-final-2,Netherlands,Israel,4,6,6,5,6,4,8,,
2017,semi-final-2,Netherlands,Lithuania,15,14,16,14,10,10,16,,
2017,semi-final-2,Netherlands,Malta,16,8,8,10,5,14,12,,
2017,semi-final-2,Netherlands,North Macedonia,11,11,9,17,15,9,6,,
2017,semi-final-2,Netherlands,Norway,6,4,3,6,7,2,3,,
2017,semi-final-2,Netherlands,Romania,3,10,10,12,13,11,9,,
2017,semi-final-2,Netherlands,San Marino,17,17,17,15,17,13,17,,
2017,semi-final-2,Netherlands,Serbia,14,5,5,4,3,5,5,,
2017,semi-final-2,Netherlands,Switzerland,13,7,7,9,9,8,7,,
2017,semi-final-2,North Macedonia,Austria,11,8,17,3,9,7,12,,
2017,semi-final-2,North Macedonia,Belarus,14,15,13,7,15,14,14,,
2017,semi-final-2,North Macedonia,Bulgaria,2,1,1,1,1,1,3,,
2017,semi-final-2,North Macedonia,Croatia,3,17,12,17,17,12,16,,
2017,semi-final-2,North Macedonia,Denmark,12,4,4,2,3,5,4,,
2017,semi-final-2,North Macedonia,Estonia,7,9,9,9,10,16,6,,
2017,semi-final-2,North Macedonia,Hungary,5,6,5,6,6,17,9,,
2017,semi-final-2,North Macedonia,Ireland,10,11,7,16,7,15,10,,
2017,semi-final-2,North Macedonia,Israel,4,16,14,14,16,9,15,,
2017,semi-final-2,North Macedonia,Lithuania,17,7,10,8,8,11,7,,
2017,semi-final-2,North Macedonia,Malta,15,3,3,4,4,3,1,,
2017,semi-final-2,North Macedonia,Netherlands,9,5,6,10,5,4,5,,
2017,semi-final-2,North Macedonia,Norway,13,13,15,11,12,10,13,,
2017,semi-final-2,North Macedonia,Romania,8,2,2,5,2,2,2,,
2017,semi-final-2,North Macedonia,San Marino,16,12,8,15,13,13,11,,
2017,semi-final-2,North Macedonia,Serbia,1,14,11,12,14,8,17,,
2017,semi-final-2,North Macedonia,Switzerland,6,10,16,13,11,6,8,,
2017,semi-final-2,Norway,Austria,13,7,6,6,8,6,11,,
2017,semi-final-2,Norway,Belarus,11,11,15,9,6,9,10,,
2017,semi-final-2,Norway,Bulgaria,1,1,1,1,2,2,2,,
2017,semi-final-2,Norway,Croatia,10,10,12,12,4,11,9,,
2017,semi-final-2,Norway,Denmark,7,2,3,3,1,4,7,,
2017,semi-final-2,Norway,Estonia,6,14,9,15,14,14,13,,
2017,semi-final-2,Norway,Hungary,5,9,7,4,12,10,14,,
2017,semi-final-2,Norway,Ireland,9,16,13,16,13,16,16,,
2017,semi-final-2,Norway,Israel,4,4,2,2,11,1,8,,
2017,semi-final-2,Norway,Lithuania,2,13,10,13,15,12,12,,
2017,semi-final-2,Norway,Malta,16,15,16,14,10,13,15,,
2017,semi-final-2,Norway,Netherlands,8,3,4,7,3,3,4,,
2017,semi-final-2,Norway,North Macedonia,14,8,11,11,7,15,3,,
2017,semi-final-2,Norway,Romania,3,12,17,10,16,7,5,,
2017,semi-final-2,Norway,San Marino,17,17,14,17,17,17,17,,
2017,semi-final-2,Norway,Serbia,12,5,5,8,5,5,1,,
2017,semi-final-2,Norway,Switzerland,15,6,8,5,9,8,6,,
2017,semi-final-2,Romania,Austria,7,6,8,5,3,8,5,,
2017,semi-final-2,Romania,Belarus,10,11,13,10,10,7,9,,
2017,semi-final-2,Romania,Bulgaria,3,3,2,4,6,3,4,,
2017,semi-final-2,Romania,Croatia,6,4,5,3,4,4,6,,
2017,semi-final-2,Romania,Denmark,13,2,6,1,2,1,3,,
2017,semi-final-2,Romania,Estonia,8,16,15,17,15,16,15,,
2017,semi-final-2,Romania,Hungary,1,14,14,12,13,13,16,,
2017,semi-final-2,Romania,Ireland,5,8,4,13,11,6,10,,
2017,semi-final-2,Romania,Israel,4,7,7,7,5,12,8,,
2017,semi-final-2,Romania,Lithuania,16,15,16,14,14,15,14,,
2017,semi-final-2,Romania,Malta,15,10,3,8,16,10,12,,
2017,semi-final-2,Romania,Netherlands,12,1,1,2,1,2,1,,
2017,semi-final-2,Romania,North Macedonia,11,13,12,15,9,14,13,,
2017,semi-final-2,Romania,Norway,9,9,11,9,8,11,7,,
2017,semi-final-2,Romania,San Marino,17,17,17,16,12,17,17,,
2017,semi-final-2,Romania,Serbia,14,12,10,11,17,9,11,,
2017,semi-final-2,Romania,Switzerland,2,5,9,6,7,5,2,,
2017,semi-final-2,San Marino,Austria,10,4,2,13,8,3,4,,
2017,semi-final-2,San Marino,Belarus,14,11,14,9,9,10,11,,
2017,semi-final-2,San Marino,Bulgaria,1,3,3,5,4,4,7,,
2017,semi-final-2,San Marino,Croatia,5,7,9,4,6,12,8,,
2017,semi-final-2,San Marino,Denmark,15,6,11,2,2,5,12,,
2017,semi-final-2,San Marino,Estonia,11,17,13,16,16,14,17,,
2017,semi-final-2,San Marino,Hungary,2,8,10,6,7,7,15,,
2017,semi-final-2,San Marino,Ireland,9,13,17,11,15,6,10,,
2017,semi-final-2,San Marino,Israel,4,16,7,15,13,17,16,,
2017,semi-final-2,San Marino,Lithuania,17,5,8,3,5,13,2,,
2017,semi-final-2,San Marino,Malta,16,10,12,8,3,11,14,,
2017,semi-final-2,San Marino,Netherlands,8,1,1,10,1,1,3,,
2017,semi-final-2,San Marino,North Macedonia,7,12,6,12,17,15,5,,
2017,semi-final-2,San Marino,Norway,12,2,4,1,11,2,1,,
2017,semi-final-2,San Marino,Romania,3,15,16,17,10,9,13,,
2017,semi-final-2,San Marino,Serbia,13,9,5,7,12,16,6,,
2017,semi-final-2,San Marino,Switzerland,6,14,15,14,14,8,9,,
2017,semi-final-2,Serbia,Austria,10,5,5,5,6,11,6,,
2017,semi-final-2,Serbia,Belarus,9,16,12,16,14,16,14,,
2017,semi-final-2,Serbia,Bulgaria,3,2,2,3,2,2,2,,
2017,semi-final-2,Serbia,Croatia,4,8,4,11,17,3,4,,
2017,semi-final-2,Serbia,Denmark,12,7,6,8,8,6,9,,
2017,semi-final-2,Serbia,Estonia,13,12,10,14,13,13,11,,
2017,semi-final-2,Serbia,Hungary,1,1,1,2,1,1,3,,
2017,semi-final-2,Serbia,Ireland,14,15,16,15,15,8,16,,
2017,semi-final-2,Serbia,Israel,6,4,9,7,4,5,7,,
2017,semi-final-2,Serbia,Lithuania,17,11,11,9,9,14,10,,
2017,semi-final-2,Serbia,Malta,16,9,8,4,12,9,8,,
2017,semi-final-2,Serbia,Netherlands,11,3,3,1,7,4,1,,
2017,semi-final-2,Serbia,North Macedonia,2,6,7,10,5,7,5,,
2017,semi-final-2,Serbia,Norway,8,10,13,6,3,17,13,,
2017,semi-final-2,Serbia,Romania,5,17,17,17,16,10,17,,
2017,semi-final-2,Serbia,San Marino,15,14,15,13,10,12,15,,
2017,semi-final-2,Serbia,Switzerland,7,13,14,12,11,15,12,,
2017,semi-final-2,Switzerland,Austria,9,4,2,8,10,4,6,,
2017,semi-final-2,Switzerland,Belarus,11,10,12,14,7,13,5,,
2017,semi-final-2,Switzerland,Bulgaria,5,1,8,1,1,2,3,,
2017,semi-final-2,Switzerland,Croatia,2,14,5,13,13,17,17,,
2017,semi-final-2,Switzerland,Denmark,15,8,4,6,8,10,11,,
2017,semi-final-2,Switzerland,Estonia,10,15,14,12,12,15,15,,
2017,semi-final-2,Switzerland,Hungary,3,6,3,11,6,7,9,,
2017,semi-final-2,Switzerland,Ireland,12,9,11,10,9,6,7,,
2017,semi-final-2,Switzerland,Israel,6,7,13,4,15,3,2,,
2017,semi-final-2,Switzerland,Lithuania,17,13,7,17,16,11,8,,
2017,semi-final-2,Switzerland,Malta,14,12,15,9,4,12,14,,
2017,semi-final-2,Switzerland,Netherlands,7,3,1,5,2,8,4,,
2017,semi-final-2,Switzerland,North Macedonia,8,11,16,3,14,9,12,,
2017,semi-final-2,Switzerland,Norway,13,2,10,2,3,1,1,,
2017,semi-final-2,Switzerland,Romania,4,16,17,16,11,14,13,,
2017,semi-final-2,Switzerland,San Marino,16,17,9,15,17,16,16,,
2017,semi-final-2,Switzerland,Serbia,1,5,6,7,5,5,10,,
2017,semi-final-2,Ukraine,Austria,12,14,12,12,17,9,11,,
2017,semi-final-2,Ukraine,Belarus,1,1,7,4,2,2,1,,
2017,semi-final-2,Ukraine,Bulgaria,2,3,1,2,11,6,5,,
2017,semi-final-2,Ukraine,Croatia,8,6,2,1,6,11,8,,
2017,semi-final-2,Ukraine,Denmark,15,13,15,17,10,12,7,,
2017,semi-final-2,Ukraine,Estonia,3,16,17,10,16,16,15,,
2017,semi-final-2,Ukraine,Hungary,5,4,4,16,1,4,2,,
2017,semi-final-2,Ukraine,Ireland,11,9,6,3,9,14,10,,
2017,semi-final-2,Ukraine,Israel,4,10,10,9,12,10,13,,
2017,semi-final-2,Ukraine,Lithuania,10,17,18,8,15,17,17,,
2017,semi-final-2,Ukraine,Malta,17,12,14,14,7,5,16,,
2017,semi-final-2,Ukraine,Netherlands,14,5,5,6,4,7,6,,
2017,semi-final-2,Ukraine,North Macedonia,13,8,13,13,3,8,3,,
2017,semi-final-2,Ukraine,Norway,7,2,9,5,5,1,4,,
2017,semi-final-2,Ukraine,Romania,6,7,3,15,8,3,9,,
2017,semi-final-2,Ukraine,San Marino,16,18,16,18,18,18,18,,
2017,semi-final-2,Ukraine,Serbia,18,15,11,11,13,15,12,,
2017,semi-final-2,Ukraine,Switzerland,9,11,8,7,14,13,14,,
2017,final,Albania,Armenia,24,4,4,5,5,6,2,,
2017,final,Albania,Australia,13,7,11,8,4,8,9,,
2017,final,Albania,Austria,22,24,23,23,26,20,25,,
2017,final,Albania,Azerbaijan,12,9,9,10,9,12,17,,
2017,final,Albania,Belarus,17,20,15,16,25,21,20,,
2017,final,Albania,Belgium,6,13,10,14,24,5,11,,
2017,final,Albania,Bulgaria,2,2,3,3,3,4,3,,
2017,final,Albania,Croatia,4,19,13,22,21,14,21,,
2017,final,Albania,Cyprus,16,15,14,19,11,22,6,,
2017,final,Albania,Denmark,23,14,19,13,13,11,14,,
2017,final,Albania,France,10,6,8,6,7,7,1,,
2017,final,Albania,Germany,21,23,25,24,22,23,18,,
2017,final,Albania,Greece,8,10,7,9,19,16,7,,
2017,final,Albania,Hungary,5,21,21,20,16,18,26,,
2017,final,Albania,Israel,15,16,17,11,14,19,15,,
2017,final,Albania,Italy,1,1,1,1,1,1,4,,
2017,final,Albania,Moldova,11,12,12,15,12,10,12,,
2017,final,Albania,Netherlands,18,18,20,18,18,15,13,,
2017,final,Albania,Norway,19,22,22,25,17,24,22,,
2017,final,Albania,Poland,25,17,18,12,15,17,19,,
2017,final,Albania,Portugal,3,5,5,2,6,2,10,,
2017,final,Albania,Romania,7,8,6,7,8,13,16,,
2017,final,Albania,Spain,26,26,24,26,20,26,23,,
2017,final,Albania,Sweden,9,11,16,17,10,9,8,,
2017,final,Albania,Ukraine,20,25,26,21,23,25,24,,
2017,final,Albania,United Kingdom,14,3,2,4,2,3,5,,
2017,final,Armenia,Australia,21,19,21,10,22,11,21,,
2017,final,Armenia,Austria,19,10,16,11,7,14,13,,
2017,final,Armenia,Azerbaijan,25,25,25,25,25,25,25,,
2017,final,Armenia,Belarus,15,22,19,24,11,15,24,,
2017,final,Armenia,Belgium,6,21,22,16,16,17,16,,
2017,final,Armenia,Bulgaria,4,13,18,8,19,9,14,,
2017,final,Armenia,Croatia,16,11,14,12,8,22,7,,
2017,final,Armenia,Cyprus,1,4,5,13,4,4,4,,
2017,final,Armenia,Denmark,18,16,12,19,10,24,11,,
2017,final,Armenia,France,3,8,7,5,17,12,5,,
2017,final,Armenia,Germany,12,17,17,15,13,19,19,,
2017,final,Armenia,Greece,10,2,3,2,2,3,3,,
2017,final,Armenia,Hungary,11,23,23,20,23,23,20,,
2017,final,Armenia,Israel,17,24,24,21,24,18,23,,
2017,final,Armenia,Italy,7,9,10,4,9,7,22,,
2017,final,Armenia,Moldova,5,3,4,3,3,2,2,,
2017,final,Armenia,Netherlands,13,15,2,22,21,13,17,,
2017,final,Armenia,Norway,22,6,6,9,6,10,10,,
2017,final,Armenia,Poland,24,12,11,14,12,21,9,,
2017,final,Armenia,Portugal,2,1,1,1,1,1,1,,
2017,final,Armenia,Romania,9,20,13,23,18,20,12,,
2017,final,Armenia,Spain,20,18,20,18,20,8,18,,
2017,final,Armenia,Sweden,8,5,8,6,5,5,15,,
2017,final,Armenia,Ukraine,23,14,15,17,15,16,6,,
2017,final,Armenia,United Kingdom,14,7,9,7,14,6,8,,
2017,final,Australia,Armenia,15,10,10,8,10,19,11,,
2017,final,Australia,Austria,19,8,3,5,12,20,8,,
2017,final,Australia,Azerbaijan,21,11,18,14,14,8,4,,
2017,final,Australia,Belarus,14,16,16,15,16,17,13,,
2017,final,Australia,Belgium,7,14,14,19,7,7,18,,
2017,final,Australia,Bulgaria,6,3,8,7,4,5,1,,
2017,final,Australia,Croatia,10,24,24,16,24,24,19,,
2017,final,Australia,Cyprus,20,23,21,21,15,22,24,,
2017,final,Australia,Denmark,3,6,1,10,8,6,10,,
2017,final,Australia,France,18,18,17,17,22,16,15,,
2017,final,Australia,Germany,23,17,20,18,17,12,12,,
2017,final,Australia,Greece,16,22,23,20,19,18,20,,
2017,final,Australia,Hungary,12,20,15,13,25,21,23,,
2017,final,Australia,Israel,17,19,19,24,18,10,22,,
2017,final,Australia,Italy,9,13,13,12,21,2,14,,
2017,final,Australia,Moldova,1,2,6,2,5,3,3,,
2017,final,Australia,Netherlands,11,7,4,9,2,15,6,,
2017,final,Australia,Norway,13,15,12,22,9,11,21,,
2017,final,Australia,Poland,22,9,11,11,11,13,7,,
2017,final,Australia,Portugal,4,4,5,3,1,9,9,,
2017,final,Australia,Romania,2,12,7,4,20,14,17,,
2017,final,Australia,Spain,25,25,25,25,23,25,25,,
2017,final,Australia,Sweden,5,5,9,6,6,4,5,,
2017,final,Australia,Ukraine,24,21,22,23,13,23,16,,
2017,final,Australia,United Kingdom,8,1,2,1,3,1,2,,
2017,final,Austria,Armenia,21,19,12,19,13,12,25,,
2017,final,Austria,Australia,18,11,7,12,9,11,19,,
2017,final,Austria,Azerbaijan,23,21,9,15,20,20,20,,
2017,final,Austria,Belarus,19,4,3,16,4,5,7,,
2017,final,Austria,Belgium,3,9,10,4,5,25,9,,
2017,final,Austria,Bulgaria,4,2,2,5,2,6,1,,
2017,final,Austria,Croatia,7,15,18,7,21,19,6,,
2017,final,Austria,Cyprus,15,22,20,22,22,18,15,,
2017,final,Austria,Denmark,24,23,22,24,23,13,21,,
2017,final,Austria,France,12,13,16,13,6,21,13,,
2017,final,Austria,Germany,14,17,17,11,14,22,10,,
2017,final,Austria,Greece,22,20,21,14,19,10,18,,
2017,final,Austria,Hungary,6,6,6,17,11,9,4,,
2017,final,Austria,Israel,17,25,24,21,25,23,24,,
2017,final,Austria,Italy,5,5,11,2,18,4,2,,
2017,final,Austria,Moldova,8,14,8,20,12,8,22,,
2017,final,Austria,Netherlands,11,1,5,1,3,3,3,,
2017,final,Austria,Norway,13,8,4,18,7,7,16,,
2017,final,Austria,Poland,9,12,19,6,16,15,12,,
2017,final,Austria,Portugal,1,3,1,3,1,1,23,,
2017,final,Austria,Romania,2,16,25,8,17,17,5,,
2017,final,Austria,Spain,25,24,23,25,24,24,17,,
2017,final,Austria,Sweden,10,7,15,10,10,2,11,,
2017,final,Austria,Ukraine,20,18,13,23,15,14,14,,
2017,final,Austria,United Kingdom,16,10,14,9,8,16,8,,
2017,final,Azerbaijan,Armenia,25,25,25,25,25,25,25,,
2017,final,Azerbaijan,Australia,16,14,16,16,17,10,12,,
2017,final,Azerbaijan,Austria,22,17,20,9,15,13,18,,
2017,final,Azerbaijan,Belarus,11,1,1,1,1,2,1,,
2017,final,Azerbaijan,Belgium,7,16,6,23,18,11,17,,
2017,final,Azerbaijan,Bulgaria,1,9,8,20,13,9,11,,
2017,final,Azerbaijan,Croatia,18,10,17,15,8,14,7,,
2017,final,Azerbaijan,Cyprus,14,24,13,19,24,24,24,,
2017,final,Azerbaijan,Denmark,20,20,5,14,23,18,22,,
2017,final,Azerbaijan,France,6,21,12,11,21,23,16,,
2017,final,Azerbaijan,Germany,23,19,11,22,16,17,14,,
2017,final,Azerbaijan,Greece,15,6,15,7,9,7,8,,
2017,final,Azerbaijan,Hungary,4,12,19,13,3,22,9,,
2017,final,Azerbaijan,Israel,10,7,24,6,7,6,10,,
2017,final,Azerbaijan,Italy,5,13,18,3,14,19,15,,
2017,final,Azerbaijan,Moldova,2,2,3,2,5,5,3,,
2017,final,Azerbaijan,Netherlands,19,18,21,12,20,3,21,,
2017,final,Azerbaijan,Norway,13,23,22,17,19,20,23,,
2017,final,Azerbaijan,Poland,21,5,23,4,4,4,4,,
2017,final,Azerbaijan,Portugal,3,3,4,8,6,1,5,,
2017,final,Azerbaijan,Romania,9,8,10,21,12,8,6,,
2017,final,Azerbaijan,Spain,24,11,9,10,10,21,13,,
2017,final,Azerbaijan,Sweden,8,22,2,24,22,15,20,,
2017,final,Azerbaijan,Ukraine,12,4,7,5,2,16,2,,
2017,final,Azerbaijan,United Kingdom,17,15,14,18,11,12,19,,
2017,final,Belarus,Armenia,15,13,10,14,6,19,17,,
2017,final,Belarus,Australia,19,4,4,4,8,4,3,,
2017,final,Belarus,Austria,20,7,6,6,7,6,10,,
2017,final,Belarus,Azerbaijan,11,11,11,8,16,12,18,,
2017,final,Belarus,Belgium,5,15,18,9,15,15,16,,
2017,final,Belarus,Bulgaria,1,1,3,2,1,3,1,,
2017,final,Belarus,Croatia,14,21,21,18,18,20,22,,
2017,final,Belarus,Cyprus,13,14,16,12,10,13,20,,
2017,final,Belarus,Denmark,21,8,8,10,9,9,7,,
2017,final,Belarus,France,7,17,20,17,17,21,8,,
2017,final,Belarus,Germany,25,22,24,20,23,23,21,,
2017,final,Belarus,Greece,23,24,22,25,19,24,23,,
2017,final,Belarus,Hungary,3,19,19,23,13,18,15,,
2017,final,Belarus,Israel,16,10,15,13,11,14,11,,
2017,final,Belarus,Italy,12,16,12,16,24,11,13,,
2017,final,Belarus,Moldova,2,12,14,15,12,10,14,,
2017,final,Belarus,Netherlands,22,6,7,7,4,7,4,,
2017,final,Belarus,Norway,6,5,5,5,3,5,5,,
2017,final,Belarus,Poland,17,9,9,11,25,8,9,,
2017,final,Belarus,Portugal,4,2,1,1,5,2,2,,
2017,final,Belarus,Romania,9,20,17,24,22,16,12,,
2017,final,Belarus,Spain,24,25,25,19,20,25,24,,
2017,final,Belarus,Sweden,8,3,2,3,2,1,6,,
2017,final,Belarus,Ukraine,10,18,13,22,14,17,19,,
2017,final,Belarus,United Kingdom,18,23,23,21,21,22,25,,
2017,final,Belgium,Armenia,12,15,14,14,15,17,17,,
2017,final,Belgium,Australia,17,5,4,6,3,11,9,,
2017,final,Belgium,Austria,15,8,9,5,4,14,11,,
2017,final,Belgium,Azerbaijan,21,7,8,3,8,8,8,,
2017,final,Belgium,Belarus,20,12,18,10,14,9,10,,
2017,final,Belgium,Bulgaria,3,2,2,4,1,6,6,,
2017,final,Belgium,Croatia,11,25,25,24,20,23,25,,
2017,final,Belgium,Cyprus,14,6,6,8,13,5,3,,
2017,final,Belgium,Denmark,25,18,20,15,22,12,16,,
2017,final,Belgium,France,8,10,10,19,7,4,12,,
2017,final,Belgium,Germany,22,16,16,16,24,13,14,,
2017,final,Belgium,Greece,13,20,22,20,23,16,15,,
2017,final,Belgium,Hungary,10,22,13,23,19,24,24,,
2017,final,Belgium,Israel,19,24,23,25,21,25,18,,
2017,final,Belgium,Italy,6,11,7,12,12,2,23,,
2017,final,Belgium,Moldova,4,13,15,22,11,18,2,,
2017,final,Belgium,Netherlands,2,19,21,9,17,21,19,,
2017,final,Belgium,Norway,18,4,5,2,5,10,5,,
2017,final,Belgium,Poland,7,14,11,18,16,15,13,,
2017,final,Belgium,Portugal,1,3,3,7,6,3,4,,
2017,final,Belgium,Romania,5,23,24,21,18,20,20,,
2017,final,Belgium,Spain,24,17,17,13,10,22,22,,
2017,final,Belgium,Sweden,9,1,1,1,2,1,1,,
2017,final,Belgium,Ukraine,23,21,19,17,25,19,21,,
2017,final,Belgium,United Kingdom,16,9,12,11,9,7,7,,
2017,final,Bulgaria,Armenia,12,7,6,14,7,21,3,,
2017,final,Bulgaria,Australia,18,12,13,17,8,18,11,,
2017,final,Bulgaria,Austria,24,1,5,11,4,5,5,,
2017,final,Bulgaria,Azerbaijan,20,6,9,3,20,2,14,,
2017,final,Bulgaria,Belarus,14,9,2,22,12,11,10,,
2017,final,Bulgaria,Belgium,7,17,19,6,18,20,12,,
2017,final,Bulgaria,Croatia,10,16,8,19,6,23,16,,
2017,final,Bulgaria,Cyprus,8,21,16,1,22,25,18,,
2017,final,Bulgaria,Denmark,22,19,4,12,21,22,20,,
2017,final,Bulgaria,France,1,18,17,20,9,8,25,,
2017,final,Bulgaria,Germany,25,25,25,8,23,15,24,,
2017,final,Bulgaria,Greece,6,5,11,25,2,1,1,,
2017,final,Bulgaria,Hungary,5,14,23,4,25,9,8,,
2017,final,Bulgaria,Israel,11,3,7,10,5,4,9,,
2017,final,Bulgaria,Italy,13,13,14,9,15,16,15,,
2017,final,Bulgaria,Moldova,2,20,24,23,10,12,13,,
2017,final,Bulgaria,Netherlands,17,2,1,16,1,10,7,,
2017,final,Bulgaria,Norway,15,24,21,18,11,24,21,,
2017,final,Bulgaria,Poland,23,4,3,24,3,3,4,,
2017,final,Bulgaria,Portugal,4,23,15,15,17,17,23,,
2017,final,Bulgaria,Romania,3,8,22,2,24,6,2,,
2017,final,Bulgaria,Spain,21,15,20,7,14,13,17,,
2017,final,Bulgaria,Sweden,9,11,12,13,13,7,19,,
2017,final,Bulgaria,Ukraine,16,10,18,5,16,19,6,,
2017,final,Bulgaria,United Kingdom,19,22,10,21,19,14,22,,
2017,final,Croatia,Armenia,23,16,25,15,6,23,15,,
2017,final,Croatia,Australia,12,5,7,8,7,4,4,,
2017,final,Croatia,Austria,15,10,8,10,9,14,10,,
2017,final,Croatia,Azerbaijan,14,20,17,17,17,22,18,,
2017,final,Croatia,Belarus,11,6,9,11,2,8,7,,
2017,final,Croatia,Belgium,6,25,23,22,25,21,23,,
2017,final,Croatia,Bulgaria,3,2,3,3,4,3,2,,
2017,final,Croatia,Cyprus,17,21,21,19,16,18,24,,
2017,final,Croatia,Denmark,20,8,4,12,10,2,13,,
2017,final,Croatia,France,8,19,22,16,12,19,21,,
2017,final,Croatia,Germany,18,17,11,20,21,20,14,,
2017,final,Croatia,Greece,24,22,20,21,23,16,19,,
2017,final,Croatia,Hungary,1,1,1,1,1,9,1,,
2017,final,Croatia,Israel,19,18,24,18,18,13,16,,
2017,final,Croatia,Italy,4,15,13,9,19,24,12,,
2017,final,Croatia,Moldova,7,12,19,13,13,11,11,,
2017,final,Croatia,Netherlands,10,3,2,6,3,1,5,,
2017,final,Croatia,Norway,13,9,5,7,14,12,9,,
2017,final,Croatia,Poland,22,13,12,14,22,7,17,,
2017,final,Croatia,Portugal,2,4,6,4,5,5,3,,
2017,final,Croatia,Romania,5,14,15,25,8,6,20,,
2017,final,Croatia,Spain,25,24,18,24,24,15,25,,
2017,final,Croatia,Sweden,9,7,10,2,11,10,6,,
2017,final,Croatia,Ukraine,21,23,16,23,20,25,22,,
2017,final,Croatia,United Kingdom,16,11,14,5,15,17,8,,
2017,final,Cyprus,Armenia,10,12,10,20,15,13,7,,
2017,final,Cyprus,Australia,13,7,14,11,11,7,4,,
2017,final,Cyprus,Austria,19,15,20,18,9,15,8,,
2017,final,Cyprus,Azerbaijan,11,10,17,13,10,8,10,,
2017,final,Cyprus,Belarus,22,21,25,17,16,24,17,,
2017,final,Cyprus,Belgium,9,8,1,8,13,17,11,,
2017,final,Cyprus,Bulgaria,2,4,6,5,5,2,12,,
2017,final,Cyprus,Croatia,14,25,18,21,24,25,25,,
2017,final,Cyprus,Denmark,24,14,21,12,7,16,13,,
2017,final,Cyprus,France,8,9,5,16,8,11,15,,
2017,final,Cyprus,Germany,25,22,24,22,17,19,19,,
2017,final,Cyprus,Greece,1,1,2,1,2,1,6,,
2017,final,Cyprus,Hungary,12,13,16,24,12,4,9,,
2017,final,Cyprus,Israel,15,11,13,14,14,6,16,,
2017,final,Cyprus,Italy,3,2,4,2,1,5,3,,
2017,final,Cyprus,Moldova,5,16,11,6,25,14,18,,
2017,final,Cyprus,Netherlands,18,17,7,4,18,23,24,,
2017,final,Cyprus,Norway,21,24,23,23,20,21,23,,
2017,final,Cyprus,Poland,17,19,19,19,21,10,14,,
2017,final,Cyprus,Portugal,4,3,3,9,3,9,1,,
2017,final,Cyprus,Romania,7,20,9,15,23,22,20,,
2017,final,Cyprus,Spain,23,18,12,10,19,20,21,,
2017,final,Cyprus,Sweden,6,5,15,3,6,3,5,,
2017,final,Cyprus,Ukraine,20,23,22,25,22,18,22,,
2017,final,Cyprus,United Kingdom,16,6,8,7,4,12,2,,
2017,final,Czechia,Armenia,9,21,22,22,18,26,12,,
2017,final,Czechia,Australia,21,2,2,2,3,3,2,,
2017,final,Czechia,Austria,24,7,6,6,8,10,13,,
2017,final,Czechia,Azerbaijan,2,13,14,14,15,18,8,,
2017,final,Czechia,Belarus,8,12,8,8,20,20,11,,
2017,final,Czechia,Belgium,7,11,11,11,9,13,15,,
2017,final,Czechia,Bulgaria,1,9,9,9,7,7,14,,
2017,final,Czechia,Croatia,17,24,23,23,26,24,10,,
2017,final,Czechia,Cyprus,16,18,20,20,10,17,23,,
2017,final,Czechia,Denmark,25,5,5,5,5,23,4,,
2017,final,Czechia,France,15,19,19,19,19,16,20,,
2017,final,Czechia,Germany,22,16,16,16,13,15,16,,
2017,final,Czechia,Greece,23,22,21,21,16,19,24,,
2017,final,Czechia,Hungary,11,25,24,24,24,22,17,,
2017,final,Czechia,Israel,13,14,13,13,11,8,26,,
2017,final,Czechia,Italy,10,15,17,17,17,5,18,,
2017,final,Czechia,Moldova,6,8,7,7,6,21,5,,
2017,final,Czechia,Netherlands,19,3,3,3,2,6,1,,
2017,final,Czechia,Norway,20,17,15,15,22,12,25,,
2017,final,Czechia,Poland,12,10,12,12,12,9,6,,
2017,final,Czechia,Portugal,3,1,1,1,1,1,3,,
2017,final,Czechia,Romania,5,26,26,26,21,25,21,,
2017,final,Czechia,Spain,26,23,25,25,23,11,19,,
2017,final,Czechia,Sweden,14,4,4,4,4,4,9,,
2017,final,Czechia,Ukraine,4,20,18,18,25,14,22,,
2017,final,Czechia,United Kingdom,18,6,10,10,14,2,7,,
2017,final,Denmark,Armenia,25,10,19,4,7,11,18,,
2017,final,Denmark,Australia,9,3,2,6,3,12,9,,
2017,final,Denmark,Austria,12,4,8,3,6,4,12,,
2017,final,Denmark,Azerbaijan,21,19,18,17,20,15,19,,
2017,final,Denmark,Belarus,19,15,21,15,16,3,13,,
2017,final,Denmark,Belgium,5,9,10,19,8,14,2,,
2017,final,Denmark,Bulgaria,2,7,3,12,2,5,16,,
2017,final,Denmark,Croatia,11,21,15,20,10,25,24,,
2017,final,Denmark,Cyprus,14,14,7,13,17,16,14,,
2017,final,Denmark,France,16,18,16,16,18,19,5,,
2017,final,Denmark,Germany,18,20,17,22,22,21,10,,
2017,final,Denmark,Greece,23,22,22,18,21,13,21,,
2017,final,Denmark,Hungary,8,13,20,14,11,8,11,,
2017,final,Denmark,Israel,17,12,6,2,19,18,15,,
2017,final,Denmark,Italy,15,11,14,23,14,6,3,,
2017,final,Denmark,Moldova,3,8,12,8,15,9,7,,
2017,final,Denmark,Netherlands,10,6,9,5,4,10,6,,
2017,final,Denmark,Norway,4,5,5,11,13,1,4,,
2017,final,Denmark,Poland,20,17,13,9,12,17,22,,
2017,final,Denmark,Portugal,6,2,4,7,1,7,1,,
2017,final,Denmark,Romania,7,25,24,25,23,22,25,,
2017,final,Denmark,Spain,22,24,25,21,25,24,20,,
2017,final,Denmark,Sweden,1,1,1,1,5,2,8,,
2017,final,Denmark,Ukraine,24,23,23,24,24,20,23,,
2017,final,Denmark,United Kingdom,13,16,11,10,9,23,17,,
2017,final,Estonia,Armenia,24,13,16,18,22,12,9,,
2017,final,Estonia,Australia,12,4,9,5,4,5,5,,
2017,final,Estonia,Austria,17,11,3,20,11,11,13,,
2017,final,Estonia,Azerbaijan,16,15,25,11,6,15,22,,
2017,final,Estonia,Belarus,9,21,18,21,26,19,15,,
2017,final,Estonia,Belgium,1,9,7,6,2,8,16,,
2017,final,Estonia,Bulgaria,4,1,6,1,1,1,1,,
2017,final,Estonia,Croatia,13,25,23,22,19,25,17,,
2017,final,Estonia,Cyprus,14,16,21,24,23,13,12,,
2017,final,Estonia,Denmark,20,6,10,4,9,3,3,,
2017,final,Estonia,France,10,14,15,16,13,16,18,,
2017,final,Estonia,Germany,26,24,26,25,15,17,20,,
2017,final,Estonia,Greece,23,19,22,19,16,18,21,,
2017,final,Estonia,Hungary,3,10,11,9,20,6,8,,
2017,final,Estonia,Israel,19,17,14,15,25,20,19,,
2017,final,Estonia,Italy,6,23,24,13,14,24,26,,
2017,final,Estonia,Moldova,7,22,19,17,21,21,23,,
2017,final,Estonia,Netherlands,15,7,4,12,10,7,4,,
2017,final,Estonia,Norway,11,2,2,10,7,2,2,,
2017,final,Estonia,Poland,22,12,17,8,12,14,11,,
2017,final,Estonia,Portugal,2,3,5,2,3,10,7,,
2017,final,Estonia,Romania,5,20,12,14,24,23,25,,
2017,final,Estonia,Spain,25,26,13,26,17,26,24,,
2017,final,Estonia,Sweden,8,8,8,3,8,4,14,,
2017,final,Estonia,Ukraine,21,18,20,23,18,22,10,,
2017,final,Estonia,United Kingdom,18,5,1,7,5,9,6,,
2017,final,Finland,Armenia,20,13,14,8,14,22,11,,
2017,final,Finland,Australia,15,2,5,4,3,1,3,,
2017,final,Finland,Austria,24,17,20,18,22,5,19,,
2017,final,Finland,Azerbaijan,18,16,15,14,18,11,25,,
2017,final,Finland,Belarus,17,21,23,19,23,6,17,,
2017,final,Finland,Belgium,2,14,17,24,6,20,6,,
2017,final,Finland,Bulgaria,4,5,18,5,4,4,4,,
2017,final,Finland,Croatia,11,20,6,11,26,18,26,,
2017,final,Finland,Cyprus,12,6,8,2,7,15,15,,
2017,final,Finland,Denmark,21,7,10,10,12,8,13,,
2017,final,Finland,France,10,23,21,21,21,25,10,,
2017,final,Finland,Germany,25,15,16,20,20,16,7,,
2017,final,Finland,Greece,23,26,24,22,19,26,22,,
2017,final,Finland,Hungary,7,19,9,25,15,23,14,,
2017,final,Finland,Israel,14,11,12,15,5,10,18,,
2017,final,Finland,Italy,3,4,1,17,1,12,2,,
2017,final,Finland,Moldova,6,8,4,7,13,7,23,,
2017,final,Finland,Netherlands,16,12,7,16,17,9,16,,
2017,final,Finland,Norway,9,10,11,6,9,19,9,,
2017,final,Finland,Poland,22,22,19,23,11,24,21,,
2017,final,Finland,Portugal,1,3,2,3,10,3,1,,
2017,final,Finland,Romania,8,24,25,26,24,17,12,,
2017,final,Finland,Spain,26,18,22,9,16,14,24,,
2017,final,Finland,Sweden,5,1,3,1,2,2,5,,
2017,final,Finland,Ukraine,19,25,26,13,25,21,20,,
2017,final,Finland,United Kingdom,13,9,13,12,8,13,8,,
2017,final,France,Armenia,5,13,6,6,22,9,19,,
2017,final,France,Australia,20,9,8,9,12,17,8,,
2017,final,France,Austria,24,10,5,14,13,13,9,,
2017,final,France,Azerbaijan,17,22,22,21,19,25,6,,
2017,final,France,Belarus,16,19,14,22,25,14,10,,
2017,final,France,Belgium,3,11,9,8,8,10,21,,
2017,final,France,Bulgaria,7,6,18,1,7,7,11,,
2017,final,France,Croatia,12,24,21,23,23,18,17,,
2017,final,France,Cyprus,13,15,4,15,17,16,18,,
2017,final,France,Denmark,25,12,11,19,6,21,4,,
2017,final,France,Germany,21,16,24,4,18,3,24,,
2017,final,France,Greece,15,23,23,18,16,15,22,,
2017,final,France,Hungary,9,14,12,20,10,12,16,,
2017,final,France,Israel,8,5,15,13,5,2,7,,
2017,final,France,Italy,6,2,7,5,3,6,3,,
2017,final,France,Moldova,4,20,10,24,20,20,12,,
2017,final,France,Netherlands,14,7,20,11,2,11,1,,
2017,final,France,Norway,23,4,3,3,14,4,15,,
2017,final,France,Poland,10,21,19,10,21,22,20,,
2017,final,France,Portugal,1,1,2,7,1,1,5,,
2017,final,France,Romania,2,17,17,16,9,23,13,,
2017,final,France,Spain,19,18,13,17,15,19,14,,
2017,final,France,Sweden,11,3,1,12,11,5,2,,
2017,final,France,Ukraine,18,25,25,25,24,24,25,,
2017,final,France,United Kingdom,22,8,16,2,4,8,23,,
2017,final,Georgia,Armenia,2,8,11,13,8,13,13,,
2017,final,Georgia,Australia,26,15,17,3,15,17,18,,
2017,final,Georgia,Austria,22,6,8,9,10,12,7,,
2017,final,Georgia,Azerbaijan,1,2,3,6,2,2,2,,
2017,final,Georgia,Belarus,5,23,25,8,20,24,25,,
2017,final,Georgia,Belgium,13,24,23,25,26,14,14,,
2017,final,Georgia,Bulgaria,4,5,12,4,9,4,12,,
2017,final,Georgia,Croatia,17,14,13,20,12,16,8,,
2017,final,Georgia,Cyprus,9,7,7,14,5,19,6,,
2017,final,Georgia,Denmark,25,12,14,19,14,8,10,,
2017,final,Georgia,France,8,11,10,7,18,7,19,,
2017,final,Georgia,Germany,14,13,21,12,22,5,5,,
2017,final,Georgia,Greece,15,21,18,23,17,25,11,,
2017,final,Georgia,Hungary,23,17,5,26,13,20,16,,
2017,final,Georgia,Israel,11,25,16,17,23,23,26,,
2017,final,Georgia,Italy,6,9,4,24,3,11,17,,
2017,final,Georgia,Moldova,12,16,19,10,7,18,23,,
2017,final,Georgia,Netherlands,19,10,15,16,11,10,9,,
2017,final,Georgia,Norway,21,4,6,2,16,6,1,,
2017,final,Georgia,Poland,20,18,9,22,6,22,22,,
2017,final,Georgia,Portugal,3,1,1,1,1,1,3,,
2017,final,Georgia,Romania,18,20,24,11,21,15,21,,
2017,final,Georgia,Spain,24,26,26,21,19,26,24,,
2017,final,Georgia,Sweden,10,3,2,5,4,3,4,,
2017,final,Georgia,Ukraine,7,22,22,15,25,21,15,,
2017,final,Georgia,United Kingdom,16,19,20,18,24,9,20,,
2017,final,Germany,Armenia,19,20,21,18,21,20,20,,
2017,final,Germany,Australia,15,6,8,3,5,9,11,,
2017,final,Germany,Austria,14,9,6,6,10,12,12,,
2017,final,Germany,Azerbaijan,23,23,24,22,14,25,21,,
2017,final,Germany,Belarus,18,18,20,20,20,13,19,,
2017,final,Germany,Belgium,2,12,15,15,7,15,10,,
2017,final,Germany,Bulgaria,6,3,2,2,8,2,5,,
2017,final,Germany,Croatia,3,8,12,8,4,5,16,,
2017,final,Germany,Cyprus,17,17,14,17,17,18,24,,
2017,final,Germany,Denmark,25,11,13,10,13,10,9,,
2017,final,Germany,France,13,16,16,13,25,19,15,,
2017,final,Germany,Greece,11,22,18,24,23,14,23,,
2017,final,Germany,Hungary,8,10,9,9,11,11,8,,
2017,final,Germany,Israel,16,25,22,25,18,21,22,,
2017,final,Germany,Italy,7,13,19,16,2,23,3,,
2017,final,Germany,Moldova,4,19,23,21,12,22,17,,
2017,final,Germany,Netherlands,10,4,4,7,6,4,7,,
2017,final,Germany,Norway,20,1,3,1,3,1,1,,
2017,final,Germany,Poland,9,15,7,14,19,17,13,,
2017,final,Germany,Portugal,1,2,1,5,1,3,2,,
2017,final,Germany,Romania,5,21,25,23,24,16,14,,
2017,final,Germany,Spain,24,24,17,19,22,24,25,,
2017,final,Germany,Sweden,12,7,10,11,9,7,6,,
2017,final,Germany,Ukraine,21,14,11,12,15,8,18,,
2017,final,Germany,United Kingdom,22,5,5,4,16,6,4,,
2017,final,Greece,Armenia,9,3,2,9,3,7,9,,
2017,final,Greece,Australia,15,15,6,19,12,10,19,,
2017,final,Greece,Austria,20,14,10,16,9,16,15,,
2017,final,Greece,Azerbaijan,17,2,3,3,5,4,4,,
2017,final,Greece,Belarus,25,8,11,12,7,11,8,,
2017,final,Greece,Belgium,6,12,13,13,4,12,11,,
2017,final,Greece,Bulgaria,2,9,23,5,11,5,7,,
2017,final,Greece,Croatia,13,17,12,21,25,13,12,,
2017,final,Greece,Cyprus,1,1,8,1,2,6,1,,
2017,final,Greece,Denmark,19,18,7,22,13,19,23,,
2017,final,Greece,France,7,13,1,2,18,23,16,,
2017,final,Greece,Germany,23,25,22,24,24,24,25,,
2017,final,Greece,Hungary,11,21,17,23,21,14,21,,
2017,final,Greece,Israel,16,24,25,18,19,21,20,,
2017,final,Greece,Italy,4,7,9,11,14,1,13,,
2017,final,Greece,Moldova,5,4,4,7,6,8,6,,
2017,final,Greece,Netherlands,18,19,18,25,23,25,3,,
2017,final,Greece,Norway,21,16,21,14,10,18,18,,
2017,final,Greece,Poland,14,22,19,17,20,22,22,,
2017,final,Greece,Portugal,3,6,16,8,1,15,2,,
2017,final,Greece,Romania,10,5,5,6,8,9,5,,
2017,final,Greece,Spain,24,23,24,20,22,17,17,,
2017,final,Greece,Sweden,8,11,15,4,16,3,14,,
2017,final,Greece,Ukraine,22,20,20,15,17,20,24,,
2017,final,Greece,United Kingdom,12,10,14,10,15,2,10,,
2017,final,Hungary,Armenia,19,9,15,13,15,2,6,,
2017,final,Hungary,Australia,16,4,3,7,4,9,4,,
2017,final,Hungary,Austria,15,11,6,16,9,10,13,,
2017,final,Hungary,Azerbaijan,17,7,11,9,12,8,5,,
2017,final,Hungary,Belarus,20,15,14,12,18,16,17,,
2017,final,Hungary,Belgium,3,13,20,6,8,13,21,,
2017,final,Hungary,Bulgaria,1,2,1,2,3,6,2,,
2017,final,Hungary,Croatia,6,24,23,17,25,25,24,,
2017,final,Hungary,Cyprus,9,18,18,20,20,20,10,,
2017,final,Hungary,Denmark,23,6,2,8,5,5,14,,
2017,final,Hungary,France,10,12,9,21,13,11,11,,
2017,final,Hungary,Germany,22,19,21,15,14,19,20,,
2017,final,Hungary,Greece,21,22,22,24,19,21,19,,
2017,final,Hungary,Israel,14,21,12,19,22,22,23,,
2017,final,Hungary,Italy,7,20,16,22,21,18,15,,
2017,final,Hungary,Moldova,2,14,17,11,10,15,16,,
2017,final,Hungary,Netherlands,11,3,4,3,2,3,3,,
2017,final,Hungary,Norway,13,5,7,4,6,1,9,,
2017,final,Hungary,Poland,12,17,19,18,17,17,7,,
2017,final,Hungary,Portugal,4,1,5,1,1,4,1,,
2017,final,Hungary,Romania,5,23,25,14,24,23,25,,
2017,final,Hungary,Spain,25,25,24,25,23,24,22,,
2017,final,Hungary,Sweden,8,10,10,10,11,12,8,,
2017,final,Hungary,Ukraine,24,16,13,23,16,7,18,,
2017,final,Hungary,United Kingdom,18,8,8,5,7,14,12,,
2017,final,Iceland,Armenia,22,19,23,10,14,20,14,,
2017,final,Iceland,Australia,11,2,4,3,4,2,6,,
2017,final,Iceland,Austria,18,11,9,16,7,19,9,,
2017,final,Iceland,Azerbaijan,20,15,14,11,15,22,12,,
2017,final,Iceland,Belarus,15,17,12,19,19,11,17,,
2017,final,Iceland,Belgium,2,9,10,9,8,18,13,,
2017,final,Iceland,Bulgaria,7,5,6,8,5,6,2,,
2017,final,Iceland,Croatia,19,25,26,23,26,17,26,,
2017,final,Iceland,Cyprus,13,14,8,20,6,16,21,,
2017,final,Iceland,Denmark,12,8,15,7,16,9,3,,
2017,final,Iceland,France,14,24,25,22,20,24,23,,
2017,final,Iceland,Germany,25,22,20,24,21,23,24,,
2017,final,Iceland,Greece,24,20,19,18,13,15,18,,
2017,final,Iceland,Hungary,9,7,7,4,18,5,11,,
2017,final,Iceland,Israel,21,18,21,5,24,10,20,,
2017,final,Iceland,Italy,4,6,2,14,3,8,4,,
2017,final,Iceland,Moldova,5,12,13,13,12,7,19,,
2017,final,Iceland,Netherlands,17,16,11,17,17,21,8,,
2017,final,Iceland,Norway,10,10,18,12,9,14,7,,
2017,final,Iceland,Poland,8,13,16,15,11,12,16,,
2017,final,Iceland,Portugal,1,1,1,1,1,1,1,,
2017,final,Iceland,Romania,6,21,24,21,25,13,15,,
2017,final,Iceland,Spain,23,23,17,26,22,25,22,,
2017,final,Iceland,Sweden,3,3,3,2,10,4,5,,
2017,final,Iceland,Ukraine,26,26,22,25,23,26,25,,
2017,final,Iceland,United Kingdom,16,4,5,6,2,3,10,,
2017,final,Ireland,Armenia,25,22,25,11,17,19,26,,
2017,final,Ireland,Australia,15,17,7,21,6,23,19,,
2017,final,Ireland,Austria,16,4,4,2,12,8,5,,
2017,final,Ireland,Azerbaijan,23,10,17,10,10,4,14,,
2017,final,Ireland,Belarus,17,20,19,15,18,21,20,,
2017,final,Ireland,Belgium,6,1,2,1,4,13,1,,
2017,final,Ireland,Bulgaria,5,2,3,7,1,3,8,,
2017,final,Ireland,Croatia,8,14,20,3,16,7,24,,
2017,final,Ireland,Cyprus,19,19,23,17,21,9,21,,
2017,final,Ireland,Denmark,21,12,11,5,24,11,9,,
2017,final,Ireland,France,14,24,21,14,25,26,17,,
2017,final,Ireland,Germany,22,8,10,6,15,6,15,,
2017,final,Ireland,Greece,24,25,22,19,22,24,18,,
2017,final,Ireland,Hungary,9,23,24,25,9,16,25,,
2017,final,Ireland,Israel,18,15,13,18,2,22,16,,
2017,final,Ireland,Italy,10,11,8,24,11,10,4,,
2017,final,Ireland,Moldova,3,13,15,20,5,15,7,,
2017,final,Ireland,Netherlands,12,7,9,8,13,14,2,,
2017,final,Ireland,Norway,13,9,16,4,19,2,13,,
2017,final,Ireland,Poland,4,21,14,23,26,20,10,,
2017,final,Ireland,Portugal,2,6,1,22,7,1,11,,
2017,final,Ireland,Romania,1,3,6,9,3,5,6,,
2017,final,Ireland,Spain,26,26,26,26,23,25,23,,
2017,final,Ireland,Sweden,11,5,5,12,8,12,3,,
2017,final,Ireland,Ukraine,20,18,18,16,14,17,22,,
2017,final,Ireland,United Kingdom,7,16,12,13,20,18,12,,
2017,final,Israel,Armenia,11,15,18,13,13,17,10,,
2017,final,Israel,Australia,21,14,10,11,14,15,13,,
2017,final,Israel,Austria,15,13,16,12,17,11,6,,
2017,final,Israel,Azerbaijan,19,11,12,10,12,6,17,,
2017,final,Israel,Belarus,9,10,11,9,6,12,11,,
2017,final,Israel,Belgium,5,3,2,4,2,9,12,,
2017,final,Israel,Bulgaria,2,4,5,8,8,4,4,,
2017,final,Israel,Croatia,12,24,25,18,25,18,25,,
2017,final,Israel,Cyprus,13,20,19,20,15,24,23,,
2017,final,Israel,Denmark,20,16,13,16,19,10,16,,
2017,final,Israel,France,7,5,7,5,7,3,8,,
2017,final,Israel,Germany,24,21,14,24,16,25,22,,
2017,final,Israel,Greece,22,22,21,19,18,22,24,,
2017,final,Israel,Hungary,10,12,20,15,4,16,7,,
2017,final,Israel,Italy,3,9,3,17,11,14,3,,
2017,final,Israel,Moldova,6,8,6,6,10,8,18,,
2017,final,Israel,Netherlands,14,18,22,14,22,19,15,,
2017,final,Israel,Norway,16,6,8,2,3,5,19,,
2017,final,Israel,Poland,23,19,23,22,20,20,9,,
2017,final,Israel,Portugal,1,1,1,3,1,1,1,,
2017,final,Israel,Romania,4,17,15,21,21,7,14,,
2017,final,Israel,Spain,25,23,17,25,23,23,20,,
2017,final,Israel,Sweden,8,2,4,1,9,2,2,,
2017,final,Israel,Ukraine,17,7,9,7,5,13,5,,
2017,final,Israel,United Kingdom,18,25,24,23,24,21,21,,
2017,final,Italy,Armenia,19,7,3,11,9,4,13,,
2017,final,Italy,Australia,22,14,21,16,16,16,7,,
2017,final,Italy,Austria,15,10,10,12,7,7,12,,
2017,final,Italy,Azerbaijan,20,1,1,3,4,1,2,,
2017,final,Italy,Belarus,11,20,16,18,21,21,17,,
2017,final,Italy,Belgium,9,4,6,1,3,5,5,,
2017,final,Italy,Bulgaria,3,9,11,9,10,9,8,,
2017,final,Italy,Croatia,5,22,15,22,24,19,24,,
2017,final,Italy,Cyprus,16,11,13,10,11,12,15,,
2017,final,Italy,Denmark,24,25,23,25,25,23,23,,
2017,final,Italy,France,10,5,2,2,6,10,1,,
2017,final,Italy,Germany,23,18,22,20,8,14,22,,
2017,final,Italy,Greece,14,23,20,23,22,22,19,,
2017,final,Italy,Hungary,7,12,9,14,15,17,10,,
2017,final,Italy,Israel,13,15,19,13,14,11,21,,
2017,final,Italy,Moldova,1,3,5,4,5,3,3,,
2017,final,Italy,Netherlands,18,17,14,8,23,25,14,,
2017,final,Italy,Norway,17,8,7,6,17,6,6,,
2017,final,Italy,Poland,8,21,25,24,19,15,18,,
2017,final,Italy,Portugal,6,6,12,7,1,8,9,,
2017,final,Italy,Romania,2,13,8,15,12,24,16,,
2017,final,Italy,Spain,25,24,24,17,20,20,25,,
2017,final,Italy,Sweden,12,2,4,5,2,2,4,,
2017,final,Italy,Ukraine,4,16,17,21,18,13,11,,
2017,final,Italy,United Kingdom,21,19,18,19,13,18,20,,
2017,final,Latvia,Armenia,20,20,24,18,22,13,19,,
2017,final,Latvia,Australia,16,6,9,10,4,9,8,,
2017,final,Latvia,Austria,22,5,10,7,7,8,7,,
2017,final,Latvia,Azerbaijan,12,19,25,19,18,15,15,,
2017,final,Latvia,Belarus,5,9,12,8,11,5,11,,
2017,final,Latvia,Belgium,1,2,2,3,6,2,5,,
2017,final,Latvia,Bulgaria,4,3,8,4,2,4,3,,
2017,final,Latvia,Croatia,15,22,17,20,25,26,14,,
2017,final,Latvia,Cyprus,14,25,26,23,20,21,23,,
2017,final,Latvia,Denmark,21,11,6,11,17,14,4,,
2017,final,Latvia,France,11,23,19,26,16,22,24,,
2017,final,Latvia,Germany,25,16,15,13,15,16,21,,
2017,final,Latvia,Greece,26,21,23,22,13,24,20,,
2017,final,Latvia,Hungary,9,18,11,24,24,12,16,,
2017,final,Latvia,Israel,23,24,20,16,23,25,25,,
2017,final,Latvia,Italy,8,13,16,6,8,23,18,,
2017,final,Latvia,Moldova,3,10,13,17,3,7,9,,
2017,final,Latvia,Netherlands,19,15,7,14,21,18,13,,
2017,final,Latvia,Norway,10,4,4,2,14,1,2,,
2017,final,Latvia,Poland,18,14,18,15,12,11,17,,
2017,final,Latvia,Portugal,2,1,1,1,1,3,1,,
2017,final,Latvia,Romania,6,8,3,12,5,17,10,,
2017,final,Latvia,Spain,24,26,22,25,26,20,26,,
2017,final,Latvia,Sweden,7,12,21,9,9,6,12,,
2017,final,Latvia,Ukraine,17,17,14,21,19,10,22,,
2017,final,Latvia,United Kingdom,13,7,5,5,10,19,6,,
2017,final,Lithuania,Armenia,19,8,12,10,5,9,14,,
2017,final,Lithuania,Australia,13,10,9,15,17,10,9,,
2017,final,Lithuania,Austria,21,6,8,12,8,7,7,,
2017,final,Lithuania,Azerbaijan,17,12,10,7,15,17,17,,
2017,final,Lithuania,Belarus,10,15,24,14,7,21,13,,
2017,final,Lithuania,Belgium,2,7,5,3,6,6,23,,
2017,final,Lithuania,Bulgaria,4,4,7,8,2,4,4,,
2017,final,Lithuania,Croatia,14,22,20,6,22,25,22,,
2017,final,Lithuania,Cyprus,18,18,22,19,10,20,19,,
2017,final,Lithuania,Denmark,23,11,13,17,11,12,8,,
2017,final,Lithuania,France,12,26,26,18,25,18,26,,
2017,final,Lithuania,Germany,24,19,18,23,24,11,15,,
2017,final,Lithuania,Greece,26,25,25,26,16,22,21,,
2017,final,Lithuania,Hungary,9,17,11,9,26,24,18,,
2017,final,Lithuania,Israel,15,16,19,25,9,15,12,,
2017,final,Lithuania,Italy,6,3,3,5,4,3,5,,
2017,final,Lithuania,Moldova,3,14,6,16,21,23,10,,
2017,final,Lithuania,Netherlands,20,9,16,13,12,8,6,,
2017,final,Lithuania,Norway,5,2,2,2,3,2,2,,
2017,final,Lithuania,Poland,11,13,14,20,14,13,11,,
2017,final,Lithuania,Portugal,1,1,1,1,1,1,1,,
2017,final,Lithuania,Romania,7,24,23,11,23,26,25,,
2017,final,Lithuania,Spain,25,23,15,22,20,16,24,,
2017,final,Lithuania,Sweden,8,5,4,4,13,5,3,,
2017,final,Lithuania,Ukraine,16,21,21,21,18,19,16,,
2017,final,Lithuania,United Kingdom,22,20,17,24,19,14,20,,
2017,final,Malta,Armenia,25,10,8,13,4,17,9,,
2017,final,Malta,Australia,16,22,23,20,25,21,20,,
2017,final,Malta,Austria,11,12,9,15,10,16,12,,
2017,final,Malta,Azerbaijan,21,25,22,23,17,26,26,,
2017,final,Malta,Belarus,24,9,19,6,6,9,6,,
2017,final,Malta,Belgium,6,26,25,24,24,25,22,,
2017,final,Malta,Bulgaria,2,3,1,4,3,15,4,,
2017,final,Malta,Croatia,8,5,10,12,2,2,3,,
2017,final,Malta,Cyprus,20,17,14,17,21,7,16,,
2017,final,Malta,Denmark,19,14,16,9,16,12,15,,
2017,final,Malta,France,13,7,18,5,7,5,5,,
2017,final,Malta,Germany,23,16,15,19,13,13,13,,
2017,final,Malta,Greece,18,21,13,22,26,18,23,,
2017,final,Malta,Hungary,9,8,2,11,11,11,8,,
2017,final,Malta,Israel,17,4,4,2,9,3,11,,
2017,final,Malta,Italy,1,1,6,1,1,1,1,,
2017,final,Malta,Moldova,10,11,5,7,15,8,21,,
2017,final,Malta,Netherlands,12,15,12,14,12,22,10,,
2017,final,Malta,Norway,14,20,24,16,22,23,14,,
2017,final,Malta,Poland,15,18,21,21,14,10,25,,
2017,final,Malta,Portugal,3,2,3,10,5,4,2,,
2017,final,Malta,Romania,5,6,11,3,8,6,7,,
2017,final,Malta,Spain,26,24,20,26,23,20,24,,
2017,final,Malta,Sweden,4,13,7,8,19,14,17,,
2017,final,Malta,Ukraine,22,23,26,25,18,24,18,,
2017,final,Malta,United Kingdom,7,19,17,18,20,19,19,,
2017,final,Moldova,Armenia,25,5,6,4,10,4,11,,
2017,final,Moldova,Australia,17,7,8,8,9,7,15,,
2017,final,Moldova,Austria,24,9,11,11,12,10,5,,
2017,final,Moldova,Azerbaijan,2,6,5,6,6,6,22,,
2017,final,Moldova,Belarus,10,8,7,17,7,9,8,,
2017,final,Moldova,Belgium,9,22,19,13,23,17,24,,
2017,final,Moldova,Bulgaria,3,2,2,3,3,2,4,,
2017,final,Moldova,Croatia,19,25,25,22,21,24,25,,
2017,final,Moldova,Cyprus,13,20,16,24,18,19,14,,
2017,final,Moldova,Denmark,21,15,20,19,15,15,9,,
2017,final,Moldova,France,6,24,23,21,24,16,21,,
2017,final,Moldova,Germany,23,17,9,16,16,25,16,,
2017,final,Moldova,Greece,4,13,14,10,8,21,13,,
2017,final,Moldova,Hungary,11,10,17,5,4,14,12,,
2017,final,Moldova,Israel,15,19,22,15,20,12,19,,
2017,final,Moldova,Italy,7,21,10,23,25,13,20,,
2017,final,Moldova,Netherlands,20,11,12,12,11,23,2,,
2017,final,Moldova,Norway,14,12,13,9,5,11,23,,
2017,final,Moldova,Poland,18,16,15,20,19,18,10,,
2017,final,Moldova,Portugal,5,4,3,2,13,5,7,,
2017,final,Moldova,Romania,1,1,1,1,1,1,1,,
2017,final,Moldova,Spain,22,23,24,25,14,22,18,,
2017,final,Moldova,Sweden,8,3,4,7,2,3,6,,
2017,final,Moldova,Ukraine,12,18,21,18,22,8,17,,
2017,final,Moldova,United Kingdom,16,14,18,14,17,20,3,,
2017,final,Montenegro,Armenia,20,7,4,6,12,8,26,,
2017,final,Montenegro,Australia,14,15,12,11,10,23,18,,
2017,final,Montenegro,Austria,21,10,6,7,26,12,12,,
2017,final,Montenegro,Azerbaijan,6,17,8,10,20,22,20,,
2017,final,Montenegro,Belarus,13,25,16,19,23,21,25,,
2017,final,Montenegro,Belgium,7,5,15,5,8,7,7,,
2017,final,Montenegro,Bulgaria,5,9,23,9,16,11,2,,
2017,final,Montenegro,Croatia,1,6,11,24,7,5,8,,
2017,final,Montenegro,Cyprus,10,23,21,18,24,16,15,,
2017,final,Montenegro,Denmark,18,22,26,13,21,17,16,,
2017,final,Montenegro,France,9,8,13,21,1,10,13,,
2017,final,Montenegro,Germany,22,18,22,16,15,9,22,,
2017,final,Montenegro,Greece,19,1,1,1,2,4,4,,
2017,final,Montenegro,Hungary,4,20,17,25,11,20,17,,
2017,final,Montenegro,Israel,16,26,25,26,6,26,24,,
2017,final,Montenegro,Italy,2,3,2,4,4,2,5,,
2017,final,Montenegro,Moldova,8,12,10,8,19,19,9,,
2017,final,Montenegro,Netherlands,26,21,5,14,25,24,23,,
2017,final,Montenegro,Norway,24,19,18,17,17,14,19,,
2017,final,Montenegro,Poland,23,16,20,12,18,13,11,,
2017,final,Montenegro,Portugal,3,11,9,20,14,18,3,,
2017,final,Montenegro,Romania,11,2,3,3,3,3,1,,
2017,final,Montenegro,Spain,25,24,14,23,22,15,21,,
2017,final,Montenegro,Sweden,12,4,7,15,5,6,6,,
2017,final,Montenegro,Ukraine,15,14,24,2,9,25,14,,
2017,final,Montenegro,United Kingdom,17,13,19,22,13,1,10,,
2017,final,Netherlands,Armenia,11,23,20,24,20,22,23,,
2017,final,Netherlands,Australia,18,7,11,6,6,7,8,,
2017,final,Netherlands,Austria,14,8,6,8,13,6,15,,
2017,final,Netherlands,Azerbaijan,22,20,19,18,22,23,18,,
2017,final,Netherlands,Belarus,19,17,16,17,17,14,16,,
2017,final,Netherlands,Belgium,2,9,15,5,5,21,11,,
2017,final,Netherlands,Bulgaria,3,2,2,1,1,3,2,,
2017,final,Netherlands,Croatia,8,21,18,25,21,18,20,,
2017,final,Netherlands,Cyprus,17,13,8,20,10,13,13,,
2017,final,Netherlands,Denmark,23,3,3,4,7,2,3,,
2017,final,Netherlands,France,12,12,14,12,15,11,12,,
2017,final,Netherlands,Germany,20,16,10,15,19,16,17,,
2017,final,Netherlands,Greece,21,19,17,11,18,15,22,,
2017,final,Netherlands,Hungary,5,15,13,16,16,20,10,,
2017,final,Netherlands,Israel,16,18,21,13,14,12,21,,
2017,final,Netherlands,Italy,9,11,12,19,9,10,9,,
2017,final,Netherlands,Moldova,6,14,22,10,11,9,14,,
2017,final,Netherlands,Norway,15,4,4,2,4,8,6,,
2017,final,Netherlands,Poland,10,25,24,23,24,24,25,,
2017,final,Netherlands,Portugal,1,1,1,3,2,1,1,,
2017,final,Netherlands,Romania,4,10,9,14,12,19,5,,
2017,final,Netherlands,Spain,25,24,23,22,25,25,24,,
2017,final,Netherlands,Sweden,7,5,5,9,3,4,4,,
2017,final,Netherlands,Ukraine,24,22,25,21,23,17,19,,
2017,final,Netherlands,United Kingdom,13,6,7,7,8,5,7,,
2017,final,North Macedonia,Armenia,22,14,18,12,20,12,13,,
2017,final,North Macedonia,Australia,20,3,1,5,3,5,3,,
2017,final,North Macedonia,Austria,23,11,8,19,11,7,11,,
2017,final,North Macedonia,Azerbaijan,21,17,15,20,16,11,24,,
2017,final,North Macedonia,Belarus,24,18,19,17,21,17,16,,
2017,final,North Macedonia,Belgium,7,13,16,16,13,6,17,,
2017,final,North Macedonia,Bulgaria,1,1,2,2,1,3,2,,
2017,final,North Macedonia,Croatia,2,25,26,23,24,24,23,,
2017,final,North Macedonia,Cyprus,13,24,23,15,25,26,25,,
2017,final,North Macedonia,Denmark,14,4,3,1,4,10,1,,
2017,final,North Macedonia,France,5,6,5,3,5,9,8,,
2017,final,North Macedonia,Germany,16,20,22,18,18,22,15,,
2017,final,North Macedonia,Greece,12,26,25,25,26,25,21,,
2017,final,North Macedonia,Hungary,8,23,11,26,23,23,22,,
2017,final,North Macedonia,Israel,10,15,17,14,14,20,12,,
2017,final,North Macedonia,Italy,3,21,20,24,15,19,20,,
2017,final,North Macedonia,Moldova,9,5,10,7,7,1,5,,
2017,final,North Macedonia,Netherlands,17,12,12,13,19,15,6,,
2017,final,North Macedonia,Norway,19,9,13,10,10,4,10,,
2017,final,North Macedonia,Poland,26,16,14,11,22,18,14,,
2017,final,North Macedonia,Portugal,4,2,4,4,2,2,4,,
2017,final,North Macedonia,Romania,11,7,6,6,8,8,9,,
2017,final,North Macedonia,Spain,25,22,24,21,12,21,26,,
2017,final,North Macedonia,Sweden,6,10,9,8,6,13,19,,
2017,final,North Macedonia,Ukraine,18,19,21,22,17,16,18,,
2017,final,North Macedonia,United Kingdom,15,8,7,9,9,14,7,,
2017,final,Norway,Armenia,21,17,20,18,15,13,13,,
2017,final,Norway,Australia,11,8,6,9,13,6,12,,
2017,final,Norway,Austria,17,19,21,12,17,17,16,,
2017,final,Norway,Azerbaijan,24,13,19,21,12,10,8,,
2017,final,Norway,Belarus,19,20,15,22,14,21,21,,
2017,final,Norway,Belgium,4,12,2,14,18,15,19,,
2017,final,Norway,Bulgaria,3,1,1,3,7,1,4,,
2017,final,Norway,Croatia,10,24,24,24,24,23,22,,
2017,final,Norway,Cyprus,14,22,22,17,23,16,20,,
2017,final,Norway,Denmark,15,3,4,5,3,3,5,,
2017,final,Norway,France,16,14,10,19,6,19,17,,
2017,final,Norway,Germany,25,23,17,23,21,20,25,,
2017,final,Norway,Greece,20,16,16,13,22,12,10,,
2017,final,Norway,Hungary,7,11,12,15,11,22,7,,
2017,final,Norway,Israel,12,6,9,4,4,14,6,,
2017,final,Norway,Italy,9,4,7,2,2,9,2,,
2017,final,Norway,Moldova,5,9,5,8,8,11,24,,
2017,final,Norway,Netherlands,13,7,8,7,9,5,9,,
2017,final,Norway,Poland,8,18,23,16,16,8,18,,
2017,final,Norway,Portugal,1,2,11,1,1,4,1,,
2017,final,Norway,Romania,2,15,14,10,10,24,14,,
2017,final,Norway,Spain,22,25,25,20,25,25,23,,
2017,final,Norway,Sweden,6,5,3,6,5,7,3,,
2017,final,Norway,Ukraine,23,21,18,25,20,18,15,,
2017,final,Norway,United Kingdom,18,10,13,11,19,2,11,,
2017,final,Poland,Armenia,17,9,10,6,7,11,11,,
2017,final,Poland,Australia,16,4,9,2,8,4,3,,
2017,final,Poland,Austria,22,13,16,15,6,13,15,,
2017,final,Poland,Azerbaijan,15,10,6,10,11,8,10,,
2017,final,Poland,Belarus,7,17,21,9,24,15,13,,
2017,final,Poland,Belgium,1,2,3,1,5,3,7,,
2017,final,Poland,Bulgaria,3,5,11,7,13,5,2,,
2017,final,Poland,Croatia,10,21,25,21,12,20,23,,
2017,final,Poland,Cyprus,14,23,22,22,21,24,22,,
2017,final,Poland,Denmark,24,11,20,20,3,10,4,,
2017,final,Poland,France,13,14,8,17,14,17,17,,
2017,final,Poland,Germany,23,15,17,8,23,18,12,,
2017,final,Poland,Greece,18,24,24,23,20,22,24,,
2017,final,Poland,Hungary,6,18,13,18,17,21,14,,
2017,final,Poland,Israel,20,19,23,16,10,19,20,,
2017,final,Poland,Italy,11,22,14,19,25,23,21,,
2017,final,Poland,Moldova,5,12,12,4,15,12,16,,
2017,final,Poland,Netherlands,19,3,5,11,1,2,6,,
2017,final,Poland,Norway,12,8,7,5,18,9,5,,
2017,final,Poland,Portugal,2,1,1,3,4,1,1,,
2017,final,Poland,Romania,4,16,15,14,16,16,18,,
2017,final,Poland,Spain,25,25,18,24,22,25,25,,
2017,final,Poland,Sweden,8,7,4,13,2,14,8,,
2017,final,Poland,Ukraine,9,20,19,25,19,6,19,,
2017,final,Poland,United Kingdom,21,6,2,12,9,7,9,,
2017,final,Portugal,Armenia,19,13,13,10,5,16,19,,
2017,final,Portugal,Australia,22,6,7,7,8,17,6,,
2017,final,Portugal,Austria,17,2,2,9,4,20,2,,
2017,final,Portugal,Azerbaijan,15,1,1,2,10,21,1,,
2017,final,Portugal,Belarus,16,12,16,16,2,6,23,,
2017,final,Portugal,Belgium,2,3,3,4,13,14,10,,
2017,final,Portugal,Bulgaria,3,14,4,18,16,23,3,,
2017,final,Portugal,Croatia,12,22,25,15,24,1,25,,
2017,final,Portugal,Cyprus,18,10,12,12,7,13,16,,
2017,final,Portugal,Denmark,25,20,20,21,19,5,20,,
2017,final,Portugal,France,5,7,10,3,20,8,5,,
2017,final,Portugal,Germany,23,23,19,22,21,11,18,,
2017,final,Portugal,Greece,20,17,9,14,23,12,12,,
2017,final,Portugal,Hungary,9,15,15,19,6,3,22,,
2017,final,Portugal,Israel,11,25,22,25,22,15,17,,
2017,final,Portugal,Italy,7,18,21,17,15,10,8,,
2017,final,Portugal,Moldova,1,5,8,1,1,22,13,,
2017,final,Portugal,Netherlands,13,8,14,11,12,7,9,,
2017,final,Portugal,Norway,24,9,6,6,3,25,14,,
2017,final,Portugal,Poland,21,19,17,20,18,9,15,,
2017,final,Portugal,Romania,4,24,24,24,25,2,24,,
2017,final,Portugal,Spain,6,16,18,8,14,19,11,,
2017,final,Portugal,Sweden,10,4,5,5,9,18,7,,
2017,final,Portugal,Ukraine,8,21,23,23,17,4,21,,
2017,final,Portugal,United Kingdom,14,11,11,13,11,24,4,,
2017,final,Romania,Armenia,13,22,25,23,20,23,13,,
2017,final,Romania,Australia,16,7,7,11,4,12,8,,
2017,final,Romania,Austria,17,10,10,8,13,13,12,,
2017,final,Romania,Azerbaijan,20,18,23,19,16,16,16,,
2017,final,Romania,Belarus,21,14,16,12,17,9,14,,
2017,final,Romania,Belgium,6,13,20,17,9,11,5,,
2017,final,Romania,Bulgaria,3,2,1,1,3,2,3,,
2017,final,Romania,Croatia,8,8,8,6,10,8,11,,
2017,final,Romania,Cyprus,11,17,14,16,15,18,23,,
2017,final,Romania,Denmark,23,6,9,5,8,3,7,,
2017,final,Romania,France,7,25,24,25,23,22,24,,
2017,final,Romania,Germany,15,21,19,24,22,21,17,,
2017,final,Romania,Greece,10,20,18,22,19,24,19,,
2017,final,Romania,Hungary,2,12,11,10,11,7,22,,
2017,final,Romania,Israel,12,9,5,7,14,14,9,,
2017,final,Romania,Italy,5,16,13,14,18,19,20,,
2017,final,Romania,Moldova,1,3,3,2,1,4,2,,
2017,final,Romania,Netherlands,18,1,2,3,2,1,1,,
2017,final,Romania,Norway,14,11,12,13,12,10,10,,
2017,final,Romania,Poland,25,19,17,15,21,17,21,,
2017,final,Romania,Portugal,4,5,4,9,5,5,6,,
2017,final,Romania,Spain,22,24,22,20,25,25,25,,
2017,final,Romania,Sweden,9,4,6,4,7,6,4,,
2017,final,Romania,Ukraine,24,23,21,21,24,20,18,,
2017,final,Romania,United Kingdom,19,15,15,18,6,15,15,,
2017,final,San Marino,Armenia,19,7,20,5,9,5,4,,
2017,final,San Marino,Australia,24,16,9,17,16,15,22,,
2017,final,San Marino,Austria,20,11,10,13,8,13,11,,
2017,final,San Marino,Azerbaijan,10,6,16,4,4,9,8,,
2017,final,San Marino,Belarus,17,21,26,10,21,26,6,,
2017,final,San Marino,Belgium,6,3,3,3,7,8,9,,
2017,final,San Marino,Bulgaria,1,9,7,15,6,14,7,,
2017,final,San Marino,Croatia,8,22,17,25,22,24,14,,
2017,final,San Marino,Cyprus,22,26,24,23,19,25,25,,
2017,final,San Marino,Denmark,16,18,21,18,15,19,12,,
2017,final,San Marino,France,13,15,15,20,12,16,10,,
2017,final,San Marino,Germany,26,17,14,11,24,12,24,,
2017,final,San Marino,Greece,23,13,12,14,20,18,5,,
2017,final,San Marino,Hungary,7,20,13,22,11,23,17,,
2017,final,San Marino,Israel,15,24,19,26,23,20,23,,
2017,final,San Marino,Italy,2,8,1,8,10,4,21,,
2017,final,San Marino,Moldova,3,14,23,16,13,2,19,,
2017,final,San Marino,Netherlands,14,4,6,6,5,10,3,,
2017,final,San Marino,Norway,21,2,5,2,3,1,16,,
2017,final,San Marino,Poland,18,10,8,9,14,11,13,,
2017,final,San Marino,Portugal,4,1,2,1,1,6,1,,
2017,final,San Marino,Romania,5,19,25,7,17,22,15,,
2017,final,San Marino,Spain,25,25,22,24,25,17,26,,
2017,final,San Marino,Sweden,9,23,18,21,26,21,18,,
2017,final,San Marino,Ukraine,11,12,11,12,18,3,20,,
2017,final,San Marino,United Kingdom,12,5,4,19,2,7,2,,
2017,final,Serbia,Armenia,17,6,8,9,15,6,10,,
2017,final,Serbia,Australia,16,8,10,8,7,10,14,,
2017,final,Serbia,Austria,20,7,12,10,6,8,12,,
2017,final,Serbia,Azerbaijan,21,18,9,16,24,12,17,,
2017,final,Serbia,Belarus,15,24,14,24,23,24,23,,
2017,final,Serbia,Belgium,8,23,26,13,21,23,24,,
2017,final,Serbia,Bulgaria,2,5,19,5,5,7,9,,
2017,final,Serbia,Croatia,6,15,4,26,11,25,8,,
2017,final,Serbia,Cyprus,11,16,17,17,12,13,19,,
2017,final,Serbia,Denmark,22,21,22,20,18,19,20,,
2017,final,Serbia,France,9,12,5,11,19,22,7,,
2017,final,Serbia,Germany,26,22,24,22,20,18,22,,
2017,final,Serbia,Greece,13,14,6,21,16,9,18,,
2017,final,Serbia,Hungary,1,2,1,2,2,3,4,,
2017,final,Serbia,Israel,14,10,11,12,10,11,11,,
2017,final,Serbia,Italy,5,3,2,3,3,4,1,,
2017,final,Serbia,Moldova,4,4,7,4,8,1,3,,
2017,final,Serbia,Netherlands,19,13,13,19,14,15,6,,
2017,final,Serbia,Norway,12,11,25,6,9,5,13,,
2017,final,Serbia,Poland,24,20,23,18,22,16,16,,
2017,final,Serbia,Portugal,3,1,3,1,1,2,2,,
2017,final,Serbia,Romania,7,26,16,23,26,26,26,,
2017,final,Serbia,Spain,23,25,18,25,25,21,25,,
2017,final,Serbia,Sweden,10,9,20,7,4,14,5,,
2017,final,Serbia,Ukraine,25,17,15,15,13,20,15,,
2017,final,Serbia,United Kingdom,18,19,21,14,17,17,21,,
2017,final,Slovenia,Armenia,19,8,6,10,7,12,8,,
2017,final,Slovenia,Australia,12,4,4,4,5,5,6,,
2017,final,Slovenia,Austria,14,11,17,9,10,7,15,,
2017,final,Slovenia,Azerbaijan,7,12,10,11,13,17,9,,
2017,final,Slovenia,Belarus,20,14,13,13,15,14,14,,
2017,final,Slovenia,Belgium,5,6,8,6,11,8,5,,
2017,final,Slovenia,Bulgaria,4,3,1,3,4,4,2,,
2017,final,Slovenia,Croatia,1,15,19,14,19,13,16,,
2017,final,Slovenia,Cyprus,15,20,20,26,9,26,21,,
2017,final,Slovenia,Denmark,26,17,15,15,26,15,13,,
2017,final,Slovenia,France,11,24,21,23,20,23,26,,
2017,final,Slovenia,Germany,18,16,12,16,14,22,19,,
2017,final,Slovenia,Greece,23,25,23,21,24,25,20,,
2017,final,Slovenia,Hungary,6,18,16,20,12,16,22,,
2017,final,Slovenia,Israel,22,21,24,18,25,19,17,,
2017,final,Slovenia,Italy,2,9,5,7,18,6,12,,
2017,final,Slovenia,Moldova,8,13,14,19,6,10,18,,
2017,final,Slovenia,Netherlands,13,10,11,8,17,11,4,,
2017,final,Slovenia,Norway,16,19,18,17,22,20,10,,
2017,final,Slovenia,Poland,25,7,7,12,8,9,7,,
2017,final,Slovenia,Portugal,3,1,2,5,1,1,1,,
2017,final,Slovenia,Romania,9,26,26,25,23,18,25,,
2017,final,Slovenia,Spain,24,23,25,22,16,24,24,,
2017,final,Slovenia,Sweden,10,5,9,2,2,3,11,,
2017,final,Slovenia,Ukraine,21,22,22,24,21,21,23,,
2017,final,Slovenia,United Kingdom,17,2,3,1,3,2,3,,
2017,final,Spain,Armenia,15,17,19,13,24,21,9,,
2017,final,Spain,Australia,23,3,4,7,8,4,4,,
2017,final,Spain,Austria,22,8,8,8,7,7,10,,
2017,final,Spain,Azerbaijan,25,13,11,12,15,11,13,,
2017,final,Spain,Belarus,20,19,17,23,17,15,22,,
2017,final,Spain,Belgium,7,7,3,15,5,9,8,,
2017,final,Spain,Bulgaria,2,5,6,6,6,8,5,,
2017,final,Spain,Croatia,11,15,12,9,18,23,17,,
2017,final,Spain,Cyprus,16,20,25,17,20,16,20,,
2017,final,Spain,Denmark,24,12,14,11,10,12,12,,
2017,final,Spain,France,8,11,10,16,4,5,15,,
2017,final,Spain,Germany,12,18,16,18,16,22,18,,
2017,final,Spain,Greece,21,9,18,5,13,10,2,,
2017,final,Spain,Hungary,17,24,24,25,25,14,25,,
2017,final,Spain,Israel,14,22,23,20,19,19,19,,
2017,final,Spain,Italy,3,2,2,3,1,2,1,,
2017,final,Spain,Moldova,5,4,5,2,12,6,6,,
2017,final,Spain,Netherlands,9,10,13,10,3,13,11,,
2017,final,Spain,Norway,19,25,21,22,22,25,24,,
2017,final,Spain,Poland,18,21,20,19,21,17,21,,
2017,final,Spain,Portugal,1,1,1,1,2,1,3,,
2017,final,Spain,Romania,4,16,9,24,14,20,16,,
2017,final,Spain,Sweden,6,6,7,4,11,3,7,,
2017,final,Spain,Ukraine,13,23,15,21,23,24,23,,
2017,final,Spain,United Kingdom,10,14,22,14,9,18,14,,
2017,final,Sweden,Armenia,15,18,11,18,17,12,24,,
2017,final,Sweden,Australia,12,2,6,8,5,4,1,,
2017,final,Sweden,Austria,19,7,18,2,13,6,3,,
2017,final,Sweden,Azerbaijan,20,15,13,15,20,11,12,,
2017,final,Sweden,Belarus,23,23,20,22,25,15,13,,
2017,final,Sweden,Belgium,1,10,1,21,15,17,5,,
2017,final,Sweden,Bulgaria,4,4,4,1,12,2,10,,
2017,final,Sweden,Croatia,9,21,12,24,19,14,21,,
2017,final,Sweden,Cyprus,11,9,22,9,3,16,2,,
2017,final,Sweden,Denmark,17,6,9,3,14,5,8,,
2017,final,Sweden,France,13,14,8,20,1,18,18,,
2017,final,Sweden,Germany,24,11,17,14,10,8,11,,
2017,final,Sweden,Greece,21,24,23,23,18,25,25,,
2017,final,Sweden,Hungary,7,19,15,11,21,20,17,,
2017,final,Sweden,Israel,18,20,19,10,16,21,20,,
2017,final,Sweden,Italy,10,5,3,13,4,10,7,,
2017,final,Sweden,Moldova,3,3,5,5,2,13,4,,
2017,final,Sweden,Netherlands,14,8,14,4,7,3,19,,
2017,final,Sweden,Norway,5,13,16,17,9,7,16,,
2017,final,Sweden,Poland,6,17,21,16,11,19,14,,
2017,final,Sweden,Portugal,2,1,2,7,8,1,6,,
2017,final,Sweden,Romania,8,16,7,19,6,23,23,,
2017,final,Sweden,Spain,25,22,25,12,23,22,9,,
2017,final,Sweden,Ukraine,22,25,24,25,24,24,22,,
2017,final,Sweden,United Kingdom,16,12,10,6,22,9,15,,
2017,final,Switzerland,Armenia,22,20,18,16,18,22,13,,
2017,final,Switzerland,Australia,13,7,5,9,11,15,5,,
2017,final,Switzerland,Austria,14,12,6,12,19,16,12,,
2017,final,Switzerland,Azerbaijan,25,21,24,17,20,21,23,,
2017,final,Switzerland,Belarus,21,14,20,14,8,7,19,,
2017,final,Switzerland,Belgium,4,5,16,8,2,4,1,,
2017,final,Switzerland,Bulgaria,5,3,7,5,1,2,4,,
2017,final,Switzerland,Croatia,3,24,12,26,26,20,25,,
2017,final,Switzerland,Cyprus,19,19,13,19,25,13,15,,
2017,final,Switzerland,Denmark,26,17,9,21,10,19,20,,
2017,final,Switzerland,France,9,10,17,10,12,6,17,,
2017,final,Switzerland,Germany,8,15,23,18,9,10,8,,
2017,final,Switzerland,Greece,16,25,21,24,23,23,22,,
2017,final,Switzerland,Hungary,6,8,3,6,4,18,16,,
2017,final,Switzerland,Israel,17,13,14,7,15,11,18,,
2017,final,Switzerland,Italy,2,9,19,11,17,3,9,,
2017,final,Switzerland,Moldova,11,16,8,13,24,12,14,,
2017,final,Switzerland,Netherlands,12,4,2,4,5,8,11,,
2017,final,Switzerland,Norway,18,6,10,2,3,9,7,,
2017,final,Switzerland,Poland,15,18,11,20,14,24,10,,
2017,final,Switzerland,Portugal,1,1,1,1,6,5,3,,
2017,final,Switzerland,Romania,7,26,26,25,21,26,26,,
2017,final,Switzerland,Spain,23,22,25,23,22,17,21,,
2017,final,Switzerland,Sweden,10,2,4,3,7,1,2,,
2017,final,Switzerland,Ukraine,24,23,22,22,16,25,24,,
2017,final,Switzerland,United Kingdom,20,11,15,15,13,14,6,,
2017,final,Ukraine,Armenia,16,13,20,8,7,12,11,,
2017,final,Ukraine,Australia,19,9,10,13,4,10,13,,
2017,final,Ukraine,Austria,22,24,24,22,13,21,20,,
2017,final,Ukraine,Azerbaijan,11,5,12,12,6,5,6,,
2017,final,Ukraine,Belarus,3,1,2,3,3,1,3,,
2017,final,Ukraine,Belgium,6,10,3,19,5,6,21,,
2017,final,Ukraine,Bulgaria,9,22,23,25,25,17,7,,
2017,final,Ukraine,Croatia,15,4,4,6,14,8,5,,
2017,final,Ukraine,Cyprus,12,19,21,16,21,19,12,,
2017,final,Ukraine,Denmark,20,16,16,11,16,15,24,,
2017,final,Ukraine,France,5,6,9,1,8,7,17,,
2017,final,Ukraine,Germany,24,23,22,15,18,22,22,,
2017,final,Ukraine,Greece,21,15,18,7,17,23,14,,
2017,final,Ukraine,Hungary,7,3,1,10,2,3,8,,
2017,final,Ukraine,Israel,17,20,17,23,19,18,18,,
2017,final,Ukraine,Italy,13,21,13,24,23,11,25,,
2017,final,Ukraine,Moldova,1,7,5,2,20,16,1,,
2017,final,Ukraine,Netherlands,23,8,11,9,9,14,4,,
2017,final,Ukraine,Norway,10,12,8,21,10,9,10,,
2017,final,Ukraine,Poland,14,18,19,4,24,24,16,,
2017,final,Ukraine,Portugal,2,2,6,5,1,2,2,,
2017,final,Ukraine,Romania,8,11,15,17,11,4,9,,
2017,final,Ukraine,Spain,25,25,25,18,22,25,23,,
2017,final,Ukraine,Sweden,4,14,7,20,12,13,15,,
2017,final,Ukraine,United Kingdom,18,17,14,14,15,20,19,,
2017,final,United Kingdom,Armenia,21,18,16,15,18,9,25,,
2017,final,United Kingdom,Australia,16,2,7,8,2,3,4,,
2017,final,United Kingdom,Austria,18,8,9,19,5,10,8,,
2017,final,United Kingdom,Azerbaijan,20,15,13,12,19,17,18,,
2017,final,United Kingdom,Belarus,17,10,8,11,3,14,19,,
2017,final,United Kingdom,Belgium,8,6,15,6,4,12,1,,
2017,final,United Kingdom,Bulgaria,1,4,10,2,10,1,3,,
2017,final,United Kingdom,Croatia,6,23,6,25,20,24,23,,
2017,final,United Kingdom,Cyprus,13,12,5,17,13,15,15,,
2017,final,United Kingdom,Denmark,24,9,20,4,12,4,11,,
2017,final,United Kingdom,France,15,25,25,22,23,19,22,,
2017,final,United Kingdom,Germany,23,11,12,23,8,8,5,,
2017,final,United Kingdom,Greece,11,22,24,16,15,22,21,,
2017,final,United Kingdom,Hungary,10,24,23,18,17,21,24,,
2017,final,United Kingdom,Israel,19,17,11,24,11,16,20,,
2017,final,United Kingdom,Italy,9,20,18,14,16,23,17,,
2017,final,United Kingdom,Moldova,5,5,4,7,7,7,2,,
2017,final,United Kingdom,Netherlands,12,7,19,5,6,2,9,,
2017,final,United Kingdom,Norway,14,14,14,9,24,20,12,,
2017,final,United Kingdom,Poland,2,13,22,10,14,11,16,,
2017,final,United Kingdom,Portugal,3,1,1,3,1,5,7,,
2017,final,United Kingdom,Romania,4,16,17,13,22,13,14,,
2017,final,United Kingdom,Spain,25,19,2,21,25,25,10,,
2017,final,United Kingdom,Sweden,7,3,3,1,9,6,6,,
2017,final,United Kingdom,Ukraine,22,21,21,20,21,18,13,,
2018,semi-final-1,Albania,Armenia,12,11,10,6,7,17,11,,
2018,semi-final-1,Albania,Austria,8,12,11,12,5,16,16,,
2018,semi-final-1,Albania,Azerbaijan,4,6,3,17,17,3,4,,
2018,semi-final-1,Albania,Belarus,13,4,6,4,10,9,1,,
2018,semi-final-1,Albania,Belgium,15,7,7,1,8,11,8,,
2018,semi-final-1,Albania,Bulgaria,6,5,8,5,2,7,7,,
2018,semi-final-1,Albania,Croatia,17,13,14,9,13,8,10,,
2018,semi-final-1,Albania,Cyprus,1,1,1,8,4,1,2,,
2018,semi-final-1,Albania,Czechia,9,18,18,15,15,15,18,,
2018,semi-final-1,Albania,Estonia,5,14,15,18,18,5,14,,
2018,semi-final-1,Albania,Finland,3,16,12,13,11,14,12,,
2018,semi-final-1,Albania,Greece,2,8,4,11,12,4,5,,
2018,semi-final-1,Albania,Iceland,18,17,17,16,16,10,17,,
2018,semi-final-1,Albania,Ireland,14,15,16,14,6,18,15,,
2018,semi-final-1,Albania,Israel,7,2,5,3,3,6,6,,
2018,semi-final-1,Albania,Lithuania,11,10,13,2,9,13,9,,
2018,semi-final-1,Albania,North Macedonia,16,3,2,10,14,2,3,,
2018,semi-final-1,Albania,Switzerland,10,9,9,7,1,12,13,,
2018,semi-final-1,Armenia,Albania,15,6,5,10,5,5,8,,
2018,semi-final-1,Armenia,Austria,5,7,8,5,2,14,11,,
2018,semi-final-1,Armenia,Azerbaijan,17,18,18,18,18,18,18,,
2018,semi-final-1,Armenia,Belarus,2,10,12,6,6,9,9,,
2018,semi-final-1,Armenia,Belgium,8,5,7,1,9,6,10,,
2018,semi-final-1,Armenia,Bulgaria,9,15,13,9,15,11,12,,
2018,semi-final-1,Armenia,Croatia,10,12,11,13,16,10,5,,
2018,semi-final-1,Armenia,Cyprus,1,2,4,4,13,2,1,,
2018,semi-final-1,Armenia,Czechia,4,4,3,3,11,3,4,,
2018,semi-final-1,Armenia,Estonia,6,3,1,8,7,4,3,,
2018,semi-final-1,Armenia,Finland,13,17,16,11,17,16,15,,
2018,semi-final-1,Armenia,Greece,3,9,9,14,1,13,13,,
2018,semi-final-1,Armenia,Iceland,18,14,6,12,12,17,14,,
2018,semi-final-1,Armenia,Ireland,14,11,14,16,10,7,7,,
2018,semi-final-1,Armenia,Israel,7,1,2,2,8,1,2,,
2018,semi-final-1,Armenia,Lithuania,12,13,17,17,3,15,16,,
2018,semi-final-1,Armenia,North Macedonia,16,16,15,15,14,12,17,,
2018,semi-final-1,Armenia,Switzerland,11,8,10,7,4,8,6,,
2018,semi-final-1,Austria,Albania,10,5,4,3,6,8,4,,
2018,semi-final-1,Austria,Armenia,15,2,5,6,1,3,3,,
2018,semi-final-1,Austria,Azerbaijan,7,16,16,16,14,17,14,,
2018,semi-final-1,Austria,Belarus,16,18,18,17,17,18,16,,
2018,semi-final-1,Austria,Belgium,14,4,6,1,11,13,1,,
2018,semi-final-1,Austria,Bulgaria,6,7,9,8,3,9,6,,
2018,semi-final-1,Austria,Croatia,9,13,13,13,18,7,12,,
2018,semi-final-1,Austria,Cyprus,4,11,12,15,15,4,9,,
2018,semi-final-1,Austria,Czechia,2,3,10,2,4,2,5,,
2018,semi-final-1,Austria,Estonia,8,8,2,7,9,12,8,,
2018,semi-final-1,Austria,Finland,11,12,14,9,10,11,13,,
2018,semi-final-1,Austria,Greece,13,14,15,14,12,10,10,,
2018,semi-final-1,Austria,Iceland,17,15,8,12,13,14,17,,
2018,semi-final-1,Austria,Ireland,1,6,3,10,5,5,7,,
2018,semi-final-1,Austria,Israel,5,1,1,4,2,1,2,,
2018,semi-final-1,Austria,Lithuania,12,9,7,5,7,15,15,,
2018,semi-final-1,Austria,North Macedonia,18,17,17,18,16,16,18,,
2018,semi-final-1,Austria,Switzerland,3,10,11,11,8,6,11,,
2018,semi-final-1,Azerbaijan,Albania,11,4,7,2,3,4,2,,
2018,semi-final-1,Azerbaijan,Armenia,18,18,18,18,18,18,18,,
2018,semi-final-1,Azerbaijan,Austria,6,15,15,15,15,15,14,,
2018,semi-final-1,Azerbaijan,Belarus,1,1,2,1,1,3,4,,
2018,semi-final-1,Azerbaijan,Belgium,9,17,17,17,17,17,16,,
2018,semi-final-1,Azerbaijan,Bulgaria,7,9,10,9,9,9,9,,
2018,semi-final-1,Azerbaijan,Croatia,16,6,3,6,8,5,6,,
2018,semi-final-1,Azerbaijan,Cyprus,4,3,6,3,5,2,1,,
2018,semi-final-1,Azerbaijan,Czechia,3,12,12,12,13,13,11,,
2018,semi-final-1,Azerbaijan,Estonia,8,10,9,11,10,10,10,,
2018,semi-final-1,Azerbaijan,Finland,14,14,14,13,14,12,15,,
2018,semi-final-1,Azerbaijan,Greece,13,2,4,5,2,1,3,,
2018,semi-final-1,Azerbaijan,Iceland,15,13,13,14,12,14,13,,
2018,semi-final-1,Azerbaijan,Ireland,5,11,11,10,11,11,12,,
2018,semi-final-1,Azerbaijan,Israel,2,7,5,8,6,7,7,,
2018,semi-final-1,Azerbaijan,Lithuania,10,16,16,16,16,16,17,,
2018,semi-final-1,Azerbaijan,North Macedonia,17,5,1,4,4,6,5,,
2018,semi-final-1,Azerbaijan,Switzerland,12,8,8,7,7,8,8,,
2018,semi-final-1,Belarus,Albania,16,1,1,1,4,1,2,,
2018,semi-final-1,Belarus,Armenia,1,7,8,5,9,13,3,,
2018,semi-final-1,Belarus,Austria,7,10,9,9,8,15,11,,
2018,semi-final-1,Belarus,Azerbaijan,11,13,6,15,16,8,18,,
2018,semi-final-1,Belarus,Belgium,9,17,16,8,15,17,17,,
2018,semi-final-1,Belarus,Bulgaria,6,6,4,11,3,7,9,,
2018,semi-final-1,Belarus,Croatia,15,3,5,2,7,3,1,,
2018,semi-final-1,Belarus,Cyprus,4,15,12,12,11,11,15,,
2018,semi-final-1,Belarus,Czechia,3,2,3,3,1,2,6,,
2018,semi-final-1,Belarus,Estonia,8,12,13,13,13,6,10,,
2018,semi-final-1,Belarus,Finland,13,8,7,16,12,14,4,,
2018,semi-final-1,Belarus,Greece,14,14,10,17,17,9,12,,
2018,semi-final-1,Belarus,Iceland,17,4,2,4,5,5,5,,
2018,semi-final-1,Belarus,Ireland,10,9,11,10,6,10,14,,
2018,semi-final-1,Belarus,Israel,2,5,14,7,2,4,8,,
2018,semi-final-1,Belarus,Lithuania,5,11,15,6,14,16,7,,
2018,semi-final-1,Belarus,North Macedonia,18,18,18,18,18,18,16,,
2018,semi-final-1,Belarus,Switzerland,12,16,17,14,10,12,13,,
2018,semi-final-1,Belgium,Albania,11,7,9,4,12,2,10,,
2018,semi-final-1,Belgium,Armenia,5,5,6,5,3,4,7,,
2018,semi-final-1,Belgium,Austria,2,1,1,1,1,1,1,,
2018,semi-final-1,Belgium,Azerbaijan,14,15,15,15,8,14,16,,
2018,semi-final-1,Belgium,Belarus,16,17,17,18,18,17,17,,
2018,semi-final-1,Belgium,Bulgaria,12,9,8,11,9,6,13,,
2018,semi-final-1,Belgium,Croatia,17,14,16,16,15,12,8,,
2018,semi-final-1,Belgium,Cyprus,4,8,12,8,7,7,12,,
2018,semi-final-1,Belgium,Czechia,3,2,2,3,4,3,4,,
2018,semi-final-1,Belgium,Estonia,6,11,13,9,11,15,5,,
2018,semi-final-1,Belgium,Finland,9,12,7,13,13,11,9,,
2018,semi-final-1,Belgium,Greece,10,16,14,14,16,16,15,,
2018,semi-final-1,Belgium,Iceland,15,10,10,12,10,5,14,,
2018,semi-final-1,Belgium,Ireland,1,6,4,2,6,10,6,,
2018,semi-final-1,Belgium,Israel,8,4,3,6,5,9,3,,
2018,semi-final-1,Belgium,Lithuania,7,13,11,10,14,13,11,,
2018,semi-final-1,Belgium,North Macedonia,18,18,18,17,17,18,18,,
2018,semi-final-1,Belgium,Switzerland,13,3,5,7,2,8,2,,
2018,semi-final-1,Bulgaria,Albania,15,5,17,1,5,12,2,,
2018,semi-final-1,Bulgaria,Armenia,5,9,9,7,10,7,5,,
2018,semi-final-1,Bulgaria,Austria,3,3,6,3,4,3,6,,
2018,semi-final-1,Bulgaria,Azerbaijan,13,11,8,6,7,14,8,,
2018,semi-final-1,Bulgaria,Belarus,9,12,11,5,12,8,10,,
2018,semi-final-1,Bulgaria,Belgium,16,1,2,2,3,9,1,,
2018,semi-final-1,Bulgaria,Croatia,17,7,1,14,15,5,12,,
2018,semi-final-1,Bulgaria,Cyprus,1,8,15,9,13,1,9,,
2018,semi-final-1,Bulgaria,Czechia,8,4,5,8,2,6,3,,
2018,semi-final-1,Bulgaria,Estonia,7,16,10,16,17,11,18,,
2018,semi-final-1,Bulgaria,Finland,10,10,7,17,9,2,17,,
2018,semi-final-1,Bulgaria,Greece,2,17,16,15,16,17,14,,
2018,semi-final-1,Bulgaria,Iceland,18,18,13,18,18,18,16,,
2018,semi-final-1,Bulgaria,Ireland,11,14,18,12,8,15,15,,
2018,semi-final-1,Bulgaria,Israel,4,6,4,10,6,4,7,,
2018,semi-final-1,Bulgaria,Lithuania,14,2,3,4,1,10,4,,
2018,semi-final-1,Bulgaria,North Macedonia,6,15,14,13,14,13,11,,
2018,semi-final-1,Bulgaria,Switzerland,12,13,12,11,11,16,13,,
2018,semi-final-1,Croatia,Albania,7,7,7,16,4,6,10,,
2018,semi-final-1,Croatia,Armenia,17,15,14,8,11,15,11,,
2018,semi-final-1,Croatia,Austria,4,11,5,14,13,14,12,,
2018,semi-final-1,Croatia,Azerbaijan,6,17,16,18,9,10,13,,
2018,semi-final-1,Croatia,Belarus,15,18,15,9,12,18,18,,
2018,semi-final-1,Croatia,Belgium,16,10,8,17,7,9,15,,
2018,semi-final-1,Croatia,Bulgaria,12,5,6,4,18,7,6,,
2018,semi-final-1,Croatia,Cyprus,1,9,18,12,3,5,17,,
2018,semi-final-1,Croatia,Czechia,2,2,1,1,6,3,3,,
2018,semi-final-1,Croatia,Estonia,5,12,12,15,14,13,5,,
2018,semi-final-1,Croatia,Finland,13,13,13,11,10,11,9,,
2018,semi-final-1,Croatia,Greece,8,8,10,13,15,8,2,,
2018,semi-final-1,Croatia,Iceland,18,14,9,7,17,12,16,,
2018,semi-final-1,Croatia,Ireland,3,4,4,2,8,17,7,,
2018,semi-final-1,Croatia,Israel,11,1,3,3,1,2,1,,
2018,semi-final-1,Croatia,Lithuania,14,3,2,5,2,1,4,,
2018,semi-final-1,Croatia,North Macedonia,10,16,17,6,16,16,14,,
2018,semi-final-1,Croatia,Switzerland,9,6,11,10,5,4,8,,
2018,semi-final-1,Cyprus,Albania,14,4,5,4,3,6,5,,
2018,semi-final-1,Cyprus,Armenia,7,18,17,15,18,18,14,,
2018,semi-final-1,Cyprus,Austria,10,8,10,13,14,2,16,,
2018,semi-final-1,Cyprus,Azerbaijan,15,2,3,2,1,4,2,,
2018,semi-final-1,Cyprus,Belarus,6,15,9,7,16,14,13,,
2018,semi-final-1,Cyprus,Belgium,13,16,18,16,9,12,17,,
2018,semi-final-1,Cyprus,Bulgaria,2,5,6,5,4,3,7,,
2018,semi-final-1,Cyprus,Croatia,16,7,8,9,6,8,9,,
2018,semi-final-1,Cyprus,Czechia,4,10,11,12,8,7,8,,
2018,semi-final-1,Cyprus,Estonia,5,6,14,1,13,9,15,,
2018,semi-final-1,Cyprus,Finland,12,9,2,17,15,15,10,,
2018,semi-final-1,Cyprus,Greece,1,3,4,6,5,5,1,,
2018,semi-final-1,Cyprus,Iceland,18,17,15,11,11,17,18,,
2018,semi-final-1,Cyprus,Ireland,9,14,7,14,12,11,12,,
2018,semi-final-1,Cyprus,Israel,3,1,1,3,2,1,4,,
2018,semi-final-1,Cyprus,Lithuania,8,13,12,18,10,13,6,,
2018,semi-final-1,Cyprus,North Macedonia,17,12,13,8,7,10,11,,
2018,semi-final-1,Cyprus,Switzerland,11,11,16,10,17,16,3,,
2018,semi-final-1,Czechia,Albania,8,6,5,5,5,5,7,,
2018,semi-final-1,Czechia,Armenia,3,9,7,10,9,7,8,,
2018,semi-final-1,Czechia,Austria,5,10,11,7,8,8,12,,
2018,semi-final-1,Czechia,Azerbaijan,2,15,15,13,18,18,14,,
2018,semi-final-1,Czechia,Belarus,13,14,14,16,13,13,15,,
2018,semi-final-1,Czechia,Belgium,15,2,4,4,4,2,1,,
2018,semi-final-1,Czechia,Bulgaria,9,4,6,3,7,1,3,,
2018,semi-final-1,Czechia,Croatia,16,13,12,11,15,11,11,,
2018,semi-final-1,Czechia,Cyprus,4,18,16,18,17,17,17,,
2018,semi-final-1,Czechia,Estonia,6,12,10,15,10,14,9,,
2018,semi-final-1,Czechia,Finland,10,11,13,6,12,10,13,,
2018,semi-final-1,Czechia,Greece,12,16,17,14,16,15,16,,
2018,semi-final-1,Czechia,Iceland,18,7,9,8,11,3,10,,
2018,semi-final-1,Czechia,Ireland,7,3,1,2,2,9,6,,
2018,semi-final-1,Czechia,Israel,1,1,2,1,3,4,2,,
2018,semi-final-1,Czechia,Lithuania,14,8,8,12,6,12,4,,
2018,semi-final-1,Czechia,North Macedonia,17,17,18,17,14,16,18,,
2018,semi-final-1,Czechia,Switzerland,11,5,3,9,1,6,5,,
2018,semi-final-1,Estonia,Albania,13,10,10,10,13,5,8,,
2018,semi-final-1,Estonia,Armenia,12,15,18,14,17,7,7,,
2018,semi-final-1,Estonia,Austria,3,1,1,2,8,1,1,,
2018,semi-final-1,Estonia,Azerbaijan,11,8,8,3,14,8,14,,
2018,semi-final-1,Estonia,Belarus,5,17,12,8,18,16,15,,
2018,semi-final-1,Estonia,Belgium,8,7,11,7,3,15,10,,
2018,semi-final-1,Estonia,Bulgaria,17,4,15,4,12,6,3,,
2018,semi-final-1,Estonia,Croatia,15,9,13,9,7,10,5,,
2018,semi-final-1,Estonia,Cyprus,7,3,4,1,4,4,4,,
2018,semi-final-1,Estonia,Czechia,4,14,6,18,6,18,16,,
2018,semi-final-1,Estonia,Finland,1,6,2,5,10,13,11,,
2018,semi-final-1,Estonia,Greece,14,13,7,6,16,12,12,,
2018,semi-final-1,Estonia,Iceland,16,11,5,12,9,9,17,,
2018,semi-final-1,Estonia,Ireland,6,5,9,11,5,3,9,,
2018,semi-final-1,Estonia,Israel,10,12,14,17,2,17,18,,
2018,semi-final-1,Estonia,Lithuania,2,2,3,13,1,2,2,,
2018,semi-final-1,Estonia,North Macedonia,18,18,16,16,15,14,13,,
2018,semi-final-1,Estonia,Switzerland,9,16,17,15,11,11,6,,
2018,semi-final-1,Finland,Albania,10,5,6,4,16,4,7,,
2018,semi-final-1,Finland,Armenia,15,8,14,7,5,7,11,,
2018,semi-final-1,Finland,Austria,3,3,4,3,3,1,4,,
2018,semi-final-1,Finland,Azerbaijan,16,14,16,10,13,10,15,,
2018,semi-final-1,Finland,Belarus,8,17,18,17,18,12,17,,
2018,semi-final-1,Finland,Belgium,14,6,12,6,7,8,3,,
2018,semi-final-1,Finland,Bulgaria,12,2,5,2,2,2,2,,
2018,semi-final-1,Finland,Croatia,17,15,10,12,14,16,16,,
2018,semi-final-1,Finland,Cyprus,6,4,2,15,4,14,5,,
2018,semi-final-1,Finland,Czechia,4,12,7,9,8,13,14,,
2018,semi-final-1,Finland,Estonia,1,16,13,18,10,18,13,,
2018,semi-final-1,Finland,Greece,11,11,15,11,11,5,10,,
2018,semi-final-1,Finland,Iceland,13,13,9,13,12,6,12,,
2018,semi-final-1,Finland,Ireland,5,7,3,5,15,15,8,,
2018,semi-final-1,Finland,Israel,2,1,1,1,1,3,1,,
2018,semi-final-1,Finland,Lithuania,9,9,11,14,6,9,6,,
2018,semi-final-1,Finland,North Macedonia,18,18,17,16,17,17,18,,
2018,semi-final-1,Finland,Switzerland,7,10,8,8,9,11,9,,
2018,semi-final-1,Greece,Albania,2,3,2,4,3,4,5,,
2018,semi-final-1,Greece,Armenia,6,17,16,15,16,17,14,,
2018,semi-final-1,Greece,Austria,15,14,13,11,12,14,12,,
2018,semi-final-1,Greece,Azerbaijan,8,1,1,2,1,1,2,,
2018,semi-final-1,Greece,Belarus,10,13,15,7,14,13,9,,
2018,semi-final-1,Greece,Belgium,12,16,14,16,13,15,15,,
2018,semi-final-1,Greece,Bulgaria,4,5,9,5,4,2,3,,
2018,semi-final-1,Greece,Croatia,16,6,6,8,8,9,6,,
2018,semi-final-1,Greece,Cyprus,1,4,7,1,6,6,1,,
2018,semi-final-1,Greece,Czechia,5,9,10,6,10,7,8,,
2018,semi-final-1,Greece,Estonia,3,2,3,3,2,5,4,,
2018,semi-final-1,Greece,Finland,14,15,17,13,15,12,11,,
2018,semi-final-1,Greece,Iceland,18,18,18,17,18,18,17,,
2018,semi-final-1,Greece,Ireland,7,12,11,10,9,10,13,,
2018,semi-final-1,Greece,Israel,9,7,5,12,5,11,10,,
2018,semi-final-1,Greece,Lithuania,13,11,4,18,11,16,18,,
2018,semi-final-1,Greece,North Macedonia,17,8,8,9,7,8,7,,
2018,semi-final-1,Greece,Switzerland,11,10,12,14,17,3,16,,
2018,semi-final-1,Iceland,Albania,14,1,2,4,4,7,1,,
2018,semi-final-1,Iceland,Armenia,17,14,14,10,15,15,8,,
2018,semi-final-1,Iceland,Austria,4,4,9,1,3,10,4,,
2018,semi-final-1,Iceland,Azerbaijan,10,16,15,17,14,8,14,,
2018,semi-final-1,Iceland,Belarus,15,18,18,15,16,18,18,,
2018,semi-final-1,Iceland,Belgium,12,9,3,12,13,5,12,,
2018,semi-final-1,Iceland,Bulgaria,11,11,13,14,10,6,6,,
2018,semi-final-1,Iceland,Croatia,16,15,11,16,7,16,16,,
2018,semi-final-1,Iceland,Cyprus,6,12,17,8,9,12,9,,
2018,semi-final-1,Iceland,Czechia,1,6,7,6,8,1,13,,
2018,semi-final-1,Iceland,Estonia,5,5,10,2,6,4,5,,
2018,semi-final-1,Iceland,Finland,2,7,4,11,5,9,7,,
2018,semi-final-1,Iceland,Greece,13,10,16,13,11,2,10,,
2018,semi-final-1,Iceland,Ireland,7,3,8,3,1,13,2,,
2018,semi-final-1,Iceland,Israel,3,2,5,5,2,3,3,,
2018,semi-final-1,Iceland,Lithuania,8,13,6,9,17,11,15,,
2018,semi-final-1,Iceland,North Macedonia,18,17,12,18,18,17,17,,
2018,semi-final-1,Iceland,Switzerland,9,8,1,7,12,14,11,,
2018,semi-final-1,Ireland,Albania,10,11,13,7,7,16,11,,
2018,semi-final-1,Ireland,Armenia,14,13,12,11,8,12,15,,
2018,semi-final-1,Ireland,Austria,3,4,2,5,9,5,2,,
2018,semi-final-1,Ireland,Azerbaijan,17,14,14,12,12,8,12,,
2018,semi-final-1,Ireland,Belarus,15,18,17,18,16,15,18,,
2018,semi-final-1,Ireland,Belgium,11,9,7,16,4,11,8,,
2018,semi-final-1,Ireland,Bulgaria,8,5,11,8,3,4,3,,
2018,semi-final-1,Ireland,Croatia,12,12,10,6,13,13,13,,
2018,semi-final-1,Ireland,Cyprus,4,1,1,1,10,1,5,,
2018,semi-final-1,Ireland,Czechia,7,7,4,4,17,7,10,,
2018,semi-final-1,Ireland,Estonia,2,3,6,14,1,2,1,,
2018,semi-final-1,Ireland,Finland,5,6,3,3,14,6,9,,
2018,semi-final-1,Ireland,Greece,13,10,16,13,5,10,7,,
2018,semi-final-1,Ireland,Iceland,16,17,15,17,18,17,16,,
2018,semi-final-1,Ireland,Israel,6,2,5,2,2,3,4,,
2018,semi-final-1,Ireland,Lithuania,1,15,9,10,15,14,14,,
2018,semi-final-1,Ireland,North Macedonia,18,16,18,15,11,18,17,,
2018,semi-final-1,Ireland,Switzerland,9,8,8,9,6,9,6,,
2018,semi-final-1,Israel,Albania,13,7,17,4,3,13,16,,
2018,semi-final-1,Israel,Armenia,14,6,7,12,6,9,2,,
2018,semi-final-1,Israel,Austria,3,1,9,1,13,1,1,,
2018,semi-final-1,Israel,Azerbaijan,6,2,2,3,1,5,10,,
2018,semi-final-1,Israel,Belarus,12,18,14,17,17,15,18,,
2018,semi-final-1,Israel,Belgium,9,13,12,8,11,6,7,,
2018,semi-final-1,Israel,Bulgaria,8,14,4,13,16,10,8,,
2018,semi-final-1,Israel,Croatia,16,5,1,10,14,4,12,,
2018,semi-final-1,Israel,Cyprus,2,12,8,7,7,12,9,,
2018,semi-final-1,Israel,Czechia,1,8,16,5,8,8,6,,
2018,semi-final-1,Israel,Estonia,4,16,13,9,9,18,11,,
2018,semi-final-1,Israel,Finland,5,4,6,2,10,7,3,,
2018,semi-final-1,Israel,Greece,11,17,10,15,15,17,13,,
2018,semi-final-1,Israel,Iceland,17,11,18,16,4,14,4,,
2018,semi-final-1,Israel,Ireland,7,15,15,6,12,11,15,,
2018,semi-final-1,Israel,Lithuania,15,9,3,14,5,16,17,,
2018,semi-final-1,Israel,North Macedonia,18,10,5,18,18,3,14,,
2018,semi-final-1,Israel,Switzerland,10,3,11,11,2,2,5,,
2018,semi-final-1,Lithuania,Albania,14,10,14,5,6,18,13,,
2018,semi-final-1,Lithuania,Armenia,13,15,10,13,16,17,16,,
2018,semi-final-1,Lithuania,Austria,2,2,1,2,1,7,1,,
2018,semi-final-1,Lithuania,Azerbaijan,11,18,18,17,17,13,18,,
2018,semi-final-1,Lithuania,Belarus,5,17,17,16,18,11,12,,
2018,semi-final-1,Lithuania,Belgium,3,3,4,8,4,1,6,,
2018,semi-final-1,Lithuania,Bulgaria,9,8,8,7,10,9,4,,
2018,semi-final-1,Lithuania,Croatia,16,11,9,10,12,14,10,,
2018,semi-final-1,Lithuania,Cyprus,6,14,6,18,13,16,17,,
2018,semi-final-1,Lithuania,Czechia,4,6,7,3,8,10,7,,
2018,semi-final-1,Lithuania,Estonia,1,7,11,9,3,6,8,,
2018,semi-final-1,Lithuania,Finland,8,9,12,11,14,3,9,,
2018,semi-final-1,Lithuania,Greece,17,12,13,14,9,8,15,,
2018,semi-final-1,Lithuania,Iceland,15,13,16,12,7,12,14,,
2018,semi-final-1,Lithuania,Ireland,7,1,2,1,2,2,3,,
2018,semi-final-1,Lithuania,Israel,10,4,3,4,11,5,2,,
2018,semi-final-1,Lithuania,North Macedonia,18,16,15,15,15,15,11,,
2018,semi-final-1,Lithuania,Switzerland,12,5,5,6,5,4,5,,
2018,semi-final-1,North Macedonia,Albania,1,2,1,7,4,1,2,,
2018,semi-final-1,North Macedonia,Armenia,18,15,15,16,11,17,12,,
2018,semi-final-1,North Macedonia,Austria,11,18,17,15,17,16,14,,
2018,semi-final-1,North Macedonia,Azerbaijan,6,4,4,11,1,5,5,,
2018,semi-final-1,North Macedonia,Belarus,14,13,11,17,18,10,17,,
2018,semi-final-1,North Macedonia,Belgium,15,17,16,14,16,15,13,,
2018,semi-final-1,North Macedonia,Bulgaria,3,1,2,3,3,3,1,,
2018,semi-final-1,North Macedonia,Croatia,2,5,5,6,5,4,3,,
2018,semi-final-1,North Macedonia,Cyprus,4,8,10,4,7,8,7,,
2018,semi-final-1,North Macedonia,Czechia,5,3,7,1,2,2,4,,
2018,semi-final-1,North Macedonia,Estonia,12,7,6,5,9,7,6,,
2018,semi-final-1,North Macedonia,Finland,9,12,13,12,15,14,11,,
2018,semi-final-1,North Macedonia,Greece,7,11,18,8,12,18,15,,
2018,semi-final-1,North Macedonia,Iceland,17,9,8,10,6,9,9,,
2018,semi-final-1,North Macedonia,Ireland,13,10,9,9,10,12,10,,
2018,semi-final-1,North Macedonia,Israel,8,6,3,2,8,6,8,,
2018,semi-final-1,North Macedonia,Lithuania,16,16,14,18,13,11,16,,
2018,semi-final-1,North Macedonia,Switzerland,10,14,12,13,14,13,18,,
2018,semi-final-1,Portugal,Albania,15,6,5,9,9,4,3,,
2018,semi-final-1,Portugal,Armenia,17,7,4,4,11,8,9,,
2018,semi-final-1,Portugal,Austria,6,5,6,5,4,6,6,,
2018,semi-final-1,Portugal,Azerbaijan,4,19,13,18,19,18,19,,
2018,semi-final-1,Portugal,Belarus,13,14,18,14,15,13,15,,
2018,semi-final-1,Portugal,Belgium,12,2,1,2,3,2,5,,
2018,semi-final-1,Portugal,Bulgaria,14,4,7,3,5,5,2,,
2018,semi-final-1,Portugal,Croatia,18,10,12,13,8,9,13,,
2018,semi-final-1,Portugal,Cyprus,2,15,15,12,16,17,17,,
2018,semi-final-1,Portugal,Czechia,10,8,8,8,7,7,7,,
2018,semi-final-1,Portugal,Estonia,1,3,3,1,2,3,4,,
2018,semi-final-1,Portugal,Finland,7,18,14,16,18,19,18,,
2018,semi-final-1,Portugal,Greece,11,11,10,11,14,11,11,,
2018,semi-final-1,Portugal,Iceland,16,16,19,19,13,14,14,,
2018,semi-final-1,Portugal,Ireland,3,13,17,10,10,15,12,,
2018,semi-final-1,Portugal,Israel,9,9,9,7,6,10,8,,
2018,semi-final-1,Portugal,Lithuania,5,1,2,6,1,1,1,,
2018,semi-final-1,Portugal,North Macedonia,19,17,16,17,17,16,16,,
2018,semi-final-1,Portugal,Switzerland,8,12,11,15,12,12,10,,
2018,semi-final-1,Spain,Albania,6,7,4,4,10,12,4,,
2018,semi-final-1,Spain,Armenia,14,15,10,11,19,17,15,,
2018,semi-final-1,Spain,Austria,11,3,2,3,5,4,3,,
2018,semi-final-1,Spain,Azerbaijan,17,13,17,13,8,18,12,,
2018,semi-final-1,Spain,Belarus,16,16,15,19,12,11,16,,
2018,semi-final-1,Spain,Belgium,13,12,16,14,9,10,13,,
2018,semi-final-1,Spain,Bulgaria,3,8,12,8,14,3,8,,
2018,semi-final-1,Spain,Croatia,19,11,11,12,7,14,11,,
2018,semi-final-1,Spain,Cyprus,2,2,6,1,1,7,1,,
2018,semi-final-1,Spain,Czechia,7,4,5,9,3,5,5,,
2018,semi-final-1,Spain,Estonia,9,5,3,6,4,15,6,,
2018,semi-final-1,Spain,Finland,5,10,9,10,6,8,10,,
2018,semi-final-1,Spain,Greece,12,19,19,17,18,19,18,,
2018,semi-final-1,Spain,Iceland,15,18,18,18,16,13,19,,
2018,semi-final-1,Spain,Ireland,1,9,8,7,11,6,9,,
2018,semi-final-1,Spain,Israel,4,1,1,2,2,1,2,,
2018,semi-final-1,Spain,Lithuania,8,14,14,15,17,9,14,,
2018,semi-final-1,Spain,North Macedonia,18,17,13,16,13,16,17,,
2018,semi-final-1,Spain,Switzerland,10,6,7,5,15,2,7,,
2018,semi-final-1,Switzerland,Albania,2,13,12,16,12,9,8,,
2018,semi-final-1,Switzerland,Armenia,17,11,13,6,11,13,12,,
2018,semi-final-1,Switzerland,Austria,1,5,4,9,10,2,3,,
2018,semi-final-1,Switzerland,Azerbaijan,15,16,17,17,17,16,9,,
2018,semi-final-1,Switzerland,Belarus,18,17,15,15,14,15,16,,
2018,semi-final-1,Switzerland,Belgium,14,14,11,11,15,11,13,,
2018,semi-final-1,Switzerland,Bulgaria,13,8,5,5,7,6,14,,
2018,semi-final-1,Switzerland,Croatia,7,12,16,8,13,8,11,,
2018,semi-final-1,Switzerland,Cyprus,4,7,7,4,2,17,6,,
2018,semi-final-1,Switzerland,Czechia,8,3,3,7,3,1,18,,
2018,semi-final-1,Switzerland,Estonia,10,1,2,2,9,3,1,,
2018,semi-final-1,Switzerland,Finland,6,9,10,10,4,7,7,,
2018,semi-final-1,Switzerland,Greece,9,15,14,12,16,14,15,,
2018,semi-final-1,Switzerland,Iceland,16,10,9,13,5,5,10,,
2018,semi-final-1,Switzerland,Ireland,5,2,6,1,8,4,2,,
2018,semi-final-1,Switzerland,Israel,3,6,1,14,6,12,4,,
2018,semi-final-1,Switzerland,Lithuania,12,4,8,3,1,10,5,,
2018,semi-final-1,Switzerland,North Macedonia,11,18,18,18,18,18,17,,
2018,semi-final-1,United Kingdom,Albania,10,4,2,2,5,10,3,,
2018,semi-final-1,United Kingdom,Armenia,18,9,10,9,11,8,6,,
2018,semi-final-1,United Kingdom,Austria,11,2,3,4,1,5,1,,
2018,semi-final-1,United Kingdom,Azerbaijan,15,16,11,18,7,16,18,,
2018,semi-final-1,United Kingdom,Belarus,14,14,12,14,8,9,17,,
2018,semi-final-1,United Kingdom,Belgium,13,11,5,8,15,15,16,,
2018,semi-final-1,United Kingdom,Bulgaria,5,1,4,1,2,3,2,,
2018,semi-final-1,United Kingdom,Croatia,19,6,6,6,4,13,9,,
2018,semi-final-1,United Kingdom,Cyprus,3,15,15,10,17,7,13,,
2018,semi-final-1,United Kingdom,Czechia,9,13,19,15,19,6,8,,
2018,semi-final-1,United Kingdom,Estonia,7,5,8,3,6,14,5,,
2018,semi-final-1,United Kingdom,Finland,4,8,16,11,10,2,11,,
2018,semi-final-1,United Kingdom,Greece,8,12,17,7,13,18,7,,
2018,semi-final-1,United Kingdom,Iceland,16,17,9,19,14,17,14,,
2018,semi-final-1,United Kingdom,Ireland,2,10,14,13,9,4,10,,
2018,semi-final-1,United Kingdom,Israel,6,3,7,5,3,1,4,,
2018,semi-final-1,United Kingdom,Lithuania,1,19,18,17,16,19,15,,
2018,semi-final-1,United Kingdom,North Macedonia,17,18,13,16,12,12,19,,
2018,semi-final-1,United Kingdom,Switzerland,12,7,1,12,18,11,12,,
2018,semi-final-2,Australia,Denmark,1,5,6,10,16,1,15,,
2018,semi-final-2,Australia,Georgia,15,11,3,12,14,11,11,,
2018,semi-final-2,Australia,Hungary,8,7,4,11,7,6,9,,
2018,semi-final-2,Australia,Latvia,11,6,5,14,15,9,2,,
2018,semi-final-2,Australia,Malta,4,8,10,4,5,17,7,,
2018,semi-final-2,Australia,Moldova,2,2,2,2,4,4,10,,
2018,semi-final-2,Australia,Montenegro,16,13,14,17,9,14,5,,
2018,semi-final-2,Australia,Netherlands,10,10,11,13,3,10,13,,
2018,semi-final-2,Australia,Norway,5,3,15,3,8,3,1,,
2018,semi-final-2,Australia,Poland,13,17,9,15,17,8,16,,
2018,semi-final-2,Australia,Romania,14,12,17,9,12,16,4,,
2018,semi-final-2,Australia,Russia,17,16,13,8,13,15,12,,
2018,semi-final-2,Australia,San Marino,9,15,16,16,10,7,17,,
2018,semi-final-2,Australia,Serbia,12,14,12,7,11,12,14,,
2018,semi-final-2,Australia,Slovenia,7,9,8,5,6,13,8,,
2018,semi-final-2,Australia,Sweden,3,1,1,1,1,2,3,,
2018,semi-final-2,Australia,Ukraine,6,4,7,6,2,5,6,,
2018,semi-final-2,Denmark,Australia,3,1,1,3,1,2,1,,
2018,semi-final-2,Denmark,Georgia,16,15,15,12,12,9,17,,
2018,semi-final-2,Denmark,Hungary,11,13,9,15,16,11,6,,
2018,semi-final-2,Denmark,Latvia,9,4,7,6,9,5,2,,
2018,semi-final-2,Denmark,Malta,10,3,5,2,8,6,7,,
2018,semi-final-2,Denmark,Moldova,5,9,4,9,7,15,10,,
2018,semi-final-2,Denmark,Montenegro,17,17,16,11,11,16,16,,
2018,semi-final-2,Denmark,Netherlands,4,6,3,5,6,14,4,,
2018,semi-final-2,Denmark,Norway,1,5,6,7,3,12,3,,
2018,semi-final-2,Denmark,Poland,7,12,14,10,15,13,5,,
2018,semi-final-2,Denmark,Romania,14,14,13,13,13,8,12,,
2018,semi-final-2,Denmark,Russia,15,11,17,14,4,10,14,,
2018,semi-final-2,Denmark,San Marino,13,16,8,17,17,17,11,,
2018,semi-final-2,Denmark,Serbia,12,10,11,16,5,7,13,,
2018,semi-final-2,Denmark,Slovenia,8,7,10,4,10,4,9,,
2018,semi-final-2,Denmark,Sweden,2,2,2,1,2,3,8,,
2018,semi-final-2,Denmark,Ukraine,6,8,12,8,14,1,15,,
2018,semi-final-2,France,Australia,5,1,4,1,2,2,1,,
2018,semi-final-2,France,Denmark,6,14,11,13,12,10,9,,
2018,semi-final-2,France,Georgia,15,18,17,17,18,13,18,,
2018,semi-final-2,France,Hungary,11,15,9,16,16,14,12,,
2018,semi-final-2,France,Latvia,14,2,12,2,5,1,2,,
2018,semi-final-2,France,Malta,16,5,3,10,4,9,3,,
2018,semi-final-2,France,Moldova,1,13,5,18,17,12,13,,
2018,semi-final-2,France,Montenegro,18,16,18,12,14,17,17,,
2018,semi-final-2,France,Netherlands,12,3,2,4,6,3,4,,
2018,semi-final-2,France,Norway,7,9,13,8,9,6,10,,
2018,semi-final-2,France,Poland,4,7,8,5,7,8,6,,
2018,semi-final-2,France,Romania,3,10,15,14,3,16,15,,
2018,semi-final-2,France,Russia,13,8,6,6,13,5,8,,
2018,semi-final-2,France,San Marino,17,11,7,9,11,18,14,,
2018,semi-final-2,France,Serbia,2,17,16,15,15,15,16,,
2018,semi-final-2,France,Slovenia,9,6,10,7,1,7,5,,
2018,semi-final-2,France,Sweden,10,4,1,3,10,4,7,,
2018,semi-final-2,France,Ukraine,8,12,14,11,8,11,11,,
2018,semi-final-2,Georgia,Australia,13,11,6,7,16,13,16,,
2018,semi-final-2,Georgia,Denmark,8,14,13,15,10,15,10,,
2018,semi-final-2,Georgia,Hungary,7,9,10,8,7,9,7,,
2018,semi-final-2,Georgia,Latvia,4,3,2,2,3,3,3,,
2018,semi-final-2,Georgia,Malta,16,7,5,6,8,8,8,,
2018,semi-final-2,Georgia,Moldova,1,8,8,5,14,11,6,,
2018,semi-final-2,Georgia,Montenegro,17,17,17,13,17,12,17,,
2018,semi-final-2,Georgia,Netherlands,10,2,3,4,2,2,2,,
2018,semi-final-2,Georgia,Norway,6,6,11,12,5,4,5,,
2018,semi-final-2,Georgia,Poland,14,13,12,17,9,10,14,,
2018,semi-final-2,Georgia,Romania,3,5,4,3,13,5,15,,
2018,semi-final-2,Georgia,Russia,5,15,16,14,12,14,13,,
2018,semi-final-2,Georgia,San Marino,15,16,15,16,15,16,12,,
2018,semi-final-2,Georgia,Serbia,11,12,14,10,11,17,9,,
2018,semi-final-2,Georgia,Slovenia,12,10,9,11,6,7,11,,
2018,semi-final-2,Georgia,Sweden,9,1,1,1,1,1,1,,
2018,semi-final-2,Georgia,Ukraine,2,4,7,9,4,6,4,,
2018,semi-final-2,Germany,Australia,4,3,3,4,3,2,3,,
2018,semi-final-2,Germany,Denmark,2,11,7,12,14,9,14,,
2018,semi-final-2,Germany,Georgia,15,14,13,9,15,12,13,,
2018,semi-final-2,Germany,Hungary,3,16,15,16,17,8,17,,
2018,semi-final-2,Germany,Latvia,14,2,2,2,2,5,2,,
2018,semi-final-2,Germany,Malta,17,5,4,6,5,11,6,,
2018,semi-final-2,Germany,Moldova,6,7,5,11,12,4,8,,
2018,semi-final-2,Germany,Montenegro,18,18,18,18,16,13,15,,
2018,semi-final-2,Germany,Netherlands,8,4,8,3,4,3,5,,
2018,semi-final-2,Germany,Norway,7,6,6,14,8,7,4,,
2018,semi-final-2,Germany,Poland,1,9,10,7,6,18,9,,
2018,semi-final-2,Germany,Romania,13,13,14,10,13,14,10,,
2018,semi-final-2,Germany,Russia,12,15,12,13,10,15,16,,
2018,semi-final-2,Germany,San Marino,16,17,9,17,18,17,18,,
2018,semi-final-2,Germany,Serbia,5,10,11,15,11,6,12,,
2018,semi-final-2,Germany,Slovenia,9,8,16,5,7,10,7,,
2018,semi-final-2,Germany,Sweden,11,1,1,1,1,1,1,,
2018,semi-final-2,Germany,Ukraine,10,12,17,8,9,16,11,,
2018,semi-final-2,Hungary,Australia,8,2,3,1,4,1,7,,
2018,semi-final-2,Hungary,Denmark,1,6,13,2,10,9,8,,
2018,semi-final-2,Hungary,Georgia,15,10,6,6,9,14,12,,
2018,semi-final-2,Hungary,Latvia,11,9,7,8,13,5,16,,
2018,semi-final-2,Hungary,Malta,13,12,15,7,6,13,15,,
2018,semi-final-2,Hungary,Moldova,2,15,16,12,8,12,14,,
2018,semi-final-2,Hungary,Montenegro,16,16,9,15,16,10,17,,
2018,semi-final-2,Hungary,Netherlands,7,3,1,4,3,2,6,,
2018,semi-final-2,Hungary,Norway,3,4,4,14,2,3,5,,
2018,semi-final-2,Hungary,Poland,4,7,5,17,11,15,3,,
2018,semi-final-2,Hungary,Romania,14,1,2,3,1,4,1,,
2018,semi-final-2,Hungary,Russia,12,17,14,13,14,16,13,,
2018,semi-final-2,Hungary,San Marino,17,14,10,9,15,17,10,,
2018,semi-final-2,Hungary,Serbia,9,5,12,5,7,11,2,,
2018,semi-final-2,Hungary,Slovenia,6,13,17,10,17,7,9,,
2018,semi-final-2,Hungary,Sweden,10,8,8,16,12,6,4,,
2018,semi-final-2,Hungary,Ukraine,5,11,11,11,5,8,11,,
2018,semi-final-2,Italy,Australia,12,4,6,5,8,2,7,,
2018,semi-final-2,Italy,Denmark,4,2,4,3,1,1,2,,
2018,semi-final-2,Italy,Georgia,17,11,11,9,7,7,15,,
2018,semi-final-2,Italy,Hungary,5,15,10,10,18,15,9,,
2018,semi-final-2,Italy,Latvia,16,13,7,14,13,8,16,,
2018,semi-final-2,Italy,Malta,13,3,2,8,3,4,8,,
2018,semi-final-2,Italy,Moldova,2,7,8,17,5,10,3,,
2018,semi-final-2,Italy,Montenegro,18,18,13,16,17,16,18,,
2018,semi-final-2,Italy,Netherlands,11,8,12,4,4,18,14,,
2018,semi-final-2,Italy,Norway,10,1,1,2,2,3,1,,
2018,semi-final-2,Italy,Poland,8,12,15,6,10,17,11,,
2018,semi-final-2,Italy,Romania,1,16,17,13,14,11,12,,
2018,semi-final-2,Italy,Russia,9,14,18,18,12,12,6,,
2018,semi-final-2,Italy,San Marino,15,6,3,11,9,6,5,,
2018,semi-final-2,Italy,Serbia,7,10,14,7,6,9,13,,
2018,semi-final-2,Italy,Slovenia,6,9,5,12,11,5,17,,
2018,semi-final-2,Italy,Sweden,14,5,9,1,15,13,4,,
2018,semi-final-2,Italy,Ukraine,3,17,16,15,16,14,10,,
2018,semi-final-2,Latvia,Australia,9,1,2,4,3,3,2,,
2018,semi-final-2,Latvia,Denmark,4,16,13,13,17,11,13,,
2018,semi-final-2,Latvia,Georgia,6,9,5,6,16,8,9,,
2018,semi-final-2,Latvia,Hungary,8,14,15,9,8,16,11,,
2018,semi-final-2,Latvia,Malta,13,4,8,2,10,13,1,,
2018,semi-final-2,Latvia,Moldova,3,5,7,7,7,2,7,,
2018,semi-final-2,Latvia,Montenegro,16,15,9,8,15,14,16,,
2018,semi-final-2,Latvia,Netherlands,10,3,3,1,2,12,6,,
2018,semi-final-2,Latvia,Norway,7,6,6,3,9,10,4,,
2018,semi-final-2,Latvia,Poland,12,13,17,14,13,7,8,,
2018,semi-final-2,Latvia,Romania,15,8,4,12,5,9,12,,
2018,semi-final-2,Latvia,Russia,1,12,14,16,4,17,15,,
2018,semi-final-2,Latvia,San Marino,17,17,11,15,14,15,17,,
2018,semi-final-2,Latvia,Serbia,14,11,12,11,11,6,5,,
2018,semi-final-2,Latvia,Slovenia,11,7,16,5,12,4,3,,
2018,semi-final-2,Latvia,Sweden,5,2,1,17,1,1,10,,
2018,semi-final-2,Latvia,Ukraine,2,10,10,10,6,5,14,,
2018,semi-final-2,Malta,Australia,2,4,4,6,3,7,1,,
2018,semi-final-2,Malta,Denmark,3,3,2,4,5,2,6,,
2018,semi-final-2,Malta,Georgia,17,14,8,15,11,16,14,,
2018,semi-final-2,Malta,Hungary,11,13,12,17,15,11,8,,
2018,semi-final-2,Malta,Latvia,13,12,10,9,14,12,16,,
2018,semi-final-2,Malta,Moldova,7,7,16,14,6,6,3,,
2018,semi-final-2,Malta,Montenegro,16,6,3,11,4,4,9,,
2018,semi-final-2,Malta,Netherlands,6,11,13,16,12,9,10,,
2018,semi-final-2,Malta,Norway,5,1,1,2,2,1,4,,
2018,semi-final-2,Malta,Poland,10,15,14,10,17,10,12,,
2018,semi-final-2,Malta,Romania,14,9,11,8,7,8,13,,
2018,semi-final-2,Malta,Russia,8,16,17,13,8,17,11,,
2018,semi-final-2,Malta,San Marino,1,8,7,5,10,13,7,,
2018,semi-final-2,Malta,Serbia,15,10,15,7,9,14,17,,
2018,semi-final-2,Malta,Slovenia,12,17,9,12,16,15,15,,
2018,semi-final-2,Malta,Sweden,4,2,6,3,1,3,2,,
2018,semi-final-2,Malta,Ukraine,9,5,5,1,13,5,5,,
2018,semi-final-2,Moldova,Australia,6,2,2,3,5,4,9,,
2018,semi-final-2,Moldova,Denmark,7,10,16,9,12,6,8,,
2018,semi-final-2,Moldova,Georgia,12,12,10,13,8,7,14,,
2018,semi-final-2,Moldova,Hungary,10,15,11,10,13,17,15,,
2018,semi-final-2,Moldova,Latvia,13,8,4,15,14,8,2,,
2018,semi-final-2,Moldova,Malta,14,9,9,8,4,16,11,,
2018,semi-final-2,Moldova,Montenegro,15,14,14,17,7,13,10,,
2018,semi-final-2,Moldova,Netherlands,8,6,12,2,6,5,6,,
2018,semi-final-2,Moldova,Norway,5,7,5,5,9,9,4,,
2018,semi-final-2,Moldova,Poland,16,16,15,14,16,11,12,,
2018,semi-final-2,Moldova,Romania,1,1,3,1,1,1,5,,
2018,semi-final-2,Moldova,Russia,3,4,7,4,2,2,16,,
2018,semi-final-2,Moldova,San Marino,17,17,17,12,17,12,17,,
2018,semi-final-2,Moldova,Serbia,2,13,13,6,10,15,13,,
2018,semi-final-2,Moldova,Slovenia,11,5,1,11,15,10,1,,
2018,semi-final-2,Moldova,Sweden,9,11,6,16,11,14,7,,
2018,semi-final-2,Moldova,Ukraine,4,3,8,7,3,3,3,,
2018,semi-final-2,Montenegro,Australia,13,8,12,4,12,11,2,,
2018,semi-final-2,Montenegro,Denmark,8,10,10,9,6,8,4,,
2018,semi-final-2,Montenegro,Georgia,11,16,14,13,16,9,11,,
2018,semi-final-2,Montenegro,Hungary,10,17,13,10,11,15,15,,
2018,semi-final-2,Montenegro,Latvia,15,15,11,16,10,16,9,,
2018,semi-final-2,Montenegro,Malta,16,4,2,7,15,3,8,,
2018,semi-final-2,Montenegro,Moldova,7,6,15,5,8,12,1,,
2018,semi-final-2,Montenegro,Netherlands,9,7,7,17,2,7,6,,
2018,semi-final-2,Montenegro,Norway,6,5,4,8,4,6,10,,
2018,semi-final-2,Montenegro,Poland,17,12,17,15,9,5,7,,
2018,semi-final-2,Montenegro,Romania,12,3,8,1,7,2,14,,
2018,semi-final-2,Montenegro,Russia,3,13,16,3,13,10,16,,
2018,semi-final-2,Montenegro,San Marino,14,14,6,11,17,17,12,,
2018,semi-final-2,Montenegro,Serbia,1,1,5,12,1,1,3,,
2018,semi-final-2,Montenegro,Slovenia,2,11,9,14,3,13,5,,
2018,semi-final-2,Montenegro,Sweden,5,9,3,6,5,14,13,,
2018,semi-final-2,Montenegro,Ukraine,4,2,1,2,14,4,17,,
2018,semi-final-2,Netherlands,Australia,7,7,9,7,6,5,6,,
2018,semi-final-2,Netherlands,Denmark,1,14,10,13,14,15,15,,
2018,semi-final-2,Netherlands,Georgia,12,17,17,17,15,13,17,,
2018,semi-final-2,Netherlands,Hungary,3,12,15,15,9,8,12,,
2018,semi-final-2,Netherlands,Latvia,11,4,4,5,8,2,4,,
2018,semi-final-2,Netherlands,Malta,13,10,6,10,12,12,10,,
2018,semi-final-2,Netherlands,Moldova,4,8,5,6,4,17,9,,
2018,semi-final-2,Netherlands,Montenegro,15,15,13,14,17,11,13,,
2018,semi-final-2,Netherlands,Norway,2,2,3,2,2,4,2,,
2018,semi-final-2,Netherlands,Poland,6,6,8,3,5,9,5,,
2018,semi-final-2,Netherlands,Romania,14,9,16,8,11,10,3,,
2018,semi-final-2,Netherlands,Russia,16,16,14,16,16,14,16,,
2018,semi-final-2,Netherlands,San Marino,17,13,11,12,13,16,14,,
2018,semi-final-2,Netherlands,Serbia,10,11,12,9,10,7,11,,
2018,semi-final-2,Netherlands,Slovenia,8,3,7,4,3,1,7,,
2018,semi-final-2,Netherlands,Sweden,5,1,2,1,1,3,1,,
2018,semi-final-2,Netherlands,Ukraine,9,5,1,11,7,6,8,,
2018,semi-final-2,Norway,Australia,3,2,3,5,4,2,2,,
2018,semi-final-2,Norway,Denmark,1,12,14,13,7,8,17,,
2018,semi-final-2,Norway,Georgia,12,14,8,16,13,14,16,,
2018,semi-final-2,Norway,Hungary,9,17,16,11,14,12,15,,
2018,semi-final-2,Norway,Latvia,11,4,7,2,5,3,3,,
2018,semi-final-2,Norway,Malta,14,5,2,10,3,4,4,,
2018,semi-final-2,Norway,Moldova,6,16,15,17,8,16,14,,
2018,semi-final-2,Norway,Montenegro,16,13,10,15,11,13,12,,
2018,semi-final-2,Norway,Netherlands,4,3,4,1,2,5,7,,
2018,semi-final-2,Norway,Poland,5,10,17,4,17,17,8,,
2018,semi-final-2,Norway,Romania,13,9,9,7,10,10,13,,
2018,semi-final-2,Norway,Russia,15,7,11,3,16,11,5,,
2018,semi-final-2,Norway,San Marino,17,15,12,14,15,15,9,,
2018,semi-final-2,Norway,Serbia,10,11,13,12,9,7,10,,
2018,semi-final-2,Norway,Slovenia,8,6,5,6,12,6,6,,
2018,semi-final-2,Norway,Sweden,2,1,1,8,1,1,1,,
2018,semi-final-2,Norway,Ukraine,7,8,6,9,6,9,11,,
2018,semi-final-2,Poland,Australia,8,3,3,3,2,2,5,,
2018,semi-final-2,Poland,Denmark,3,12,10,15,9,14,13,,
2018,semi-final-2,Poland,Georgia,12,14,15,8,13,12,15,,
2018,semi-final-2,Poland,Hungary,2,5,5,6,4,8,6,,
2018,semi-final-2,Poland,Latvia,7,4,4,5,5,6,3,,
2018,semi-final-2,Poland,Malta,13,10,9,7,11,10,11,,
2018,semi-final-2,Poland,Moldova,9,17,14,17,17,16,17,,
2018,semi-final-2,Poland,Montenegro,15,15,11,16,14,11,16,,
2018,semi-final-2,Poland,Netherlands,10,2,2,2,3,3,2,,
2018,semi-final-2,Poland,Norway,4,7,8,11,8,4,8,,
2018,semi-final-2,Poland,Romania,16,8,7,4,10,13,7,,
2018,semi-final-2,Poland,Russia,11,16,13,13,15,15,12,,
2018,semi-final-2,Poland,San Marino,17,11,17,14,7,17,10,,
2018,semi-final-2,Poland,Serbia,14,13,16,12,16,7,14,,
2018,semi-final-2,Poland,Slovenia,5,6,6,9,6,9,4,,
2018,semi-final-2,Poland,Sweden,6,1,1,1,1,1,1,,
2018,semi-final-2,Poland,Ukraine,1,9,12,10,12,5,9,,
2018,semi-final-2,Romania,Australia,4,12,9,11,15,10,11,,
2018,semi-final-2,Romania,Denmark,3,16,16,17,14,14,15,,
2018,semi-final-2,Romania,Georgia,16,17,17,15,16,16,16,,
2018,semi-final-2,Romania,Hungary,2,8,8,6,8,5,6,,
2018,semi-final-2,Romania,Latvia,13,10,12,12,9,9,7,,
2018,semi-final-2,Romania,Malta,14,2,2,2,3,8,3,,
2018,semi-final-2,Romania,Moldova,1,1,1,1,1,1,1,,
2018,semi-final-2,Romania,Montenegro,15,4,3,3,6,4,13,,
2018,semi-final-2,Romania,Netherlands,8,3,6,8,2,2,2,,
2018,semi-final-2,Romania,Norway,5,9,10,10,10,13,4,,
2018,semi-final-2,Romania,Poland,12,11,11,9,11,11,12,,
2018,semi-final-2,Romania,Russia,10,15,15,16,12,17,17,,
2018,semi-final-2,Romania,San Marino,17,6,4,5,4,7,8,,
2018,semi-final-2,Romania,Serbia,7,5,5,4,5,3,9,,
2018,semi-final-2,Romania,Slovenia,11,7,7,7,7,6,5,,
2018,semi-final-2,Romania,Sweden,9,13,13,14,13,12,14,,
2018,semi-final-2,Romania,Ukraine,6,14,14,13,17,15,10,,
2018,semi-final-2,Russia,Australia,10,8,12,12,7,14,4,,
2018,semi-final-2,Russia,Denmark,4,15,14,16,10,15,12,,
2018,semi-final-2,Russia,Georgia,8,17,17,17,17,17,15,,
2018,semi-final-2,Russia,Hungary,7,6,8,5,14,12,6,,
2018,semi-final-2,Russia,Latvia,12,12,10,9,12,13,7,,
2018,semi-final-2,Russia,Malta,14,11,7,11,11,11,10,,
2018,semi-final-2,Russia,Moldova,1,1,1,1,1,1,3,,
2018,semi-final-2,Russia,Montenegro,11,16,16,15,16,16,17,,
2018,semi-final-2,Russia,Netherlands,13,13,13,10,9,9,9,,
2018,semi-final-2,Russia,Norway,3,2,3,3,2,2,2,,
2018,semi-final-2,Russia,Poland,15,9,5,14,8,10,14,,
2018,semi-final-2,Russia,Romania,17,7,6,13,6,8,11,,
2018,semi-final-2,Russia,San Marino,16,10,9,8,15,7,13,,
2018,semi-final-2,Russia,Serbia,5,4,2,2,5,3,8,,
2018,semi-final-2,Russia,Slovenia,9,14,15,7,13,6,16,,
2018,semi-final-2,Russia,Sweden,6,3,4,4,3,4,1,,
2018,semi-final-2,Russia,Ukraine,2,5,11,6,4,5,5,,
2018,semi-final-2,San Marino,Australia,7,11,7,12,3,11,10,,
2018,semi-final-2,San Marino,Denmark,1,13,12,8,17,14,13,,
2018,semi-final-2,San Marino,Georgia,14,15,16,9,15,17,16,,
2018,semi-final-2,San Marino,Hungary,3,17,17,15,16,10,15,,
2018,semi-final-2,San Marino,Latvia,13,6,4,10,6,4,8,,
2018,semi-final-2,San Marino,Malta,11,3,2,5,5,3,7,,
2018,semi-final-2,San Marino,Moldova,5,2,3,1,12,1,6,,
2018,semi-final-2,San Marino,Montenegro,17,16,15,13,11,16,17,,
2018,semi-final-2,San Marino,Netherlands,9,7,11,4,14,13,1,,
2018,semi-final-2,San Marino,Norway,4,4,9,11,2,8,3,,
2018,semi-final-2,San Marino,Poland,12,9,13,14,4,15,2,,
2018,semi-final-2,San Marino,Romania,16,12,8,16,10,2,12,,
2018,semi-final-2,San Marino,Russia,10,14,10,17,13,12,11,,
2018,semi-final-2,San Marino,Serbia,15,5,1,6,7,9,14,,
2018,semi-final-2,San Marino,Slovenia,8,8,6,3,9,7,9,,
2018,semi-final-2,San Marino,Sweden,6,1,5,2,1,5,4,,
2018,semi-final-2,San Marino,Ukraine,2,10,14,7,8,6,5,,
2018,semi-final-2,Serbia,Australia,8,5,3,3,13,6,6,,
2018,semi-final-2,Serbia,Denmark,7,6,2,9,6,8,13,,
2018,semi-final-2,Serbia,Georgia,14,11,8,8,12,7,15,,
2018,semi-final-2,Serbia,Hungary,1,12,16,12,8,12,7,,
2018,semi-final-2,Serbia,Latvia,11,8,4,10,11,5,9,,
2018,semi-final-2,Serbia,Malta,13,7,9,13,7,3,5,,
2018,semi-final-2,Serbia,Moldova,6,13,6,14,16,16,12,,
2018,semi-final-2,Serbia,Montenegro,2,4,12,6,1,4,3,,
2018,semi-final-2,Serbia,Netherlands,12,2,7,2,3,2,10,,
2018,semi-final-2,Serbia,Norway,5,3,5,4,4,10,1,,
2018,semi-final-2,Serbia,Poland,16,15,17,15,10,15,11,,
2018,semi-final-2,Serbia,Romania,15,10,14,7,5,9,8,,
2018,semi-final-2,Serbia,Russia,4,14,10,16,14,11,17,,
2018,semi-final-2,Serbia,San Marino,17,17,15,17,17,17,16,,
2018,semi-final-2,Serbia,Slovenia,3,9,11,5,9,14,4,,
2018,semi-final-2,Serbia,Sweden,10,1,1,1,2,1,2,,
2018,semi-final-2,Serbia,Ukraine,9,16,13,11,15,13,14,,
2018,semi-final-2,Slovenia,Australia,7,9,6,7,10,8,17,,
2018,semi-final-2,Slovenia,Denmark,3,12,14,14,11,12,7,,
2018,semi-final-2,Slovenia,Georgia,14,14,12,10,13,13,10,,
2018,semi-final-2,Slovenia,Hungary,6,8,7,13,8,16,5,,
2018,semi-final-2,Slovenia,Latvia,13,11,10,11,14,6,12,,
2018,semi-final-2,Slovenia,Malta,12,3,3,4,6,3,2,,
2018,semi-final-2,Slovenia,Moldova,5,6,9,6,5,7,3,,
2018,semi-final-2,Slovenia,Montenegro,4,10,13,9,4,14,13,,
2018,semi-final-2,Slovenia,Netherlands,10,2,4,3,2,2,4,,
2018,semi-final-2,Slovenia,Norway,2,4,8,2,3,4,6,,
2018,semi-final-2,Slovenia,Poland,15,17,17,17,15,17,16,,
2018,semi-final-2,Slovenia,Romania,16,5,2,5,7,5,11,,
2018,semi-final-2,Slovenia,Russia,11,15,16,15,17,10,14,,
2018,semi-final-2,Slovenia,San Marino,17,16,15,16,16,11,15,,
2018,semi-final-2,Slovenia,Serbia,1,7,5,8,9,9,9,,
2018,semi-final-2,Slovenia,Sweden,9,1,1,1,1,1,1,,
2018,semi-final-2,Slovenia,Ukraine,8,13,11,12,12,15,8,,
2018,semi-final-2,Sweden,Australia,4,2,1,1,3,7,7,,
2018,semi-final-2,Sweden,Denmark,1,11,12,15,2,13,11,,
2018,semi-final-2,Sweden,Georgia,13,14,13,5,10,17,10,,
2018,semi-final-2,Sweden,Hungary,10,12,7,12,16,6,8,,
2018,semi-final-2,Sweden,Latvia,11,4,14,4,9,4,1,,
2018,semi-final-2,Sweden,Malta,12,7,6,6,11,10,4,,
2018,semi-final-2,Sweden,Moldova,6,9,9,17,4,12,5,,
2018,semi-final-2,Sweden,Montenegro,16,15,15,11,13,9,14,,
2018,semi-final-2,Sweden,Netherlands,5,5,2,8,6,16,2,,
2018,semi-final-2,Sweden,Norway,2,1,11,2,1,2,3,,
2018,semi-final-2,Sweden,Poland,3,10,8,13,5,5,13,,
2018,semi-final-2,Sweden,Romania,14,8,3,7,12,8,12,,
2018,semi-final-2,Sweden,Russia,15,13,10,14,8,15,6,,
2018,semi-final-2,Sweden,San Marino,17,17,17,16,17,14,17,,
2018,semi-final-2,Sweden,Serbia,7,16,16,9,15,11,16,,
2018,semi-final-2,Sweden,Slovenia,8,3,5,3,14,1,9,,
2018,semi-final-2,Sweden,Ukraine,9,6,4,10,7,3,15,,
2018,semi-final-2,Ukraine,Australia,12,5,6,10,6,3,3,,
2018,semi-final-2,Ukraine,Denmark,2,7,12,4,1,7,13,,
2018,semi-final-2,Ukraine,Georgia,6,3,11,1,5,9,2,,
2018,semi-final-2,Ukraine,Hungary,9,11,4,14,9,16,14,,
2018,semi-final-2,Ukraine,Latvia,10,2,1,13,4,6,1,,
2018,semi-final-2,Ukraine,Malta,15,13,13,17,12,5,9,,
2018,semi-final-2,Ukraine,Moldova,1,14,14,5,15,14,15,,
2018,semi-final-2,Ukraine,Montenegro,14,8,8,15,3,12,7,,
2018,semi-final-2,Ukraine,Netherlands,11,1,2,2,2,1,4,,
2018,semi-final-2,Ukraine,Norway,3,10,10,6,16,8,11,,
2018,semi-final-2,Ukraine,Poland,4,15,9,12,11,15,17,,
2018,semi-final-2,Ukraine,Romania,16,9,7,8,8,10,16,,
2018,semi-final-2,Ukraine,Russia,8,17,15,16,17,17,12,,
2018,semi-final-2,Ukraine,San Marino,17,16,17,11,14,13,10,,
2018,semi-final-2,Ukraine,Serbia,13,12,16,9,13,11,5,,
2018,semi-final-2,Ukraine,Slovenia,5,6,3,7,10,4,6,,
2018,semi-final-2,Ukraine,Sweden,7,4,5,3,7,2,8,,
2018,final,Albania,Australia,14,24,19,23,14,25,22,,
2018,final,Albania,Austria,9,11,11,15,15,12,17,,
2018,final,Albania,Bulgaria,5,3,5,4,5,4,3,,
2018,final,Albania,Cyprus,2,2,2,2,1,2,2,,
2018,final,Albania,Czechia,17,10,9,10,9,8,10,,
2018,final,Albania,Denmark,20,21,20,12,19,21,21,,
2018,final,Albania,Estonia,7,13,12,21,17,24,12,,
2018,final,Albania,Finland,11,20,15,25,12,20,23,,
2018,final,Albania,France,6,4,6,3,3,5,5,,
2018,final,Albania,Germany,3,5,3,5,4,6,4,,
2018,final,Albania,Hungary,23,19,16,24,22,11,24,,
2018,final,Albania,Ireland,4,12,18,11,25,15,11,,
2018,final,Albania,Israel,10,6,4,8,6,3,6,,
2018,final,Albania,Italy,1,1,1,1,2,1,1,,
2018,final,Albania,Lithuania,15,16,14,20,18,17,13,,
2018,final,Albania,Moldova,22,9,8,7,10,10,7,,
2018,final,Albania,Netherlands,12,22,25,18,24,13,25,,
2018,final,Albania,Norway,13,25,22,19,23,22,18,,
2018,final,Albania,Portugal,24,17,13,22,16,14,19,,
2018,final,Albania,Serbia,16,8,10,6,8,9,9,,
2018,final,Albania,Slovenia,19,18,17,17,21,16,14,,
2018,final,Albania,Spain,25,14,23,13,13,18,15,,
2018,final,Albania,Sweden,21,7,7,9,7,7,8,,
2018,final,Albania,Ukraine,18,23,24,16,20,23,16,,
2018,final,Albania,United Kingdom,8,15,21,14,11,19,20,,
2018,final,Armenia,Albania,23,17,12,24,15,9,14,,
2018,final,Armenia,Australia,21,9,21,8,25,7,5,,
2018,final,Armenia,Austria,5,10,9,7,18,8,10,,
2018,final,Armenia,Bulgaria,11,11,23,22,7,4,13,,
2018,final,Armenia,Cyprus,1,4,4,23,5,2,3,,
2018,final,Armenia,Czechia,3,5,2,9,6,11,11,,
2018,final,Armenia,Denmark,14,20,20,18,11,16,19,,
2018,final,Armenia,Estonia,9,13,17,4,13,22,12,,
2018,final,Armenia,Finland,16,24,22,16,22,23,18,,
2018,final,Armenia,France,6,7,11,13,3,13,9,,
2018,final,Armenia,Germany,12,6,13,12,4,10,7,,
2018,final,Armenia,Hungary,18,25,24,26,20,15,25,,
2018,final,Armenia,Ireland,17,16,5,17,14,25,23,,
2018,final,Armenia,Israel,2,3,3,3,2,3,4,,
2018,final,Armenia,Italy,8,22,26,25,17,14,26,,
2018,final,Armenia,Lithuania,13,14,8,5,16,18,21,,
2018,final,Armenia,Moldova,10,2,1,1,12,6,1,,
2018,final,Armenia,Netherlands,15,8,25,11,8,5,8,,
2018,final,Armenia,Norway,4,12,10,14,9,21,6,,
2018,final,Armenia,Portugal,26,15,16,6,10,17,16,,
2018,final,Armenia,Serbia,20,21,14,21,26,19,22,,
2018,final,Armenia,Slovenia,25,26,18,19,24,20,24,,
2018,final,Armenia,Spain,19,23,19,15,23,26,20,,
2018,final,Armenia,Sweden,24,1,6,2,1,1,2,,
2018,final,Armenia,Ukraine,7,19,7,20,19,24,17,,
2018,final,Armenia,United Kingdom,22,18,15,10,21,12,15,,
2018,final,Australia,Albania,23,14,13,19,6,8,13,,
2018,final,Australia,Austria,13,6,4,3,5,22,17,,
2018,final,Australia,Bulgaria,19,20,18,7,24,23,22,,
2018,final,Australia,Cyprus,4,11,9,10,22,9,5,,
2018,final,Australia,Czechia,8,10,17,24,25,1,18,,
2018,final,Australia,Denmark,2,13,6,16,15,6,15,,
2018,final,Australia,Estonia,11,3,3,9,1,20,10,,
2018,final,Australia,Finland,7,24,20,13,19,21,23,,
2018,final,Australia,France,18,22,12,21,21,14,16,,
2018,final,Australia,Germany,9,2,2,2,3,7,3,,
2018,final,Australia,Hungary,15,19,11,14,16,12,24,,
2018,final,Australia,Ireland,3,7,7,5,23,3,8,,
2018,final,Australia,Israel,1,5,8,4,10,4,9,,
2018,final,Australia,Italy,17,12,15,8,17,5,12,,
2018,final,Australia,Lithuania,20,8,22,25,4,19,1,,
2018,final,Australia,Moldova,6,9,5,6,9,18,14,,
2018,final,Australia,Netherlands,22,17,16,23,12,15,7,,
2018,final,Australia,Norway,10,16,14,11,13,10,11,,
2018,final,Australia,Portugal,24,18,24,20,20,24,6,,
2018,final,Australia,Serbia,21,23,21,18,11,17,20,,
2018,final,Australia,Slovenia,14,25,23,22,18,25,25,,
2018,final,Australia,Spain,25,4,25,17,2,13,2,,
2018,final,Australia,Sweden,12,1,1,1,8,2,4,,
2018,final,Australia,Ukraine,16,15,10,12,7,16,21,,
2018,final,Australia,United Kingdom,5,21,19,15,14,11,19,,
2018,final,Austria,Albania,9,4,6,5,8,3,4,,
2018,final,Austria,Australia,14,14,14,16,19,9,6,,
2018,final,Austria,Bulgaria,13,5,10,2,10,13,3,,
2018,final,Austria,Cyprus,10,12,8,18,2,19,23,,
2018,final,Austria,Czechia,1,8,13,9,4,7,8,,
2018,final,Austria,Denmark,6,25,24,24,20,21,24,,
2018,final,Austria,Estonia,16,9,9,7,9,5,10,,
2018,final,Austria,Finland,24,21,19,13,22,24,20,,
2018,final,Austria,France,21,18,18,21,15,11,18,,
2018,final,Austria,Germany,5,2,7,4,1,6,1,,
2018,final,Austria,Hungary,8,19,21,12,23,20,14,,
2018,final,Austria,Ireland,7,7,5,10,6,10,5,,
2018,final,Austria,Israel,4,1,1,1,3,4,2,,
2018,final,Austria,Italy,2,13,17,17,11,8,7,,
2018,final,Austria,Lithuania,15,16,11,14,21,23,13,,
2018,final,Austria,Moldova,12,23,20,23,24,25,15,,
2018,final,Austria,Netherlands,11,10,23,11,16,1,21,,
2018,final,Austria,Norway,17,17,12,15,17,15,16,,
2018,final,Austria,Portugal,25,11,4,6,14,16,11,,
2018,final,Austria,Serbia,3,24,25,25,25,17,25,,
2018,final,Austria,Slovenia,20,6,3,3,12,14,9,,
2018,final,Austria,Spain,23,15,16,20,7,12,17,,
2018,final,Austria,Sweden,18,3,2,8,5,2,12,,
2018,final,Austria,Ukraine,22,22,22,22,13,22,22,,
2018,final,Austria,United Kingdom,19,20,15,19,18,18,19,,
2018,final,Azerbaijan,Albania,19,1,1,1,3,2,4,,
2018,final,Azerbaijan,Australia,23,19,22,26,13,9,21,,
2018,final,Azerbaijan,Austria,15,12,11,14,8,12,20,,
2018,final,Azerbaijan,Bulgaria,10,6,8,6,6,4,10,,
2018,final,Azerbaijan,Cyprus,2,7,5,3,9,24,7,,
2018,final,Azerbaijan,Czechia,5,16,23,13,17,8,18,,
2018,final,Azerbaijan,Denmark,13,24,18,25,22,17,25,,
2018,final,Azerbaijan,Estonia,11,8,4,19,7,14,6,,
2018,final,Azerbaijan,Finland,22,15,14,12,23,18,9,,
2018,final,Azerbaijan,France,12,21,21,21,19,20,15,,
2018,final,Azerbaijan,Germany,8,9,13,10,10,16,5,,
2018,final,Azerbaijan,Hungary,17,3,7,2,1,3,2,,
2018,final,Azerbaijan,Ireland,20,26,24,22,25,22,22,,
2018,final,Azerbaijan,Israel,1,10,12,11,12,10,12,,
2018,final,Azerbaijan,Italy,6,18,9,15,14,23,24,,
2018,final,Azerbaijan,Lithuania,16,20,20,24,20,13,11,,
2018,final,Azerbaijan,Moldova,7,4,6,4,2,5,3,,
2018,final,Azerbaijan,Netherlands,14,25,16,23,21,25,26,,
2018,final,Azerbaijan,Norway,4,13,25,17,18,6,16,,
2018,final,Azerbaijan,Portugal,26,23,26,16,26,26,17,,
2018,final,Azerbaijan,Serbia,21,2,3,5,4,1,1,,
2018,final,Azerbaijan,Slovenia,25,11,15,7,24,11,13,,
2018,final,Azerbaijan,Spain,24,14,10,18,11,15,14,,
2018,final,Azerbaijan,Sweden,9,17,17,8,15,21,19,,
2018,final,Azerbaijan,Ukraine,3,5,2,9,5,7,8,,
2018,final,Azerbaijan,United Kingdom,18,22,19,20,16,19,23,,
2018,final,Belarus,Albania,24,4,7,2,4,5,2,,
2018,final,Belarus,Australia,21,9,8,4,6,22,24,,
2018,final,Belarus,Austria,12,2,1,5,3,2,5,,
2018,final,Belarus,Bulgaria,10,20,13,21,20,13,25,,
2018,final,Belarus,Cyprus,8,1,3,1,1,1,1,,
2018,final,Belarus,Czechia,6,5,2,16,13,7,9,,
2018,final,Belarus,Denmark,4,8,14,13,12,6,3,,
2018,final,Belarus,Estonia,16,14,17,11,16,9,8,,
2018,final,Belarus,Finland,23,25,22,26,25,26,23,,
2018,final,Belarus,France,15,11,4,10,18,21,10,,
2018,final,Belarus,Germany,14,18,15,17,17,15,18,,
2018,final,Belarus,Hungary,9,26,26,25,26,23,26,,
2018,final,Belarus,Ireland,17,12,10,9,5,19,20,,
2018,final,Belarus,Israel,3,17,16,23,23,10,14,,
2018,final,Belarus,Italy,7,19,12,19,19,25,15,,
2018,final,Belarus,Lithuania,11,6,5,8,7,17,6,,
2018,final,Belarus,Moldova,5,22,20,20,21,14,22,,
2018,final,Belarus,Netherlands,19,13,11,6,10,11,21,,
2018,final,Belarus,Norway,2,3,6,3,2,4,4,,
2018,final,Belarus,Portugal,25,24,25,24,24,24,16,,
2018,final,Belarus,Serbia,20,23,23,22,22,16,17,,
2018,final,Belarus,Slovenia,18,7,19,12,8,3,7,,
2018,final,Belarus,Spain,26,21,24,18,15,18,13,,
2018,final,Belarus,Sweden,13,10,9,7,9,12,11,,
2018,final,Belarus,Ukraine,1,15,18,15,14,8,19,,
2018,final,Belarus,United Kingdom,22,16,21,14,11,20,12,,
2018,final,Belgium,Albania,13,9,3,11,10,6,13,,
2018,final,Belgium,Australia,21,21,20,16,26,25,15,,
2018,final,Belgium,Austria,8,1,1,1,1,1,1,,
2018,final,Belgium,Bulgaria,16,18,12,17,21,18,22,,
2018,final,Belgium,Cyprus,4,7,6,2,9,20,10,,
2018,final,Belgium,Czechia,10,4,5,4,6,4,7,,
2018,final,Belgium,Denmark,6,15,9,12,22,26,21,,
2018,final,Belgium,Estonia,12,12,18,13,12,7,6,,
2018,final,Belgium,Finland,23,20,24,15,16,19,17,,
2018,final,Belgium,France,3,8,16,23,7,3,5,,
2018,final,Belgium,Germany,9,6,4,6,15,13,3,,
2018,final,Belgium,Hungary,20,19,26,21,11,24,16,,
2018,final,Belgium,Ireland,7,11,11,8,4,9,12,,
2018,final,Belgium,Israel,2,5,8,5,5,5,11,,
2018,final,Belgium,Italy,5,23,17,24,24,16,23,,
2018,final,Belgium,Lithuania,11,14,14,10,23,17,9,,
2018,final,Belgium,Moldova,15,22,25,26,17,14,24,,
2018,final,Belgium,Netherlands,1,2,2,3,3,15,2,,
2018,final,Belgium,Norway,14,13,13,14,13,8,14,,
2018,final,Belgium,Portugal,17,17,15,18,20,11,26,,
2018,final,Belgium,Serbia,26,26,22,22,25,23,25,,
2018,final,Belgium,Slovenia,25,25,21,25,18,21,19,,
2018,final,Belgium,Spain,19,10,10,9,8,10,4,,
2018,final,Belgium,Sweden,22,3,7,7,2,2,8,,
2018,final,Belgium,Ukraine,24,24,23,20,19,22,18,,
2018,final,Belgium,United Kingdom,18,16,19,19,14,12,20,,
2018,final,Bulgaria,Albania,13,4,4,1,9,3,16,,
2018,final,Bulgaria,Australia,18,21,21,18,19,25,11,,
2018,final,Bulgaria,Austria,7,1,2,2,2,1,9,,
2018,final,Bulgaria,Cyprus,1,8,16,6,17,8,2,,
2018,final,Bulgaria,Czechia,8,3,5,5,5,2,3,,
2018,final,Bulgaria,Denmark,14,23,22,15,18,20,24,,
2018,final,Bulgaria,Estonia,9,25,23,20,21,21,18,,
2018,final,Bulgaria,Finland,16,17,20,17,11,22,10,,
2018,final,Bulgaria,France,17,6,12,7,10,5,1,,
2018,final,Bulgaria,Germany,11,5,3,4,3,9,7,,
2018,final,Bulgaria,Hungary,6,20,25,9,25,23,25,,
2018,final,Bulgaria,Ireland,21,10,6,24,4,13,21,,
2018,final,Bulgaria,Israel,2,7,10,8,7,4,6,,
2018,final,Bulgaria,Italy,5,24,15,25,20,24,19,,
2018,final,Bulgaria,Lithuania,19,2,1,3,1,6,14,,
2018,final,Bulgaria,Moldova,3,18,24,10,23,14,15,,
2018,final,Bulgaria,Netherlands,12,12,17,12,14,11,5,,
2018,final,Bulgaria,Norway,15,11,11,13,6,10,12,,
2018,final,Bulgaria,Portugal,24,22,14,22,15,16,22,,
2018,final,Bulgaria,Serbia,4,19,19,11,22,18,20,,
2018,final,Bulgaria,Slovenia,25,15,13,16,24,17,8,,
2018,final,Bulgaria,Spain,22,13,9,21,12,12,13,,
2018,final,Bulgaria,Sweden,20,9,18,14,8,7,4,,
2018,final,Bulgaria,Ukraine,10,14,8,19,13,15,17,,
2018,final,Bulgaria,United Kingdom,23,16,7,23,16,19,23,,
2018,final,Croatia,Albania,7,10,24,6,13,7,10,,
2018,final,Croatia,Australia,17,12,2,15,20,24,22,,
2018,final,Croatia,Austria,11,14,7,12,26,6,18,,
2018,final,Croatia,Bulgaria,10,4,1,20,15,1,9,,
2018,final,Croatia,Cyprus,3,11,18,5,9,25,8,,
2018,final,Croatia,Czechia,6,7,3,10,8,10,4,,
2018,final,Croatia,Denmark,9,23,23,25,14,26,14,,
2018,final,Croatia,Estonia,13,18,16,21,7,13,25,,
2018,final,Croatia,Finland,25,20,10,11,25,23,15,,
2018,final,Croatia,France,12,5,13,9,4,2,5,,
2018,final,Croatia,Germany,8,22,20,19,16,12,24,,
2018,final,Croatia,Hungary,16,26,26,24,21,22,23,,
2018,final,Croatia,Ireland,15,8,5,17,2,9,21,,
2018,final,Croatia,Israel,5,2,6,3,22,3,3,,
2018,final,Croatia,Italy,2,17,19,18,6,19,17,,
2018,final,Croatia,Lithuania,24,1,4,1,3,8,2,,
2018,final,Croatia,Moldova,22,3,9,4,5,11,1,,
2018,final,Croatia,Netherlands,21,25,25,16,23,20,26,,
2018,final,Croatia,Norway,14,6,22,2,11,4,6,,
2018,final,Croatia,Portugal,26,19,15,22,10,15,11,,
2018,final,Croatia,Serbia,1,21,14,23,17,14,16,,
2018,final,Croatia,Slovenia,4,16,8,7,19,21,19,,
2018,final,Croatia,Spain,19,15,11,8,24,17,7,,
2018,final,Croatia,Sweden,23,13,12,13,12,5,12,,
2018,final,Croatia,Ukraine,20,24,17,26,18,16,20,,
2018,final,Croatia,United Kingdom,18,9,21,14,1,18,13,,
2018,final,Cyprus,Albania,17,5,5,5,5,5,6,,
2018,final,Cyprus,Australia,23,14,20,18,16,14,4,,
2018,final,Cyprus,Austria,11,9,7,8,7,11,10,,
2018,final,Cyprus,Bulgaria,1,18,13,12,15,15,18,,
2018,final,Cyprus,Czechia,3,6,6,4,8,8,9,,
2018,final,Cyprus,Denmark,19,25,25,25,23,22,24,,
2018,final,Cyprus,Estonia,7,10,4,11,13,9,12,,
2018,final,Cyprus,Finland,22,17,16,13,14,13,15,,
2018,final,Cyprus,France,10,8,12,7,11,4,13,,
2018,final,Cyprus,Germany,8,22,19,20,22,20,19,,
2018,final,Cyprus,Hungary,20,7,17,14,6,23,2,,
2018,final,Cyprus,Ireland,14,11,15,10,2,19,20,,
2018,final,Cyprus,Israel,2,12,8,9,10,12,7,,
2018,final,Cyprus,Italy,4,3,1,6,3,7,11,,
2018,final,Cyprus,Lithuania,5,16,10,15,12,10,14,,
2018,final,Cyprus,Moldova,13,2,3,3,4,3,3,,
2018,final,Cyprus,Netherlands,16,13,11,19,19,2,25,,
2018,final,Cyprus,Norway,6,15,14,16,17,21,5,,
2018,final,Cyprus,Portugal,24,20,18,23,21,16,23,,
2018,final,Cyprus,Serbia,12,23,23,22,25,25,17,,
2018,final,Cyprus,Slovenia,25,24,24,21,20,24,21,,
2018,final,Cyprus,Spain,21,4,2,2,9,6,8,,
2018,final,Cyprus,Sweden,18,1,9,1,1,1,1,,
2018,final,Cyprus,Ukraine,9,19,22,17,18,17,22,,
2018,final,Cyprus,United Kingdom,15,21,21,24,24,18,16,,
2018,final,Czechia,Albania,14,5,3,10,1,7,5,,
2018,final,Czechia,Australia,22,21,20,17,20,18,22,,
2018,final,Czechia,Austria,12,6,4,9,4,9,6,,
2018,final,Czechia,Bulgaria,10,7,9,4,5,6,11,,
2018,final,Czechia,Cyprus,3,17,24,19,23,10,25,,
2018,final,Czechia,Denmark,4,24,19,23,21,17,23,,
2018,final,Czechia,Estonia,6,13,11,12,15,11,14,,
2018,final,Czechia,Finland,21,8,10,5,8,3,15,,
2018,final,Czechia,France,19,18,16,16,22,16,18,,
2018,final,Czechia,Germany,8,12,13,15,13,15,7,,
2018,final,Czechia,Hungary,13,9,6,11,10,14,8,,
2018,final,Czechia,Ireland,7,2,2,6,7,2,2,,
2018,final,Czechia,Israel,2,1,1,1,2,1,3,,
2018,final,Czechia,Italy,9,19,17,20,24,19,13,,
2018,final,Czechia,Lithuania,16,10,8,8,11,12,9,,
2018,final,Czechia,Moldova,5,25,25,25,25,25,24,,
2018,final,Czechia,Netherlands,20,15,22,21,9,24,12,,
2018,final,Czechia,Norway,11,23,21,18,17,21,20,,
2018,final,Czechia,Portugal,25,14,18,7,16,13,17,,
2018,final,Czechia,Serbia,15,20,14,24,19,20,19,,
2018,final,Czechia,Slovenia,23,4,5,3,3,4,4,,
2018,final,Czechia,Spain,24,16,12,13,18,23,16,,
2018,final,Czechia,Sweden,18,3,7,2,6,5,1,,
2018,final,Czechia,Ukraine,1,22,23,22,14,22,21,,
2018,final,Czechia,United Kingdom,17,11,15,14,12,8,10,,
2018,final,Denmark,Albania,24,24,15,22,25,23,20,,
2018,final,Denmark,Australia,9,2,3,1,10,3,1,,
2018,final,Denmark,Austria,2,3,2,6,3,9,9,,
2018,final,Denmark,Bulgaria,22,10,18,18,9,17,2,,
2018,final,Denmark,Cyprus,10,6,7,2,12,5,7,,
2018,final,Denmark,Czechia,5,13,11,7,11,24,16,,
2018,final,Denmark,Estonia,12,4,17,10,7,1,4,,
2018,final,Denmark,Finland,15,20,13,12,19,25,17,,
2018,final,Denmark,France,13,9,5,17,6,6,24,,
2018,final,Denmark,Germany,1,1,1,3,1,7,3,,
2018,final,Denmark,Hungary,19,22,20,25,24,14,12,,
2018,final,Denmark,Ireland,7,11,14,14,4,16,8,,
2018,final,Denmark,Israel,11,8,4,13,16,2,13,,
2018,final,Denmark,Italy,17,21,24,16,14,18,14,,
2018,final,Denmark,Lithuania,16,15,10,8,15,20,23,,
2018,final,Denmark,Moldova,14,25,22,21,18,22,21,,
2018,final,Denmark,Netherlands,6,17,12,19,13,19,11,,
2018,final,Denmark,Norway,3,18,9,24,17,21,15,,
2018,final,Denmark,Portugal,25,23,16,20,20,13,22,,
2018,final,Denmark,Serbia,23,12,19,23,8,11,6,,
2018,final,Denmark,Slovenia,21,16,23,9,22,8,25,,
2018,final,Denmark,Spain,20,5,21,4,5,4,5,,
2018,final,Denmark,Sweden,4,7,8,5,2,10,10,,
2018,final,Denmark,Ukraine,18,19,25,11,23,12,19,,
2018,final,Denmark,United Kingdom,8,14,6,15,21,15,18,,
2018,final,Estonia,Albania,20,20,19,18,18,10,18,,
2018,final,Estonia,Australia,14,18,24,12,13,20,13,,
2018,final,Estonia,Austria,5,1,3,1,3,2,1,,
2018,final,Estonia,Bulgaria,23,4,4,5,2,4,15,,
2018,final,Estonia,Cyprus,7,3,9,3,1,6,2,,
2018,final,Estonia,Czechia,6,15,8,25,23,24,11,,
2018,final,Estonia,Denmark,3,17,16,21,14,14,12,,
2018,final,Estonia,Finland,2,9,18,11,7,15,5,,
2018,final,Estonia,France,12,14,15,17,8,16,10,,
2018,final,Estonia,Germany,15,5,2,4,17,3,7,,
2018,final,Estonia,Hungary,8,24,22,22,21,13,23,,
2018,final,Estonia,Ireland,13,11,10,6,15,8,21,,
2018,final,Estonia,Israel,16,16,7,24,24,25,22,,
2018,final,Estonia,Italy,4,21,13,16,16,22,14,,
2018,final,Estonia,Lithuania,1,2,1,2,11,1,4,,
2018,final,Estonia,Moldova,10,22,25,23,10,23,16,,
2018,final,Estonia,Netherlands,11,10,21,15,9,5,8,,
2018,final,Estonia,Norway,9,7,14,8,6,12,6,,
2018,final,Estonia,Portugal,22,8,12,10,5,7,19,,
2018,final,Estonia,Serbia,25,25,23,20,25,21,24,,
2018,final,Estonia,Slovenia,24,23,17,13,22,19,25,,
2018,final,Estonia,Spain,18,13,6,9,20,9,20,,
2018,final,Estonia,Sweden,17,6,20,7,4,11,3,,
2018,final,Estonia,Ukraine,19,19,11,14,19,18,17,,
2018,final,Estonia,United Kingdom,21,12,5,19,12,17,9,,
2018,final,Finland,Albania,17,12,13,14,11,10,11,,
2018,final,Finland,Australia,18,21,14,25,22,21,16,,
2018,final,Finland,Austria,8,4,6,5,2,7,2,,
2018,final,Finland,Bulgaria,20,2,4,2,5,6,1,,
2018,final,Finland,Cyprus,10,5,2,6,3,5,9,,
2018,final,Finland,Czechia,6,11,12,15,7,13,12,,
2018,final,Finland,Denmark,2,8,15,4,20,9,3,,
2018,final,Finland,Estonia,1,18,21,20,12,22,17,,
2018,final,Finland,France,7,6,5,16,6,1,4,,
2018,final,Finland,Germany,16,10,11,9,8,11,8,,
2018,final,Finland,Hungary,3,17,25,12,23,12,23,,
2018,final,Finland,Ireland,15,9,9,7,10,8,15,,
2018,final,Finland,Israel,4,1,1,1,1,2,10,,
2018,final,Finland,Italy,5,7,10,8,9,4,5,,
2018,final,Finland,Lithuania,14,14,8,13,13,15,19,,
2018,final,Finland,Moldova,13,22,19,18,25,24,14,,
2018,final,Finland,Netherlands,9,19,17,17,18,17,20,,
2018,final,Finland,Norway,11,13,16,10,16,23,7,,
2018,final,Finland,Portugal,23,20,22,24,15,14,24,,
2018,final,Finland,Serbia,25,24,23,19,19,20,22,,
2018,final,Finland,Slovenia,22,25,24,23,24,25,25,,
2018,final,Finland,Spain,24,15,7,22,14,16,18,,
2018,final,Finland,Sweden,12,3,3,3,4,3,6,,
2018,final,Finland,Ukraine,19,23,20,21,21,19,21,,
2018,final,Finland,United Kingdom,21,16,18,11,17,18,13,,
2018,final,France,Albania,17,20,18,14,15,18,20,,
2018,final,France,Australia,23,2,7,2,2,2,1,,
2018,final,France,Austria,14,4,5,3,4,6,8,,
2018,final,France,Bulgaria,21,24,22,25,23,21,21,,
2018,final,France,Cyprus,8,21,12,19,25,25,15,,
2018,final,France,Czechia,13,7,4,8,8,8,5,,
2018,final,France,Denmark,9,18,16,22,14,16,14,,
2018,final,France,Estonia,4,22,15,24,20,14,17,,
2018,final,France,Finland,24,14,14,10,16,19,13,,
2018,final,France,Germany,11,3,9,4,1,1,6,,
2018,final,France,Hungary,22,23,19,23,22,24,23,,
2018,final,France,Ireland,12,10,3,16,11,11,11,,
2018,final,France,Israel,1,1,1,1,3,5,2,,
2018,final,France,Italy,2,13,11,20,17,13,10,,
2018,final,France,Lithuania,19,17,20,18,10,17,22,,
2018,final,France,Moldova,5,15,10,11,21,20,24,,
2018,final,France,Netherlands,20,5,6,5,7,3,9,,
2018,final,France,Norway,16,12,17,7,19,9,16,,
2018,final,France,Portugal,3,11,21,9,9,7,12,,
2018,final,France,Serbia,10,25,24,21,24,23,25,,
2018,final,France,Slovenia,25,9,25,6,5,12,4,,
2018,final,France,Spain,6,16,13,17,12,22,19,,
2018,final,France,Sweden,18,6,2,15,13,4,7,,
2018,final,France,Ukraine,7,19,23,12,18,15,18,,
2018,final,France,United Kingdom,15,8,8,13,6,10,3,,
2018,final,Georgia,Albania,23,7,8,11,4,9,9,,
2018,final,Georgia,Australia,22,23,22,19,20,15,21,,
2018,final,Georgia,Austria,10,3,3,4,1,3,4,,
2018,final,Georgia,Bulgaria,16,5,2,10,5,6,6,,
2018,final,Georgia,Cyprus,2,25,25,25,19,24,23,,
2018,final,Georgia,Czechia,11,21,26,13,25,12,20,,
2018,final,Georgia,Denmark,9,10,11,2,16,21,10,,
2018,final,Georgia,Estonia,5,2,5,6,2,2,1,,
2018,final,Georgia,Finland,17,18,23,26,12,17,11,,
2018,final,Georgia,France,7,14,16,12,21,8,18,,
2018,final,Georgia,Germany,13,4,4,14,3,1,2,,
2018,final,Georgia,Hungary,14,11,18,3,24,11,13,,
2018,final,Georgia,Ireland,20,13,13,18,8,23,12,,
2018,final,Georgia,Israel,1,8,6,7,15,7,8,,
2018,final,Georgia,Italy,6,12,10,17,7,16,16,,
2018,final,Georgia,Lithuania,4,9,7,5,22,10,7,,
2018,final,Georgia,Moldova,8,26,24,24,26,26,24,,
2018,final,Georgia,Netherlands,18,6,9,9,11,4,5,,
2018,final,Georgia,Norway,12,16,12,16,17,14,15,,
2018,final,Georgia,Portugal,26,24,19,22,23,20,22,,
2018,final,Georgia,Serbia,21,22,21,21,14,19,26,,
2018,final,Georgia,Slovenia,25,17,17,23,9,22,17,,
2018,final,Georgia,Spain,24,15,14,8,18,18,19,,
2018,final,Georgia,Sweden,15,1,1,1,6,5,3,,
2018,final,Georgia,Ukraine,3,20,15,15,10,25,25,,
2018,final,Georgia,United Kingdom,19,19,20,20,13,13,14,,
2018,final,Germany,Albania,12,16,25,14,8,15,18,,
2018,final,Germany,Australia,17,4,2,5,4,4,4,,
2018,final,Germany,Austria,6,2,4,3,3,2,2,,
2018,final,Germany,Bulgaria,22,24,20,24,19,24,22,,
2018,final,Germany,Cyprus,5,8,6,10,5,23,10,,
2018,final,Germany,Czechia,3,15,14,20,23,12,9,,
2018,final,Germany,Denmark,8,22,13,21,20,22,23,,
2018,final,Germany,Estonia,19,9,19,8,9,3,20,,
2018,final,Germany,Finland,23,25,18,25,24,25,25,,
2018,final,Germany,France,16,12,12,12,12,13,15,,
2018,final,Germany,Hungary,9,23,23,19,21,18,21,,
2018,final,Germany,Ireland,4,3,3,2,2,5,3,,
2018,final,Germany,Israel,2,10,5,16,11,11,8,,
2018,final,Germany,Italy,1,17,17,15,16,9,16,,
2018,final,Germany,Lithuania,7,7,16,7,10,6,7,,
2018,final,Germany,Moldova,15,19,21,22,22,14,11,,
2018,final,Germany,Netherlands,11,6,10,6,14,10,5,,
2018,final,Germany,Norway,14,18,9,23,25,16,17,,
2018,final,Germany,Portugal,18,13,24,18,13,8,14,,
2018,final,Germany,Serbia,13,21,22,17,15,17,24,,
2018,final,Germany,Slovenia,24,14,11,11,17,21,13,,
2018,final,Germany,Spain,25,5,7,4,6,7,6,,
2018,final,Germany,Sweden,21,1,1,1,1,1,1,,
2018,final,Germany,Ukraine,20,11,8,9,7,19,12,,
2018,final,Germany,United Kingdom,10,20,15,13,18,20,19,,
2018,final,Greece,Albania,2,4,6,5,5,6,5,,
2018,final,Greece,Australia,21,14,14,23,19,4,12,,
2018,final,Greece,Austria,20,20,17,19,22,17,20,,
2018,final,Greece,Bulgaria,6,16,9,14,18,12,18,,
2018,final,Greece,Cyprus,1,1,1,2,3,1,3,,
2018,final,Greece,Czechia,4,13,11,11,10,10,10,,
2018,final,Greece,Denmark,14,21,26,26,25,26,14,,
2018,final,Greece,Estonia,7,8,3,10,12,5,9,,
2018,final,Greece,Finland,23,19,18,21,15,15,16,,
2018,final,Greece,France,11,6,16,1,9,7,8,,
2018,final,Greece,Germany,9,11,19,13,2,18,13,,
2018,final,Greece,Hungary,13,5,5,9,14,8,1,,
2018,final,Greece,Ireland,12,17,13,15,17,14,11,,
2018,final,Greece,Israel,5,7,8,7,8,11,2,,
2018,final,Greece,Italy,3,10,24,16,1,25,19,,
2018,final,Greece,Lithuania,18,18,15,20,16,16,17,,
2018,final,Greece,Moldova,10,2,2,3,4,2,4,,
2018,final,Greece,Netherlands,16,12,12,4,13,20,15,,
2018,final,Greece,Norway,8,15,10,12,11,13,24,,
2018,final,Greece,Portugal,26,25,25,22,23,22,21,,
2018,final,Greece,Serbia,19,9,7,6,7,9,6,,
2018,final,Greece,Slovenia,25,23,20,18,24,23,26,,
2018,final,Greece,Spain,24,24,22,25,20,19,25,,
2018,final,Greece,Sweden,17,3,4,8,6,3,7,,
2018,final,Greece,Ukraine,15,22,21,17,21,24,23,,
2018,final,Greece,United Kingdom,22,26,23,24,26,21,22,,
2018,final,Hungary,Albania,19,2,3,3,1,2,9,,
2018,final,Hungary,Australia,20,4,7,2,5,3,6,,
2018,final,Hungary,Austria,8,3,5,8,2,4,1,,
2018,final,Hungary,Bulgaria,12,12,22,16,11,12,3,,
2018,final,Hungary,Cyprus,4,11,4,18,8,18,11,,
2018,final,Hungary,Czechia,3,23,21,25,16,25,15,,
2018,final,Hungary,Denmark,1,1,1,1,3,1,2,,
2018,final,Hungary,Estonia,13,15,8,11,17,9,13,,
2018,final,Hungary,Finland,14,19,9,13,18,24,25,,
2018,final,Hungary,France,22,24,23,15,24,17,23,,
2018,final,Hungary,Germany,10,14,11,12,15,5,14,,
2018,final,Hungary,Ireland,15,8,6,5,14,15,10,,
2018,final,Hungary,Israel,2,5,14,6,6,13,7,,
2018,final,Hungary,Italy,5,25,15,22,23,19,22,,
2018,final,Hungary,Lithuania,17,6,10,9,12,10,4,,
2018,final,Hungary,Moldova,9,13,2,24,20,22,17,,
2018,final,Hungary,Netherlands,7,7,17,4,13,6,12,,
2018,final,Hungary,Norway,6,9,12,23,4,11,8,,
2018,final,Hungary,Portugal,25,18,24,7,25,23,20,,
2018,final,Hungary,Serbia,16,21,25,17,10,21,21,,
2018,final,Hungary,Slovenia,18,22,16,21,21,14,19,,
2018,final,Hungary,Spain,24,16,19,14,22,7,18,,
2018,final,Hungary,Sweden,21,10,13,20,9,8,5,,
2018,final,Hungary,Ukraine,11,17,20,19,7,20,16,,
2018,final,Hungary,United Kingdom,23,20,18,10,19,16,24,,
2018,final,Iceland,Albania,25,2,11,1,2,2,5,,
2018,final,Iceland,Australia,19,20,19,18,13,18,18,,
2018,final,Iceland,Austria,6,1,9,2,1,3,1,,
2018,final,Iceland,Bulgaria,22,26,22,23,26,23,23,,
2018,final,Iceland,Cyprus,10,9,13,7,7,6,9,,
2018,final,Iceland,Czechia,2,10,1,19,12,14,17,,
2018,final,Iceland,Denmark,1,16,7,15,20,19,22,,
2018,final,Iceland,Estonia,12,4,6,3,9,10,2,,
2018,final,Iceland,Finland,8,12,8,8,6,13,20,,
2018,final,Iceland,France,5,8,4,13,18,8,6,,
2018,final,Iceland,Germany,3,5,5,14,4,1,11,,
2018,final,Iceland,Hungary,16,18,25,9,14,20,21,,
2018,final,Iceland,Ireland,13,7,12,17,11,5,3,,
2018,final,Iceland,Israel,4,3,3,5,5,4,8,,
2018,final,Iceland,Italy,18,24,26,16,25,26,24,,
2018,final,Iceland,Lithuania,11,22,17,25,16,21,15,,
2018,final,Iceland,Moldova,17,23,16,26,24,25,26,,
2018,final,Iceland,Netherlands,14,19,14,21,19,15,12,,
2018,final,Iceland,Norway,7,21,15,20,17,17,19,,
2018,final,Iceland,Portugal,26,15,18,10,23,16,7,,
2018,final,Iceland,Serbia,24,17,10,24,21,12,16,,
2018,final,Iceland,Slovenia,21,13,21,4,10,24,14,,
2018,final,Iceland,Spain,23,14,24,11,8,9,13,,
2018,final,Iceland,Sweden,9,6,2,6,15,7,4,,
2018,final,Iceland,Ukraine,20,25,23,22,22,22,25,,
2018,final,Iceland,United Kingdom,15,11,20,12,3,11,10,,
2018,final,Ireland,Albania,23,9,7,7,18,5,12,,
2018,final,Ireland,Australia,12,12,18,11,7,8,10,,
2018,final,Ireland,Austria,11,6,12,1,10,4,6,,
2018,final,Ireland,Bulgaria,20,2,3,2,3,10,2,,
2018,final,Ireland,Cyprus,6,1,10,4,1,2,3,,
2018,final,Ireland,Czechia,4,16,25,19,12,9,16,,
2018,final,Ireland,Denmark,9,17,19,15,9,21,18,,
2018,final,Ireland,Estonia,7,8,13,6,5,12,9,,
2018,final,Ireland,Finland,16,11,17,13,11,3,14,,
2018,final,Ireland,France,13,7,4,8,2,15,7,,
2018,final,Ireland,Germany,3,3,2,5,6,6,1,,
2018,final,Ireland,Hungary,14,14,6,16,15,24,25,,
2018,final,Ireland,Israel,5,4,9,10,4,1,5,,
2018,final,Ireland,Italy,15,22,15,20,25,25,19,,
2018,final,Ireland,Lithuania,1,15,16,14,8,14,23,,
2018,final,Ireland,Moldova,10,21,21,25,14,16,22,,
2018,final,Ireland,Netherlands,8,23,20,21,16,23,24,,
2018,final,Ireland,Norway,17,18,11,18,17,19,13,,
2018,final,Ireland,Portugal,22,5,1,3,21,20,4,,
2018,final,Ireland,Serbia,25,25,22,24,23,22,20,,
2018,final,Ireland,Slovenia,24,24,23,22,24,18,21,,
2018,final,Ireland,Spain,19,10,5,9,19,11,8,,
2018,final,Ireland,Sweden,18,19,14,17,13,17,15,,
2018,final,Ireland,Ukraine,21,20,24,23,20,13,17,,
2018,final,Ireland,United Kingdom,2,13,8,12,22,7,11,,
2018,final,Israel,Albania,22,24,11,18,16,19,21,,
2018,final,Israel,Australia,16,4,5,5,10,3,7,,
2018,final,Israel,Austria,10,1,2,2,2,2,25,,
2018,final,Israel,Bulgaria,17,10,14,8,4,20,12,,
2018,final,Israel,Cyprus,9,17,7,15,15,11,17,,
2018,final,Israel,Czechia,1,15,8,10,12,14,11,,
2018,final,Israel,Denmark,7,9,24,6,22,8,5,,
2018,final,Israel,Estonia,3,13,3,21,19,15,18,,
2018,final,Israel,Finland,12,5,10,3,5,10,4,,
2018,final,Israel,France,5,23,19,12,13,21,13,,
2018,final,Israel,Germany,8,6,1,17,14,7,6,,
2018,final,Israel,Hungary,15,8,25,4,24,22,2,,
2018,final,Israel,Ireland,14,11,4,13,8,24,20,,
2018,final,Israel,Italy,6,21,22,14,25,6,23,,
2018,final,Israel,Lithuania,21,22,9,22,20,12,15,,
2018,final,Israel,Moldova,2,14,13,25,23,25,3,,
2018,final,Israel,Netherlands,20,19,21,16,17,5,24,,
2018,final,Israel,Norway,11,16,6,20,11,17,10,,
2018,final,Israel,Portugal,25,18,23,7,9,18,19,,
2018,final,Israel,Serbia,23,12,20,19,18,4,9,,
2018,final,Israel,Slovenia,18,7,17,9,1,9,16,,
2018,final,Israel,Spain,19,25,18,24,21,16,14,,
2018,final,Israel,Sweden,24,2,15,1,6,23,1,,
2018,final,Israel,Ukraine,4,20,12,23,7,13,22,,
2018,final,Israel,United Kingdom,13,3,16,11,3,1,8,,
2018,final,Italy,Albania,1,15,17,25,6,12,19,,
2018,final,Italy,Australia,23,12,12,11,19,6,7,,
2018,final,Italy,Austria,15,4,1,6,3,10,22,,
2018,final,Italy,Bulgaria,11,20,24,19,13,23,14,,
2018,final,Italy,Cyprus,6,8,5,16,12,5,6,,
2018,final,Italy,Czechia,12,18,18,17,18,20,12,,
2018,final,Italy,Denmark,7,3,10,8,1,1,8,,
2018,final,Italy,Estonia,5,7,16,22,4,2,11,,
2018,final,Italy,Finland,20,21,20,13,22,22,15,,
2018,final,Italy,France,16,11,6,7,17,16,4,,
2018,final,Italy,Germany,8,2,4,1,16,7,1,,
2018,final,Italy,Hungary,9,22,19,14,25,25,18,,
2018,final,Italy,Ireland,14,6,7,5,7,4,25,,
2018,final,Italy,Israel,4,9,9,10,11,8,3,,
2018,final,Italy,Lithuania,13,14,15,15,9,15,9,,
2018,final,Italy,Moldova,2,17,11,20,14,19,13,,
2018,final,Italy,Netherlands,18,13,8,9,8,11,17,,
2018,final,Italy,Norway,19,1,3,3,2,3,2,,
2018,final,Italy,Portugal,25,23,14,21,23,21,21,,
2018,final,Italy,Serbia,10,19,23,18,15,13,20,,
2018,final,Italy,Slovenia,22,24,22,23,21,18,23,,
2018,final,Italy,Spain,17,16,13,12,10,17,16,,
2018,final,Italy,Sweden,24,10,21,2,24,14,5,,
2018,final,Italy,Ukraine,3,25,25,24,20,24,24,,
2018,final,Italy,United Kingdom,21,5,2,4,5,9,10,,
2018,final,Latvia,Albania,24,22,22,10,20,24,17,,
2018,final,Latvia,Australia,13,5,9,7,6,4,4,,
2018,final,Latvia,Austria,19,4,3,13,2,8,10,,
2018,final,Latvia,Bulgaria,20,14,15,8,4,25,19,,
2018,final,Latvia,Cyprus,10,19,12,16,19,11,22,,
2018,final,Latvia,Czechia,7,13,17,23,17,2,25,,
2018,final,Latvia,Denmark,6,24,21,17,22,19,13,,
2018,final,Latvia,Estonia,2,3,8,1,8,5,12,,
2018,final,Latvia,Finland,21,26,19,19,14,20,24,,
2018,final,Latvia,France,16,2,1,22,7,3,11,,
2018,final,Latvia,Germany,17,8,4,11,5,7,14,,
2018,final,Latvia,Hungary,12,20,24,15,9,23,20,,
2018,final,Latvia,Ireland,14,21,11,21,21,17,15,,
2018,final,Latvia,Israel,3,12,23,2,18,10,21,,
2018,final,Latvia,Italy,5,25,13,25,23,16,23,,
2018,final,Latvia,Lithuania,1,7,6,3,16,6,8,,
2018,final,Latvia,Moldova,4,16,20,20,15,18,6,,
2018,final,Latvia,Netherlands,15,6,5,9,3,9,7,,
2018,final,Latvia,Norway,9,11,16,5,13,21,5,,
2018,final,Latvia,Portugal,26,17,7,24,10,22,26,,
2018,final,Latvia,Serbia,23,15,18,12,11,14,9,,
2018,final,Latvia,Slovenia,22,10,26,14,24,13,1,,
2018,final,Latvia,Spain,25,23,14,26,25,15,16,,
2018,final,Latvia,Sweden,11,1,2,4,1,1,3,,
2018,final,Latvia,Ukraine,8,18,10,18,12,12,18,,
2018,final,Latvia,United Kingdom,18,9,25,6,26,26,2,,
2018,final,Lithuania,Albania,23,14,11,24,21,12,5,,
2018,final,Lithuania,Australia,11,17,18,12,9,13,22,,
2018,final,Lithuania,Austria,8,1,2,4,2,3,3,,
2018,final,Lithuania,Bulgaria,17,11,14,6,12,9,17,,
2018,final,Lithuania,Cyprus,5,10,12,5,8,23,20,,
2018,final,Lithuania,Czechia,3,20,24,15,17,14,13,,
2018,final,Lithuania,Denmark,2,23,21,17,24,21,23,,
2018,final,Lithuania,Estonia,1,18,13,16,13,18,14,,
2018,final,Lithuania,Finland,19,19,22,9,20,17,24,,
2018,final,Lithuania,France,6,2,5,1,1,2,19,,
2018,final,Lithuania,Germany,9,6,4,13,6,7,2,,
2018,final,Lithuania,Hungary,14,9,20,7,22,19,4,,
2018,final,Lithuania,Ireland,15,7,6,14,7,8,7,,
2018,final,Lithuania,Israel,10,5,3,3,4,4,10,,
2018,final,Lithuania,Italy,4,21,16,21,18,22,15,,
2018,final,Lithuania,Moldova,16,25,25,25,25,25,25,,
2018,final,Lithuania,Netherlands,13,8,15,22,5,5,12,,
2018,final,Lithuania,Norway,18,16,7,18,19,16,9,,
2018,final,Lithuania,Portugal,21,4,1,10,10,6,1,,
2018,final,Lithuania,Serbia,25,24,23,23,23,20,21,,
2018,final,Lithuania,Slovenia,22,12,9,8,15,10,16,,
2018,final,Lithuania,Spain,24,13,8,20,14,11,8,,
2018,final,Lithuania,Sweden,7,3,17,2,3,1,6,,
2018,final,Lithuania,Ukraine,12,22,19,19,16,24,18,,
2018,final,Lithuania,United Kingdom,20,15,10,11,11,15,11,,
2018,final,Malta,Albania,18,11,18,21,4,24,22,,
2018,final,Malta,Australia,5,8,10,8,10,9,9,,
2018,final,Malta,Austria,15,10,9,9,12,18,8,,
2018,final,Malta,Bulgaria,4,9,4,14,23,20,10,,
2018,final,Malta,Cyprus,2,1,1,1,2,2,1,,
2018,final,Malta,Czechia,8,6,7,7,5,4,6,,
2018,final,Malta,Denmark,9,15,12,13,26,11,24,,
2018,final,Malta,Estonia,14,22,21,15,19,19,25,,
2018,final,Malta,Finland,16,18,17,25,21,14,13,,
2018,final,Malta,France,13,3,3,3,3,3,3,,
2018,final,Malta,Germany,7,12,11,10,15,10,15,,
2018,final,Malta,Hungary,23,25,26,23,25,17,21,,
2018,final,Malta,Ireland,11,14,14,17,13,8,12,,
2018,final,Malta,Israel,3,5,6,4,8,7,4,,
2018,final,Malta,Italy,1,2,2,2,1,1,2,,
2018,final,Malta,Lithuania,6,13,13,12,11,12,11,,
2018,final,Malta,Moldova,22,20,15,24,24,15,17,,
2018,final,Malta,Netherlands,20,19,20,16,22,16,14,,
2018,final,Malta,Norway,17,7,8,6,7,6,7,,
2018,final,Malta,Portugal,26,24,25,22,17,26,20,,
2018,final,Malta,Serbia,19,26,19,26,20,25,23,,
2018,final,Malta,Slovenia,24,23,23,20,18,23,19,,
2018,final,Malta,Spain,25,21,24,19,14,21,18,,
2018,final,Malta,Sweden,12,4,5,5,6,5,5,,
2018,final,Malta,Ukraine,21,17,22,11,16,13,26,,
2018,final,Malta,United Kingdom,10,16,16,18,9,22,16,,
2018,final,Moldova,Albania,19,11,21,16,2,22,17,,
2018,final,Moldova,Australia,18,4,5,8,6,2,5,,
2018,final,Moldova,Austria,13,8,3,11,15,3,14,,
2018,final,Moldova,Bulgaria,8,3,4,14,5,6,1,,
2018,final,Moldova,Cyprus,4,5,6,9,4,10,2,,
2018,final,Moldova,Czechia,5,12,8,23,21,4,15,,
2018,final,Moldova,Denmark,12,17,25,6,24,13,23,,
2018,final,Moldova,Estonia,10,1,16,1,1,1,4,,
2018,final,Moldova,Finland,25,22,24,25,9,23,22,,
2018,final,Moldova,France,11,18,19,17,19,8,16,,
2018,final,Moldova,Germany,7,7,1,7,13,14,10,,
2018,final,Moldova,Hungary,9,25,22,20,25,25,25,,
2018,final,Moldova,Ireland,21,19,14,22,20,9,21,,
2018,final,Moldova,Israel,1,2,2,4,3,24,3,,
2018,final,Moldova,Italy,3,23,23,21,23,11,20,,
2018,final,Moldova,Lithuania,17,13,7,10,14,18,13,,
2018,final,Moldova,Netherlands,16,10,15,5,7,7,12,,
2018,final,Moldova,Norway,6,9,17,2,11,12,7,,
2018,final,Moldova,Portugal,24,24,18,24,18,19,18,,
2018,final,Moldova,Serbia,14,16,12,15,10,21,11,,
2018,final,Moldova,Slovenia,22,15,9,18,17,16,9,,
2018,final,Moldova,Spain,20,14,10,19,16,17,6,,
2018,final,Moldova,Sweden,15,20,13,13,22,15,19,,
2018,final,Moldova,Ukraine,2,6,11,3,8,5,8,,
2018,final,Moldova,United Kingdom,23,21,20,12,12,20,24,,
2018,final,Montenegro,Albania,2,2,3,2,2,3,4,,
2018,final,Montenegro,Australia,20,11,21,8,9,8,6,,
2018,final,Montenegro,Austria,15,20,18,22,13,10,20,,
2018,final,Montenegro,Bulgaria,7,13,15,21,4,20,14,,
2018,final,Montenegro,Cyprus,6,10,17,1,24,18,16,,
2018,final,Montenegro,Czechia,12,22,25,13,14,24,23,,
2018,final,Montenegro,Denmark,13,5,11,16,12,7,1,,
2018,final,Montenegro,Estonia,16,6,6,11,5,6,10,,
2018,final,Montenegro,Finland,24,14,12,10,7,22,13,,
2018,final,Montenegro,France,18,17,20,26,25,9,7,,
2018,final,Montenegro,Germany,17,12,10,5,23,11,12,,
2018,final,Montenegro,Hungary,8,26,26,20,26,25,26,,
2018,final,Montenegro,Ireland,22,24,22,19,20,23,17,,
2018,final,Montenegro,Israel,10,18,9,15,10,26,18,,
2018,final,Montenegro,Italy,3,7,23,14,11,4,3,,
2018,final,Montenegro,Lithuania,25,16,16,25,6,12,21,,
2018,final,Montenegro,Moldova,14,3,2,4,19,5,2,,
2018,final,Montenegro,Netherlands,19,8,5,7,8,13,11,,
2018,final,Montenegro,Norway,11,4,4,6,3,14,9,,
2018,final,Montenegro,Portugal,26,25,24,18,22,19,24,,
2018,final,Montenegro,Serbia,1,1,1,3,1,1,5,,
2018,final,Montenegro,Slovenia,5,23,19,24,16,21,19,,
2018,final,Montenegro,Spain,21,19,7,23,21,15,15,,
2018,final,Montenegro,Sweden,9,15,8,9,15,16,25,,
2018,final,Montenegro,Ukraine,4,21,13,12,18,17,22,,
2018,final,Montenegro,United Kingdom,23,9,14,17,17,2,8,,
2018,final,Netherlands,Albania,20,16,13,14,19,11,14,,
2018,final,Netherlands,Australia,15,13,12,11,15,12,7,,
2018,final,Netherlands,Austria,8,2,3,3,8,4,2,,
2018,final,Netherlands,Bulgaria,18,12,15,9,12,5,19,,
2018,final,Netherlands,Cyprus,6,5,5,1,2,18,10,,
2018,final,Netherlands,Czechia,5,17,10,19,16,22,13,,
2018,final,Netherlands,Denmark,3,25,18,25,23,23,25,,
2018,final,Netherlands,Estonia,11,7,6,7,4,10,12,,
2018,final,Netherlands,Finland,24,22,20,22,21,14,23,,
2018,final,Netherlands,France,14,21,22,13,18,21,15,,
2018,final,Netherlands,Germany,1,1,4,4,3,1,1,,
2018,final,Netherlands,Hungary,9,23,19,24,20,15,24,,
2018,final,Netherlands,Ireland,7,15,8,20,14,24,8,,
2018,final,Netherlands,Israel,2,6,1,5,9,16,18,,
2018,final,Netherlands,Italy,4,19,25,23,25,7,22,,
2018,final,Netherlands,Lithuania,19,4,11,6,1,2,5,,
2018,final,Netherlands,Moldova,12,20,21,10,17,25,20,,
2018,final,Netherlands,Norway,10,8,9,12,7,17,4,,
2018,final,Netherlands,Portugal,21,9,23,16,10,3,11,,
2018,final,Netherlands,Serbia,17,24,16,21,22,19,21,,
2018,final,Netherlands,Slovenia,25,10,14,8,6,8,16,,
2018,final,Netherlands,Spain,22,11,24,18,11,6,6,,
2018,final,Netherlands,Sweden,13,3,2,2,5,13,3,,
2018,final,Netherlands,Ukraine,23,14,7,17,13,9,17,,
2018,final,Netherlands,United Kingdom,16,18,17,15,24,20,9,,
2018,final,North Macedonia,Albania,1,5,6,10,12,6,3,,
2018,final,North Macedonia,Australia,15,14,22,15,20,3,10,,
2018,final,North Macedonia,Austria,14,17,16,17,5,16,9,,
2018,final,North Macedonia,Bulgaria,4,16,8,5,15,17,25,,
2018,final,North Macedonia,Cyprus,3,2,2,4,4,4,22,,
2018,final,North Macedonia,Czechia,6,7,11,1,7,20,14,,
2018,final,North Macedonia,Denmark,12,23,18,23,11,22,15,,
2018,final,North Macedonia,Estonia,17,1,1,6,6,5,6,,
2018,final,North Macedonia,Finland,20,6,5,9,2,21,16,,
2018,final,North Macedonia,France,16,21,9,11,16,19,26,,
2018,final,North Macedonia,Germany,11,8,10,19,14,8,2,,
2018,final,North Macedonia,Hungary,23,20,21,21,25,11,8,,
2018,final,North Macedonia,Ireland,21,19,25,25,9,9,23,,
2018,final,North Macedonia,Israel,8,10,12,2,24,7,24,,
2018,final,North Macedonia,Italy,5,12,17,22,18,12,1,,
2018,final,North Macedonia,Lithuania,25,22,7,26,13,24,21,,
2018,final,North Macedonia,Moldova,10,11,26,3,26,23,4,,
2018,final,North Macedonia,Netherlands,24,18,13,24,8,10,12,,
2018,final,North Macedonia,Norway,13,15,19,7,17,18,5,,
2018,final,North Macedonia,Portugal,26,26,23,20,21,26,20,,
2018,final,North Macedonia,Serbia,2,3,4,12,10,1,13,,
2018,final,North Macedonia,Slovenia,9,9,3,8,19,14,7,,
2018,final,North Macedonia,Spain,19,25,24,16,23,15,17,,
2018,final,North Macedonia,Sweden,18,4,15,14,3,2,11,,
2018,final,North Macedonia,Ukraine,7,24,20,13,22,13,18,,
2018,final,North Macedonia,United Kingdom,22,13,14,18,1,25,19,,
2018,final,Norway,Albania,22,12,18,3,18,16,16,,
2018,final,Norway,Australia,12,5,5,6,11,4,7,,
2018,final,Norway,Austria,3,3,3,7,3,6,5,,
2018,final,Norway,Bulgaria,16,14,22,19,12,5,17,,
2018,final,Norway,Cyprus,9,6,7,24,4,8,3,,
2018,final,Norway,Czechia,7,13,11,5,21,17,15,,
2018,final,Norway,Denmark,2,23,23,20,14,20,24,,
2018,final,Norway,Estonia,15,20,12,16,23,14,25,,
2018,final,Norway,Finland,13,17,19,18,16,9,18,,
2018,final,Norway,France,10,4,4,4,13,2,9,,
2018,final,Norway,Germany,5,1,2,1,2,3,2,,
2018,final,Norway,Hungary,18,24,24,22,25,24,22,,
2018,final,Norway,Ireland,19,10,10,9,5,19,11,,
2018,final,Norway,Israel,4,16,13,23,20,12,12,,
2018,final,Norway,Italy,11,18,15,21,15,11,23,,
2018,final,Norway,Lithuania,1,8,14,8,6,7,8,,
2018,final,Norway,Moldova,17,25,25,25,24,25,20,,
2018,final,Norway,Netherlands,6,7,6,2,9,15,10,,
2018,final,Norway,Portugal,25,11,21,11,8,10,6,,
2018,final,Norway,Serbia,21,22,16,17,17,18,21,,
2018,final,Norway,Slovenia,23,21,20,14,19,21,14,,
2018,final,Norway,Spain,24,9,9,15,7,13,4,,
2018,final,Norway,Sweden,8,2,1,12,1,1,1,,
2018,final,Norway,Ukraine,20,19,17,10,22,23,19,,
2018,final,Norway,United Kingdom,14,15,8,13,10,22,13,,
2018,final,Poland,Albania,25,4,10,6,2,4,2,,
2018,final,Poland,Australia,19,7,5,7,11,7,9,,
2018,final,Poland,Austria,15,1,1,1,1,1,3,,
2018,final,Poland,Bulgaria,18,9,6,18,8,5,10,,
2018,final,Poland,Cyprus,3,13,8,14,15,15,18,,
2018,final,Poland,Czechia,7,18,23,23,18,16,14,,
2018,final,Poland,Denmark,5,23,25,21,23,17,21,,
2018,final,Poland,Estonia,12,14,11,13,10,23,15,,
2018,final,Poland,Finland,22,22,24,19,21,20,20,,
2018,final,Poland,France,8,20,17,22,20,14,22,,
2018,final,Poland,Germany,10,2,3,2,6,2,1,,
2018,final,Poland,Hungary,4,8,7,8,5,10,12,,
2018,final,Poland,Ireland,9,6,9,5,7,9,7,,
2018,final,Poland,Israel,2,19,12,20,24,25,19,,
2018,final,Poland,Italy,6,21,18,15,17,22,24,,
2018,final,Poland,Lithuania,14,10,16,11,9,13,4,,
2018,final,Poland,Moldova,17,26,26,26,26,26,26,,
2018,final,Poland,Netherlands,20,3,2,3,3,8,5,,
2018,final,Poland,Norway,11,12,22,17,16,6,11,,
2018,final,Poland,Portugal,26,15,13,10,13,19,17,,
2018,final,Poland,Serbia,23,24,20,25,25,18,25,,
2018,final,Poland,Slovenia,16,17,15,12,19,24,13,,
2018,final,Poland,Spain,24,11,14,9,12,11,8,,
2018,final,Poland,Sweden,13,5,4,4,4,3,6,,
2018,final,Poland,Ukraine,1,16,19,16,14,12,16,,
2018,final,Poland,United Kingdom,21,25,21,24,22,21,23,,
2018,final,Portugal,Albania,23,2,10,7,6,1,1,,
2018,final,Portugal,Australia,14,12,15,12,13,9,14,,
2018,final,Portugal,Austria,11,3,4,3,5,2,7,,
2018,final,Portugal,Bulgaria,21,4,5,2,7,3,4,,
2018,final,Portugal,Cyprus,6,15,17,11,17,10,15,,
2018,final,Portugal,Czechia,15,13,12,19,9,11,16,,
2018,final,Portugal,Denmark,9,24,23,22,23,23,22,,
2018,final,Portugal,Estonia,4,1,1,1,4,5,2,,
2018,final,Portugal,Finland,22,18,18,18,15,20,18,,
2018,final,Portugal,France,12,6,8,5,1,6,5,,
2018,final,Portugal,Germany,3,14,16,16,8,18,12,,
2018,final,Portugal,Hungary,18,19,14,17,22,24,19,,
2018,final,Portugal,Ireland,8,11,9,10,12,12,11,,
2018,final,Portugal,Israel,10,10,7,9,16,13,10,,
2018,final,Portugal,Italy,2,7,3,8,2,8,8,,
2018,final,Portugal,Lithuania,13,5,2,6,3,4,6,,
2018,final,Portugal,Moldova,5,25,25,25,25,25,25,,
2018,final,Portugal,Netherlands,20,17,13,21,21,14,17,,
2018,final,Portugal,Norway,17,23,24,24,24,17,24,,
2018,final,Portugal,Serbia,25,21,22,15,20,21,23,,
2018,final,Portugal,Slovenia,24,8,6,4,11,16,3,,
2018,final,Portugal,Spain,1,9,11,13,10,7,9,,
2018,final,Portugal,Sweden,19,22,19,23,19,22,21,,
2018,final,Portugal,Ukraine,7,16,20,14,18,15,13,,
2018,final,Portugal,United Kingdom,16,20,21,20,14,19,20,,
2018,final,Romania,Albania,13,13,15,11,24,10,7,,
2018,final,Romania,Australia,14,9,7,12,8,4,11,,
2018,final,Romania,Austria,20,1,4,4,1,3,1,,
2018,final,Romania,Bulgaria,6,16,10,16,15,23,19,,
2018,final,Romania,Cyprus,4,6,3,3,12,7,8,,
2018,final,Romania,Czechia,8,22,22,23,23,14,24,,
2018,final,Romania,Denmark,9,26,23,26,25,26,26,,
2018,final,Romania,Estonia,12,8,14,8,7,5,2,,
2018,final,Romania,Finland,24,18,24,20,18,11,16,,
2018,final,Romania,France,11,25,21,25,26,22,23,,
2018,final,Romania,Germany,7,7,5,7,4,17,4,,
2018,final,Romania,Hungary,2,24,26,24,20,16,20,,
2018,final,Romania,Ireland,10,15,9,15,9,24,25,,
2018,final,Romania,Israel,3,11,8,9,13,25,10,,
2018,final,Romania,Italy,5,12,18,10,10,12,9,,
2018,final,Romania,Lithuania,18,5,12,5,3,6,5,,
2018,final,Romania,Moldova,1,4,1,6,5,9,15,,
2018,final,Romania,Netherlands,16,3,6,2,6,1,6,,
2018,final,Romania,Norway,17,14,13,14,11,13,13,,
2018,final,Romania,Portugal,26,19,20,21,16,20,17,,
2018,final,Romania,Serbia,15,23,25,22,17,18,21,,
2018,final,Romania,Slovenia,25,10,11,13,14,2,14,,
2018,final,Romania,Spain,23,2,2,1,2,8,3,,
2018,final,Romania,Sweden,19,17,16,19,22,15,12,,
2018,final,Romania,Ukraine,21,20,17,17,21,21,18,,
2018,final,Romania,United Kingdom,22,21,19,18,19,19,22,,
2018,final,Russia,Albania,23,19,24,14,15,24,23,,
2018,final,Russia,Australia,21,6,9,5,5,5,5,,
2018,final,Russia,Austria,20,12,12,10,13,19,12,,
2018,final,Russia,Bulgaria,14,17,13,17,17,23,16,,
2018,final,Russia,Cyprus,7,4,2,3,4,10,4,,
2018,final,Russia,Czechia,9,18,15,25,20,15,17,,
2018,final,Russia,Denmark,4,14,11,20,16,12,11,,
2018,final,Russia,Estonia,8,5,4,4,8,4,6,,
2018,final,Russia,Finland,19,23,22,21,21,22,20,,
2018,final,Russia,France,15,9,10,12,7,7,9,,
2018,final,Russia,Germany,13,7,7,7,6,6,7,,
2018,final,Russia,Hungary,11,16,19,9,22,16,18,,
2018,final,Russia,Ireland,16,25,26,22,24,18,25,,
2018,final,Russia,Israel,2,3,5,6,3,3,3,,
2018,final,Russia,Italy,5,10,8,13,10,17,10,,
2018,final,Russia,Lithuania,18,8,6,8,9,9,8,,
2018,final,Russia,Moldova,1,1,1,2,1,1,1,,
2018,final,Russia,Netherlands,17,22,25,19,23,20,19,,
2018,final,Russia,Norway,6,13,23,11,11,11,15,,
2018,final,Russia,Portugal,26,26,20,26,26,26,24,,
2018,final,Russia,Serbia,12,11,14,16,12,8,14,,
2018,final,Russia,Slovenia,22,20,18,23,25,14,21,,
2018,final,Russia,Spain,25,24,21,24,18,21,26,,
2018,final,Russia,Sweden,10,2,3,1,2,2,2,,
2018,final,Russia,Ukraine,3,15,16,15,14,13,13,,
2018,final,Russia,United Kingdom,24,21,17,18,19,25,22,,
2018,final,San Marino,Albania,22,24,26,15,21,21,19,,
2018,final,San Marino,Australia,17,9,4,18,9,16,7,,
2018,final,San Marino,Austria,14,18,22,24,14,7,9,,
2018,final,San Marino,Bulgaria,12,16,24,10,8,5,21,,
2018,final,San Marino,Cyprus,4,20,12,23,10,12,24,,
2018,final,San Marino,Czechia,2,11,10,17,4,15,8,,
2018,final,San Marino,Denmark,5,14,3,11,26,17,14,,
2018,final,San Marino,Estonia,11,6,25,5,2,13,13,,
2018,final,San Marino,Finland,20,22,11,20,22,18,22,,
2018,final,San Marino,France,18,12,20,22,5,20,4,,
2018,final,San Marino,Germany,7,2,9,3,3,4,5,,
2018,final,San Marino,Hungary,16,26,16,26,25,26,26,,
2018,final,San Marino,Ireland,8,10,21,4,13,6,12,,
2018,final,San Marino,Israel,1,1,2,6,1,1,2,,
2018,final,San Marino,Italy,3,7,17,2,15,11,6,,
2018,final,San Marino,Lithuania,19,23,13,19,17,22,25,,
2018,final,San Marino,Moldova,9,4,6,1,16,9,15,,
2018,final,San Marino,Netherlands,23,17,23,12,24,24,3,,
2018,final,San Marino,Norway,15,21,19,14,12,19,16,,
2018,final,San Marino,Portugal,26,15,5,25,7,23,11,,
2018,final,San Marino,Serbia,13,8,1,13,18,10,20,,
2018,final,San Marino,Slovenia,24,5,8,7,23,2,10,,
2018,final,San Marino,Spain,25,19,15,16,11,8,23,,
2018,final,San Marino,Sweden,21,3,7,8,6,14,1,,
2018,final,San Marino,Ukraine,6,25,18,21,20,25,18,,
2018,final,San Marino,United Kingdom,10,13,14,9,19,3,17,,
2018,final,Serbia,Albania,13,10,10,13,12,5,12,,
2018,final,Serbia,Australia,16,12,8,9,15,9,14,,
2018,final,Serbia,Austria,14,7,3,10,6,4,9,,
2018,final,Serbia,Bulgaria,9,16,25,22,14,10,15,,
2018,final,Serbia,Cyprus,2,19,22,23,25,18,10,,
2018,final,Serbia,Czechia,6,21,23,16,19,16,21,,
2018,final,Serbia,Denmark,7,15,14,14,9,15,18,,
2018,final,Serbia,Estonia,11,8,12,11,13,3,4,,
2018,final,Serbia,Finland,23,14,13,17,22,17,7,,
2018,final,Serbia,France,17,25,24,25,18,22,20,,
2018,final,Serbia,Germany,12,2,2,3,1,8,6,,
2018,final,Serbia,Hungary,1,18,20,24,11,14,16,,
2018,final,Serbia,Ireland,21,11,11,6,7,21,19,,
2018,final,Serbia,Israel,4,9,21,8,17,11,1,,
2018,final,Serbia,Italy,5,3,5,2,3,6,8,,
2018,final,Serbia,Lithuania,24,23,16,21,20,25,25,,
2018,final,Serbia,Moldova,10,6,4,4,10,7,5,,
2018,final,Serbia,Netherlands,15,4,7,5,4,1,13,,
2018,final,Serbia,Norway,8,5,6,7,5,13,2,,
2018,final,Serbia,Portugal,25,24,19,19,23,23,24,,
2018,final,Serbia,Slovenia,3,13,15,12,8,12,11,,
2018,final,Serbia,Spain,20,20,18,15,21,20,17,,
2018,final,Serbia,Sweden,19,1,1,1,2,2,3,,
2018,final,Serbia,Ukraine,18,22,17,20,24,19,22,,
2018,final,Serbia,United Kingdom,22,17,9,18,16,24,23,,
2018,final,Slovenia,Albania,10,7,8,4,7,10,6,,
2018,final,Slovenia,Australia,14,23,19,21,20,18,23,,
2018,final,Slovenia,Austria,9,2,2,2,1,3,8,,
2018,final,Slovenia,Bulgaria,20,19,17,15,16,9,20,,
2018,final,Slovenia,Cyprus,5,3,10,9,4,1,4,,
2018,final,Slovenia,Czechia,3,8,7,3,9,8,22,,
2018,final,Slovenia,Denmark,4,22,20,25,24,23,14,,
2018,final,Slovenia,Estonia,16,6,3,22,5,12,5,,
2018,final,Slovenia,Finland,22,13,4,17,19,15,21,,
2018,final,Slovenia,France,11,9,5,16,13,7,10,,
2018,final,Slovenia,Germany,7,14,11,5,18,17,19,,
2018,final,Slovenia,Hungary,8,21,15,20,21,24,17,,
2018,final,Slovenia,Ireland,17,16,14,11,8,25,16,,
2018,final,Slovenia,Israel,12,10,23,19,11,22,2,,
2018,final,Slovenia,Italy,2,11,13,14,14,6,12,,
2018,final,Slovenia,Lithuania,24,12,16,7,15,11,11,,
2018,final,Slovenia,Moldova,15,5,12,12,6,5,3,,
2018,final,Slovenia,Netherlands,18,4,6,6,3,4,7,,
2018,final,Slovenia,Norway,6,17,18,8,12,14,18,,
2018,final,Slovenia,Portugal,25,25,25,23,23,21,25,,
2018,final,Slovenia,Serbia,1,15,9,13,17,16,9,,
2018,final,Slovenia,Spain,21,20,21,18,22,13,13,,
2018,final,Slovenia,Sweden,19,1,1,1,2,2,1,,
2018,final,Slovenia,Ukraine,13,24,24,24,25,20,24,,
2018,final,Slovenia,United Kingdom,23,18,22,10,10,19,15,,
2018,final,Spain,Albania,23,12,7,10,7,18,19,,
2018,final,Spain,Australia,22,14,15,9,13,23,6,,
2018,final,Spain,Austria,15,3,2,2,5,12,5,,
2018,final,Spain,Bulgaria,6,18,22,14,20,10,18,,
2018,final,Spain,Cyprus,3,1,1,1,2,3,1,,
2018,final,Spain,Czechia,2,7,12,13,6,9,4,,
2018,final,Spain,Denmark,17,24,24,23,18,24,23,,
2018,final,Spain,Estonia,9,10,6,7,12,19,8,,
2018,final,Spain,Finland,20,20,20,18,21,20,12,,
2018,final,Spain,France,7,5,14,6,8,1,11,,
2018,final,Spain,Germany,5,4,5,4,3,5,10,,
2018,final,Spain,Hungary,18,25,25,24,25,25,21,,
2018,final,Spain,Ireland,10,6,4,8,9,7,14,,
2018,final,Spain,Israel,1,2,3,5,1,2,2,,
2018,final,Spain,Italy,4,8,10,3,11,15,15,,
2018,final,Spain,Lithuania,14,19,11,17,15,21,16,,
2018,final,Spain,Moldova,12,22,21,20,22,22,13,,
2018,final,Spain,Netherlands,19,13,18,16,4,14,17,,
2018,final,Spain,Norway,8,11,16,11,16,11,3,,
2018,final,Spain,Portugal,13,15,13,22,17,4,24,,
2018,final,Spain,Serbia,25,23,23,25,24,17,25,,
2018,final,Spain,Slovenia,24,17,17,19,23,6,20,,
2018,final,Spain,Sweden,11,9,8,12,10,8,7,,
2018,final,Spain,Ukraine,16,21,19,21,19,13,22,,
2018,final,Spain,United Kingdom,21,16,9,15,14,16,9,,
2018,final,Sweden,Albania,13,22,15,25,20,13,23,,
2018,final,Sweden,Australia,12,3,1,8,6,3,17,,
2018,final,Sweden,Austria,9,2,6,4,2,1,2,,
2018,final,Sweden,Bulgaria,22,5,3,7,4,4,19,,
2018,final,Sweden,Cyprus,7,1,2,1,1,2,1,,
2018,final,Sweden,Czechia,8,16,23,15,11,21,7,,
2018,final,Sweden,Denmark,1,12,11,17,5,16,16,,
2018,final,Sweden,Estonia,15,11,8,10,12,8,12,,
2018,final,Sweden,Finland,5,8,7,9,9,6,13,,
2018,final,Sweden,France,14,6,4,6,10,19,3,,
2018,final,Sweden,Germany,6,10,5,12,16,10,10,,
2018,final,Sweden,Hungary,18,17,19,23,21,7,15,,
2018,final,Sweden,Ireland,16,7,12,2,7,5,22,,
2018,final,Sweden,Israel,2,4,10,3,3,9,5,,
2018,final,Sweden,Italy,11,19,13,18,15,15,24,,
2018,final,Sweden,Lithuania,4,14,20,5,25,20,11,,
2018,final,Sweden,Moldova,20,18,16,22,23,18,9,,
2018,final,Sweden,Netherlands,10,13,9,20,14,17,6,,
2018,final,Sweden,Norway,3,9,18,13,8,11,4,,
2018,final,Sweden,Portugal,25,24,21,19,22,22,20,,
2018,final,Sweden,Serbia,17,25,25,24,24,24,25,,
2018,final,Sweden,Slovenia,23,21,22,14,19,14,21,,
2018,final,Sweden,Spain,24,20,17,16,13,23,18,,
2018,final,Sweden,Ukraine,21,15,14,11,17,12,8,,
2018,final,Sweden,United Kingdom,19,23,24,21,18,25,14,,
2018,final,Switzerland,Albania,4,21,15,17,21,18,16,,
2018,final,Switzerland,Australia,17,18,12,25,22,21,8,,
2018,final,Switzerland,Austria,7,7,3,9,14,6,5,,
2018,final,Switzerland,Bulgaria,24,9,7,3,10,14,14,,
2018,final,Switzerland,Cyprus,8,4,20,1,6,5,6,,
2018,final,Switzerland,Czechia,13,11,10,6,19,10,26,,
2018,final,Switzerland,Denmark,9,22,26,12,18,26,17,,
2018,final,Switzerland,Estonia,18,2,2,4,3,12,1,,
2018,final,Switzerland,Finland,21,13,16,5,20,23,10,,
2018,final,Switzerland,France,11,17,11,13,17,8,21,,
2018,final,Switzerland,Germany,5,1,1,15,7,1,2,,
2018,final,Switzerland,Hungary,14,24,23,20,15,24,24,,
2018,final,Switzerland,Ireland,12,5,8,10,2,4,7,,
2018,final,Switzerland,Israel,6,10,17,7,23,2,13,,
2018,final,Switzerland,Italy,3,15,9,18,8,15,12,,
2018,final,Switzerland,Lithuania,20,3,4,2,5,7,3,,
2018,final,Switzerland,Moldova,19,25,22,22,24,25,19,,
2018,final,Switzerland,Netherlands,15,19,18,23,11,17,11,,
2018,final,Switzerland,Norway,22,14,5,19,16,11,20,,
2018,final,Switzerland,Portugal,2,8,25,8,9,3,9,,
2018,final,Switzerland,Serbia,1,23,13,26,25,19,23,,
2018,final,Switzerland,Slovenia,26,12,21,11,4,22,22,,
2018,final,Switzerland,Spain,10,20,14,14,13,16,15,,
2018,final,Switzerland,Sweden,23,6,19,16,1,9,4,,
2018,final,Switzerland,Ukraine,25,26,24,24,26,20,25,,
2018,final,Switzerland,United Kingdom,16,16,6,21,12,13,18,,
2018,final,Ukraine,Albania,18,11,18,6,15,4,15,,
2018,final,Ukraine,Australia,19,9,5,19,14,5,10,,
2018,final,Ukraine,Austria,14,4,12,5,3,6,4,,
2018,final,Ukraine,Bulgaria,13,17,19,10,10,23,17,,
2018,final,Ukraine,Cyprus,7,13,10,20,20,7,8,,
2018,final,Ukraine,Czechia,2,7,4,9,22,8,6,,
2018,final,Ukraine,Denmark,3,8,13,8,2,15,18,,
2018,final,Ukraine,Estonia,8,10,11,16,18,12,2,,
2018,final,Ukraine,Finland,23,25,20,22,24,16,24,,
2018,final,Ukraine,France,4,1,2,1,1,22,5,,
2018,final,Ukraine,Germany,12,14,17,7,8,20,19,,
2018,final,Ukraine,Hungary,10,15,7,24,13,25,11,,
2018,final,Ukraine,Ireland,20,21,21,15,12,18,14,,
2018,final,Ukraine,Israel,1,2,8,3,4,3,1,,
2018,final,Ukraine,Italy,6,16,25,21,6,19,25,,
2018,final,Ukraine,Lithuania,9,20,16,11,17,14,22,,
2018,final,Ukraine,Moldova,5,19,15,12,25,11,23,,
2018,final,Ukraine,Netherlands,16,3,1,4,5,1,13,,
2018,final,Ukraine,Norway,11,12,14,13,21,10,3,,
2018,final,Ukraine,Portugal,25,23,24,18,9,24,21,,
2018,final,Ukraine,Serbia,21,22,22,17,19,13,12,,
2018,final,Ukraine,Slovenia,17,6,3,14,16,2,9,,
2018,final,Ukraine,Spain,24,18,23,25,7,17,16,,
2018,final,Ukraine,Sweden,15,5,6,2,11,9,7,,
2018,final,Ukraine,United Kingdom,22,24,9,23,23,21,20,,
2018,final,United Kingdom,Albania,16,4,5,4,3,8,3,,
2018,final,United Kingdom,Australia,10,21,11,16,22,23,13,,
2018,final,United Kingdom,Austria,19,1,2,1,8,1,1,,
2018,final,United Kingdom,Bulgaria,5,3,1,2,4,5,14,,
2018,final,United Kingdom,Cyprus,3,12,14,15,7,21,7,,
2018,final,United Kingdom,Czechia,6,11,23,8,10,16,6,,
2018,final,United Kingdom,Denmark,9,24,24,22,12,24,20,,
2018,final,United Kingdom,Estonia,11,5,3,7,16,2,15,,
2018,final,United Kingdom,Finland,14,7,7,13,6,6,11,,
2018,final,United Kingdom,France,21,22,13,17,15,15,19,,
2018,final,United Kingdom,Germany,8,19,12,23,21,10,22,,
2018,final,United Kingdom,Hungary,12,15,6,14,18,25,9,,
2018,final,United Kingdom,Ireland,2,8,10,9,2,18,18,,
2018,final,United Kingdom,Israel,4,2,4,5,1,4,5,,
2018,final,United Kingdom,Italy,17,25,25,25,25,17,25,,
2018,final,United Kingdom,Lithuania,1,17,8,12,23,12,16,,
2018,final,United Kingdom,Moldova,7,14,9,18,9,22,8,,
2018,final,United Kingdom,Netherlands,13,16,20,6,17,20,10,,
2018,final,United Kingdom,Norway,15,6,21,3,11,7,4,,
2018,final,United Kingdom,Portugal,18,23,15,19,19,13,21,,
2018,final,United Kingdom,Serbia,25,20,22,24,14,9,24,,
2018,final,United Kingdom,Slovenia,24,13,18,21,5,11,12,,
2018,final,United Kingdom,Spain,22,10,17,11,24,3,17,,
2018,final,United Kingdom,Sweden,20,9,16,20,20,19,2,,
2018,final,United Kingdom,Ukraine,23,18,19,10,13,14,23,,
2019,semi-final-1,Australia,Belarus,9,15,14,16,15,9,11,,
2019,semi-final-1,Australia,Belgium,14,11,12,3,8,16,14,,
2019,semi-final-1,Australia,Cyprus,8,12,8,14,13,5,9,,
2019,semi-final-1,Australia,Czechia,2,1,3,1,6,8,6,,
2019,semi-final-1,Australia,Estonia,4,16,13,15,16,12,16,,
2019,semi-final-1,Australia,Finland,13,9,9,9,4,10,10,,
2019,semi-final-1,Australia,Georgia,15,6,10,10,3,7,2,,
2019,semi-final-1,Australia,Greece,3,4,2,8,7,3,5,,
2019,semi-final-1,Australia,Hungary,10,5,6,4,2,6,7,,
2019,semi-final-1,Australia,Iceland,1,2,16,5,5,1,3,,
2019,semi-final-1,Australia,Poland,6,3,11,7,1,11,1,,
2019,semi-final-1,Australia,Portugal,7,13,5,11,11,14,8,,
2019,semi-final-1,Australia,San Marino,5,10,15,6,12,4,15,,
2019,semi-final-1,Australia,Serbia,12,8,7,13,10,2,4,,
2019,semi-final-1,Australia,Slovenia,11,7,1,2,14,15,12,,
2019,semi-final-1,Belarus,Australia,2,3,3,7,7,1,3,,
2019,semi-final-1,Belarus,Belgium,12,11,16,12,16,5,12,,
2019,semi-final-1,Belarus,Cyprus,13,7,6,5,5,10,7,,
2019,semi-final-1,Belarus,Czechia,8,4,4,3,8,4,4,,
2019,semi-final-1,Belarus,Estonia,5,1,1,1,6,2,1,,
2019,semi-final-1,Belarus,Finland,15,16,15,16,13,15,16,,
2019,semi-final-1,Belarus,Georgia,10,2,2,2,1,9,2,,
2019,semi-final-1,Belarus,Greece,14,6,7,6,2,7,6,,
2019,semi-final-1,Belarus,Hungary,11,9,9,9,4,14,9,,
2019,semi-final-1,Belarus,Iceland,1,10,11,14,11,6,10,,
2019,semi-final-1,Belarus,Poland,6,5,5,4,10,3,5,,
2019,semi-final-1,Belarus,Portugal,9,15,10,11,14,16,15,,
2019,semi-final-1,Belarus,San Marino,4,8,8,8,3,8,8,,
2019,semi-final-1,Belarus,Serbia,7,12,12,13,9,13,13,,
2019,semi-final-1,Belarus,Slovenia,3,14,13,10,15,12,14,,
2019,semi-final-1,Belgium,Australia,2,1,3,8,2,3,1,,
2019,semi-final-1,Belgium,Belarus,13,7,9,4,6,10,3,,
2019,semi-final-1,Belgium,Cyprus,10,8,1,13,13,7,5,,
2019,semi-final-1,Belgium,Czechia,5,3,2,7,12,1,4,,
2019,semi-final-1,Belgium,Estonia,1,4,4,3,3,13,6,,
2019,semi-final-1,Belgium,Finland,14,13,14,14,8,15,9,,
2019,semi-final-1,Belgium,Georgia,15,12,10,15,4,11,15,,
2019,semi-final-1,Belgium,Greece,7,5,7,1,11,6,8,,
2019,semi-final-1,Belgium,Hungary,11,9,11,6,5,5,10,,
2019,semi-final-1,Belgium,Iceland,4,2,5,2,1,2,16,,
2019,semi-final-1,Belgium,Poland,6,15,15,12,15,14,14,,
2019,semi-final-1,Belgium,Portugal,3,10,6,5,10,9,11,,
2019,semi-final-1,Belgium,San Marino,9,14,12,11,14,12,13,,
2019,semi-final-1,Belgium,Serbia,12,6,8,9,9,4,2,,
2019,semi-final-1,Belgium,Slovenia,8,11,13,10,7,8,7,,
2019,semi-final-1,Cyprus,Australia,7,11,9,11,15,12,2,,
2019,semi-final-1,Cyprus,Belarus,5,16,13,5,16,15,16,,
2019,semi-final-1,Cyprus,Belgium,8,2,2,4,3,13,8,,
2019,semi-final-1,Cyprus,Czechia,9,10,11,7,10,10,3,,
2019,semi-final-1,Cyprus,Estonia,4,12,8,9,11,4,10,,
2019,semi-final-1,Cyprus,Finland,15,13,6,8,14,14,13,,
2019,semi-final-1,Cyprus,Georgia,2,4,14,3,7,9,4,,
2019,semi-final-1,Cyprus,Greece,1,1,1,1,1,1,1,,
2019,semi-final-1,Cyprus,Hungary,14,14,15,16,9,7,12,,
2019,semi-final-1,Cyprus,Iceland,10,3,16,2,2,6,15,,
2019,semi-final-1,Cyprus,Poland,12,15,5,15,13,16,14,,
2019,semi-final-1,Cyprus,Portugal,11,8,10,13,8,2,9,,
2019,semi-final-1,Cyprus,San Marino,3,9,7,14,6,8,5,,
2019,semi-final-1,Cyprus,Serbia,6,5,12,6,4,5,7,,
2019,semi-final-1,Cyprus,Slovenia,13,6,3,10,12,3,11,,
2019,semi-final-1,Czechia,Australia,2,13,6,14,12,7,10,,
2019,semi-final-1,Czechia,Belarus,8,3,5,2,3,11,9,,
2019,semi-final-1,Czechia,Belgium,12,8,2,15,6,10,11,,
2019,semi-final-1,Czechia,Cyprus,10,2,3,12,2,4,6,,
2019,semi-final-1,Czechia,Estonia,3,14,14,9,9,13,5,,
2019,semi-final-1,Czechia,Finland,16,12,9,11,11,14,4,,
2019,semi-final-1,Czechia,Georgia,13,10,15,10,14,9,2,,
2019,semi-final-1,Czechia,Greece,11,6,12,5,4,6,8,,
2019,semi-final-1,Czechia,Hungary,9,7,13,6,5,3,14,,
2019,semi-final-1,Czechia,Iceland,5,11,7,8,16,5,13,,
2019,semi-final-1,Czechia,Poland,4,4,11,4,8,2,7,,
2019,semi-final-1,Czechia,Portugal,14,9,1,16,10,8,16,,
2019,semi-final-1,Czechia,San Marino,1,16,8,7,15,12,15,,
2019,semi-final-1,Czechia,Serbia,7,5,10,3,7,15,3,,
2019,semi-final-1,Czechia,Slovenia,6,1,16,1,1,1,1,,
2019,semi-final-1,Estonia,Australia,6,10,16,15,4,16,5,,
2019,semi-final-1,Estonia,Belarus,10,2,4,3,2,7,2,,
2019,semi-final-1,Estonia,Belgium,7,14,11,8,11,14,15,,
2019,semi-final-1,Estonia,Cyprus,14,3,3,4,3,3,7,,
2019,semi-final-1,Estonia,Czechia,3,1,1,1,6,2,1,,
2019,semi-final-1,Estonia,Finland,1,15,12,11,12,12,11,,
2019,semi-final-1,Estonia,Georgia,11,13,13,14,10,13,8,,
2019,semi-final-1,Estonia,Greece,12,7,6,13,7,5,3,,
2019,semi-final-1,Estonia,Hungary,8,6,5,2,15,9,6,,
2019,semi-final-1,Estonia,Iceland,5,9,9,6,9,6,9,,
2019,semi-final-1,Estonia,Poland,9,4,2,5,5,1,12,,
2019,semi-final-1,Estonia,Portugal,15,16,15,16,16,15,16,,
2019,semi-final-1,Estonia,San Marino,2,8,7,10,8,4,10,,
2019,semi-final-1,Estonia,Serbia,13,5,14,12,1,8,4,,
2019,semi-final-1,Estonia,Slovenia,4,12,10,9,13,10,13,,
2019,semi-final-1,Finland,Australia,3,1,4,2,1,1,4,,
2019,semi-final-1,Finland,Belarus,12,14,13,7,12,13,14,,
2019,semi-final-1,Finland,Belgium,11,9,1,11,11,15,7,,
2019,semi-final-1,Finland,Cyprus,14,12,16,13,15,6,11,,
2019,semi-final-1,Finland,Czechia,6,3,3,3,5,7,3,,
2019,semi-final-1,Finland,Estonia,2,5,8,6,6,10,1,,
2019,semi-final-1,Finland,Georgia,15,13,15,12,13,8,10,,
2019,semi-final-1,Finland,Greece,13,4,7,14,4,2,5,,
2019,semi-final-1,Finland,Hungary,9,10,11,4,9,5,8,,
2019,semi-final-1,Finland,Iceland,1,7,6,5,10,4,9,,
2019,semi-final-1,Finland,Poland,5,2,2,1,2,12,6,,
2019,semi-final-1,Finland,Portugal,8,11,9,8,8,14,12,,
2019,semi-final-1,Finland,San Marino,7,15,10,16,16,11,16,,
2019,semi-final-1,Finland,Serbia,10,8,12,9,7,9,2,,
2019,semi-final-1,Finland,Slovenia,4,6,5,10,3,3,15,,
2019,semi-final-1,France,Australia,4,4,14,3,3,14,1,,
2019,semi-final-1,France,Belarus,15,7,8,2,11,5,8,,
2019,semi-final-1,France,Belgium,6,15,16,8,14,13,12,,
2019,semi-final-1,France,Cyprus,11,5,10,4,6,6,2,,
2019,semi-final-1,France,Czechia,12,3,3,5,4,10,3,,
2019,semi-final-1,France,Estonia,10,10,12,7,8,8,5,,
2019,semi-final-1,France,Finland,16,14,15,12,10,15,6,,
2019,semi-final-1,France,Georgia,7,9,7,10,7,4,9,,
2019,semi-final-1,France,Greece,8,6,11,11,5,2,4,,
2019,semi-final-1,France,Hungary,13,2,1,14,1,9,7,,
2019,semi-final-1,France,Iceland,2,1,2,1,16,1,17,,
2019,semi-final-1,France,Poland,3,11,9,9,12,3,14,,
2019,semi-final-1,France,Portugal,1,12,5,13,9,7,16,,
2019,semi-final-1,France,San Marino,14,16,17,17,17,11,13,,
2019,semi-final-1,France,Serbia,5,8,6,6,2,12,11,,
2019,semi-final-1,France,Slovenia,9,13,4,15,15,16,10,,
2019,semi-final-1,Georgia,Australia,11,7,7,7,11,6,5,,
2019,semi-final-1,Georgia,Belarus,4,8,4,9,6,10,9,,
2019,semi-final-1,Georgia,Belgium,13,9,12,6,8,4,13,,
2019,semi-final-1,Georgia,Cyprus,2,6,5,8,4,9,8,,
2019,semi-final-1,Georgia,Czechia,10,1,1,1,1,1,3,,
2019,semi-final-1,Georgia,Estonia,3,3,2,4,5,2,4,,
2019,semi-final-1,Georgia,Finland,14,15,15,13,9,16,12,,
2019,semi-final-1,Georgia,Greece,7,2,6,2,3,3,1,,
2019,semi-final-1,Georgia,Hungary,15,10,9,3,12,12,14,,
2019,semi-final-1,Georgia,Iceland,5,12,10,11,14,7,15,,
2019,semi-final-1,Georgia,Poland,16,14,11,16,13,13,7,,
2019,semi-final-1,Georgia,Portugal,9,11,13,14,10,5,16,,
2019,semi-final-1,Georgia,San Marino,1,16,16,15,16,15,11,,
2019,semi-final-1,Georgia,Serbia,8,5,3,5,7,8,10,,
2019,semi-final-1,Georgia,Slovenia,6,4,8,10,2,11,2,,
2019,semi-final-1,Greece,Australia,3,2,2,2,10,12,3,,
2019,semi-final-1,Greece,Belarus,9,4,7,3,8,10,4,,
2019,semi-final-1,Greece,Belgium,12,13,16,4,6,13,16,,
2019,semi-final-1,Greece,Cyprus,1,1,1,1,1,1,1,,
2019,semi-final-1,Greece,Czechia,10,3,4,16,3,2,13,,
2019,semi-final-1,Greece,Estonia,8,14,5,9,12,14,11,,
2019,semi-final-1,Greece,Finland,15,7,12,15,2,4,12,,
2019,semi-final-1,Greece,Georgia,2,15,11,13,14,6,9,,
2019,semi-final-1,Greece,Hungary,14,16,15,14,16,16,14,,
2019,semi-final-1,Greece,Iceland,4,9,6,7,11,8,7,,
2019,semi-final-1,Greece,Poland,13,12,9,11,7,9,8,,
2019,semi-final-1,Greece,Portugal,11,11,10,12,9,3,15,,
2019,semi-final-1,Greece,San Marino,7,8,14,5,15,5,6,,
2019,semi-final-1,Greece,Serbia,5,5,8,10,4,11,2,,
2019,semi-final-1,Greece,Slovenia,6,10,3,8,13,15,10,,
2019,semi-final-1,Hungary,Australia,6,6,9,5,8,5,6,,
2019,semi-final-1,Hungary,Belarus,11,1,2,10,2,1,1,,
2019,semi-final-1,Hungary,Belgium,12,12,15,7,12,6,8,,
2019,semi-final-1,Hungary,Cyprus,8,15,10,9,11,14,14,,
2019,semi-final-1,Hungary,Czechia,7,2,1,6,1,2,11,,
2019,semi-final-1,Hungary,Estonia,3,5,13,12,9,4,2,,
2019,semi-final-1,Hungary,Finland,16,14,5,15,14,12,15,,
2019,semi-final-1,Hungary,Georgia,15,9,14,11,3,15,5,,
2019,semi-final-1,Hungary,Greece,10,7,12,13,10,3,4,,
2019,semi-final-1,Hungary,Iceland,2,10,11,2,15,10,10,,
2019,semi-final-1,Hungary,Poland,5,3,3,1,4,9,7,,
2019,semi-final-1,Hungary,Portugal,13,11,7,4,13,8,13,,
2019,semi-final-1,Hungary,San Marino,1,16,8,14,16,16,9,,
2019,semi-final-1,Hungary,Serbia,9,4,6,8,5,11,3,,
2019,semi-final-1,Hungary,Slovenia,4,8,16,3,6,7,12,,
2019,semi-final-1,Iceland,Australia,2,1,2,2,1,4,5,,
2019,semi-final-1,Iceland,Belarus,5,8,7,7,3,14,8,,
2019,semi-final-1,Iceland,Belgium,10,7,9,10,7,5,2,,
2019,semi-final-1,Iceland,Cyprus,11,10,13,12,4,12,4,,
2019,semi-final-1,Iceland,Czechia,1,2,3,3,2,10,1,,
2019,semi-final-1,Iceland,Estonia,4,4,5,5,11,1,10,,
2019,semi-final-1,Iceland,Finland,9,13,14,9,10,13,14,,
2019,semi-final-1,Iceland,Georgia,15,14,12,13,14,16,13,,
2019,semi-final-1,Iceland,Greece,12,3,8,1,9,3,9,,
2019,semi-final-1,Iceland,Hungary,8,11,11,6,8,9,6,,
2019,semi-final-1,Iceland,Poland,3,12,6,11,12,7,7,,
2019,semi-final-1,Iceland,Portugal,13,16,16,16,16,15,15,,
2019,semi-final-1,Iceland,San Marino,7,9,4,14,15,2,12,,
2019,semi-final-1,Iceland,Serbia,14,5,1,8,6,6,11,,
2019,semi-final-1,Iceland,Slovenia,6,6,10,4,5,8,3,,
2019,semi-final-1,Israel,Australia,1,3,3,5,2,14,2,,
2019,semi-final-1,Israel,Belarus,7,10,9,11,7,6,10,,
2019,semi-final-1,Israel,Belgium,14,8,8,10,4,7,8,,
2019,semi-final-1,Israel,Cyprus,3,7,6,4,15,8,6,,
2019,semi-final-1,Israel,Czechia,5,5,5,9,11,2,4,,
2019,semi-final-1,Israel,Estonia,2,2,1,8,3,1,5,,
2019,semi-final-1,Israel,Finland,16,12,14,7,9,15,13,,
2019,semi-final-1,Israel,Georgia,4,15,15,13,14,13,14,,
2019,semi-final-1,Israel,Greece,15,1,2,1,1,3,1,,
2019,semi-final-1,Israel,Hungary,11,4,7,2,5,5,3,,
2019,semi-final-1,Israel,Iceland,8,16,11,17,16,16,17,,
2019,semi-final-1,Israel,Poland,9,6,10,3,6,11,7,,
2019,semi-final-1,Israel,Portugal,12,17,17,15,17,17,16,,
2019,semi-final-1,Israel,San Marino,6,9,4,16,10,4,12,,
2019,semi-final-1,Israel,Serbia,10,13,12,12,13,10,11,,
2019,semi-final-1,Israel,Slovenia,13,11,13,6,8,9,9,,
2019,semi-final-1,Montenegro,Australia,4,6,5,7,8,9,3,,
2019,semi-final-1,Montenegro,Belarus,6,14,10,16,13,14,10,,
2019,semi-final-1,Montenegro,Belgium,11,11,14,8,12,16,14,,
2019,semi-final-1,Montenegro,Cyprus,7,3,3,2,6,2,4,,
2019,semi-final-1,Montenegro,Czechia,8,8,9,4,10,7,5,,
2019,semi-final-1,Montenegro,Estonia,9,16,12,13,16,15,15,,
2019,semi-final-1,Montenegro,Finland,15,12,16,12,11,10,13,,
2019,semi-final-1,Montenegro,Georgia,16,9,8,10,5,8,7,,
2019,semi-final-1,Montenegro,Greece,10,1,6,1,2,1,2,,
2019,semi-final-1,Montenegro,Hungary,14,5,4,6,7,4,11,,
2019,semi-final-1,Montenegro,Iceland,5,7,7,11,4,6,6,,
2019,semi-final-1,Montenegro,Poland,13,15,15,9,14,13,12,,
2019,semi-final-1,Montenegro,Portugal,12,13,13,15,15,11,9,,
2019,semi-final-1,Montenegro,San Marino,2,2,1,5,3,3,1,,
2019,semi-final-1,Montenegro,Serbia,1,4,2,3,1,5,8,,
2019,semi-final-1,Montenegro,Slovenia,3,10,11,14,9,12,16,,
2019,semi-final-1,Poland,Australia,2,1,5,1,1,4,1,,
2019,semi-final-1,Poland,Belarus,9,13,14,13,5,11,15,,
2019,semi-final-1,Poland,Belgium,10,8,7,8,13,9,8,,
2019,semi-final-1,Poland,Cyprus,14,7,6,14,9,5,12,,
2019,semi-final-1,Poland,Czechia,6,4,3,5,7,2,5,,
2019,semi-final-1,Poland,Estonia,4,12,8,9,12,12,11,,
2019,semi-final-1,Poland,Finland,15,10,11,11,6,14,9,,
2019,semi-final-1,Poland,Georgia,13,14,13,12,14,10,14,,
2019,semi-final-1,Poland,Greece,12,16,15,10,15,13,16,,
2019,semi-final-1,Poland,Hungary,8,5,4,6,4,6,6,,
2019,semi-final-1,Poland,Iceland,1,6,9,2,10,15,3,,
2019,semi-final-1,Poland,Portugal,11,9,10,7,16,8,7,,
2019,semi-final-1,Poland,San Marino,5,15,16,16,11,16,10,,
2019,semi-final-1,Poland,Serbia,7,2,1,4,2,1,4,,
2019,semi-final-1,Poland,Slovenia,3,3,2,3,3,3,2,,
2019,semi-final-1,Portugal,Australia,2,9,11,9,10,5,6,,
2019,semi-final-1,Portugal,Belarus,13,5,4,2,7,4,13,,
2019,semi-final-1,Portugal,Belgium,9,2,2,8,13,6,1,,
2019,semi-final-1,Portugal,Cyprus,10,10,8,6,11,9,8,,
2019,semi-final-1,Portugal,Czechia,7,1,3,1,2,1,3,,
2019,semi-final-1,Portugal,Estonia,1,6,5,5,5,15,5,,
2019,semi-final-1,Portugal,Finland,15,14,10,10,14,14,7,,
2019,semi-final-1,Portugal,Georgia,14,15,14,12,12,13,10,,
2019,semi-final-1,Portugal,Greece,6,11,16,11,3,8,14,,
2019,semi-final-1,Portugal,Hungary,11,4,1,13,1,11,11,,
2019,semi-final-1,Portugal,Iceland,3,12,15,15,16,10,2,,
2019,semi-final-1,Portugal,Poland,12,8,6,16,15,3,9,,
2019,semi-final-1,Portugal,San Marino,5,13,13,7,4,16,12,,
2019,semi-final-1,Portugal,Serbia,8,7,7,4,6,7,15,,
2019,semi-final-1,Portugal,Slovenia,4,3,9,3,8,2,4,,
2019,semi-final-1,San Marino,Australia,5,5,3,10,4,10,14,,
2019,semi-final-1,San Marino,Belarus,11,10,14,11,14,5,5,,
2019,semi-final-1,San Marino,Belgium,14,9,12,3,5,13,16,,
2019,semi-final-1,San Marino,Cyprus,2,3,7,4,2,2,3,,
2019,semi-final-1,San Marino,Czechia,7,8,6,8,6,11,8,,
2019,semi-final-1,San Marino,Estonia,3,13,13,12,12,16,6,,
2019,semi-final-1,San Marino,Finland,15,16,16,16,15,15,10,,
2019,semi-final-1,San Marino,Georgia,10,12,10,7,9,14,12,,
2019,semi-final-1,San Marino,Greece,1,1,1,1,1,3,2,,
2019,semi-final-1,San Marino,Hungary,13,11,11,9,10,7,7,,
2019,semi-final-1,San Marino,Iceland,4,4,5,6,8,6,4,,
2019,semi-final-1,San Marino,Poland,6,14,15,14,13,9,11,,
2019,semi-final-1,San Marino,Portugal,12,15,8,13,16,12,15,,
2019,semi-final-1,San Marino,Serbia,9,6,9,5,7,4,13,,
2019,semi-final-1,San Marino,Slovenia,8,7,2,15,11,8,9,,
2019,semi-final-1,Serbia,Australia,4,6,8,6,5,9,6,,
2019,semi-final-1,Serbia,Belarus,7,7,9,7,6,6,9,,
2019,semi-final-1,Serbia,Belgium,14,13,14,13,15,7,13,,
2019,semi-final-1,Serbia,Cyprus,11,3,4,3,4,5,4,,
2019,semi-final-1,Serbia,Czechia,10,2,2,2,2,3,2,,
2019,semi-final-1,Serbia,Estonia,8,10,7,8,13,10,15,,
2019,semi-final-1,Serbia,Finland,15,11,13,14,10,14,7,,
2019,semi-final-1,Serbia,Georgia,16,14,12,12,14,11,11,,
2019,semi-final-1,Serbia,Greece,9,9,6,9,8,8,10,,
2019,semi-final-1,Serbia,Hungary,1,5,5,11,3,2,5,,
2019,semi-final-1,Serbia,Iceland,5,16,16,16,16,16,16,,
2019,semi-final-1,Serbia,Poland,13,8,10,4,9,13,8,,
2019,semi-final-1,Serbia,Portugal,12,15,15,15,12,15,14,,
2019,semi-final-1,Serbia,San Marino,6,12,11,10,11,12,12,,
2019,semi-final-1,Serbia,Slovenia,2,4,3,5,7,4,3,,
2019,semi-final-1,Slovenia,Australia,7,12,6,6,15,13,15,,
2019,semi-final-1,Slovenia,Belarus,9,3,5,1,2,6,10,,
2019,semi-final-1,Slovenia,Belgium,11,5,8,9,7,2,2,,
2019,semi-final-1,Slovenia,Cyprus,14,4,4,3,6,4,6,,
2019,semi-final-1,Slovenia,Czechia,6,1,1,2,3,1,1,,
2019,semi-final-1,Slovenia,Estonia,3,10,7,4,13,12,11,,
2019,semi-final-1,Slovenia,Finland,15,14,14,14,9,14,12,,
2019,semi-final-1,Slovenia,Georgia,16,13,11,12,12,10,13,,
2019,semi-final-1,Slovenia,Greece,13,2,2,8,1,5,3,,
2019,semi-final-1,Slovenia,Hungary,5,9,13,7,5,9,9,,
2019,semi-final-1,Slovenia,Iceland,2,7,12,13,14,3,5,,
2019,semi-final-1,Slovenia,Poland,10,8,9,11,8,11,4,,
2019,semi-final-1,Slovenia,Portugal,12,16,15,15,16,16,14,,
2019,semi-final-1,Slovenia,San Marino,8,15,16,16,10,15,16,,
2019,semi-final-1,Slovenia,Serbia,1,6,3,5,4,8,7,,
2019,semi-final-1,Spain,Australia,4,1,6,1,5,2,2,,
2019,semi-final-1,Spain,Belarus,11,4,4,4,3,12,3,,
2019,semi-final-1,Spain,Belgium,7,6,3,10,6,3,7,,
2019,semi-final-1,Spain,Cyprus,10,5,2,5,11,15,1,,
2019,semi-final-1,Spain,Czechia,6,3,9,3,1,4,4,,
2019,semi-final-1,Spain,Estonia,5,10,5,8,16,10,13,,
2019,semi-final-1,Spain,Finland,16,9,7,7,13,13,8,,
2019,semi-final-1,Spain,Georgia,15,16,16,17,14,8,15,,
2019,semi-final-1,Spain,Greece,9,2,1,2,2,9,5,,
2019,semi-final-1,Spain,Hungary,12,11,11,13,9,7,9,,
2019,semi-final-1,Spain,Iceland,2,15,14,14,10,14,12,,
2019,semi-final-1,Spain,Poland,13,13,15,11,7,11,10,,
2019,semi-final-1,Spain,Portugal,1,14,17,16,8,17,11,,
2019,semi-final-1,Spain,San Marino,3,17,13,15,15,16,14,,
2019,semi-final-1,Spain,Serbia,14,8,8,6,12,6,6,,
2019,semi-final-1,Spain,Slovenia,8,7,12,9,4,1,17,,
2019,semi-final-2,Albania,Armenia,14,14,12,10,17,14,14,,
2019,semi-final-2,Albania,Austria,17,10,10,3,12,10,10,,
2019,semi-final-2,Albania,Azerbaijan,4,2,2,5,2,4,1,,
2019,semi-final-2,Albania,Croatia,8,9,8,7,11,7,6,,
2019,semi-final-2,Albania,Denmark,10,11,11,15,7,12,12,,
2019,semi-final-2,Albania,Ireland,15,12,13,11,13,11,13,,
2019,semi-final-2,Albania,Latvia,16,17,15,17,15,16,15,,
2019,semi-final-2,Albania,Lithuania,6,16,14,16,14,17,16,,
2019,semi-final-2,Albania,Malta,11,5,4,8,6,3,3,,
2019,semi-final-2,Albania,Moldova,13,8,5,12,9,5,9,,
2019,semi-final-2,Albania,Netherlands,2,7,9,4,5,9,8,,
2019,semi-final-2,Albania,North Macedonia,3,1,1,1,1,2,2,,
2019,semi-final-2,Albania,Norway,1,15,16,13,16,15,17,,
2019,semi-final-2,Albania,Romania,12,13,17,14,10,13,11,,
2019,semi-final-2,Albania,Russia,9,3,3,9,8,1,4,,
2019,semi-final-2,Albania,Sweden,7,4,6,2,3,8,5,,
2019,semi-final-2,Albania,Switzerland,5,6,7,6,4,6,7,,
2019,semi-final-2,Armenia,Albania,14,16,11,16,14,16,16,,
2019,semi-final-2,Armenia,Austria,15,13,16,10,10,15,12,,
2019,semi-final-2,Armenia,Azerbaijan,11,17,17,17,17,17,17,,
2019,semi-final-2,Armenia,Croatia,9,12,9,13,12,14,14,,
2019,semi-final-2,Armenia,Denmark,10,14,12,12,13,13,13,,
2019,semi-final-2,Armenia,Ireland,16,11,14,11,16,11,10,,
2019,semi-final-2,Armenia,Latvia,12,8,8,9,9,5,7,,
2019,semi-final-2,Armenia,Lithuania,13,15,13,15,15,12,15,,
2019,semi-final-2,Armenia,Malta,4,2,2,8,2,7,1,,
2019,semi-final-2,Armenia,Moldova,8,6,5,4,5,4,9,,
2019,semi-final-2,Armenia,Netherlands,2,7,4,7,6,6,5,,
2019,semi-final-2,Armenia,North Macedonia,5,3,3,2,8,2,4,,
2019,semi-final-2,Armenia,Norway,6,10,15,14,11,10,11,,
2019,semi-final-2,Armenia,Romania,17,9,10,6,7,8,8,,
2019,semi-final-2,Armenia,Russia,1,4,7,3,1,9,2,,
2019,semi-final-2,Armenia,Sweden,7,1,1,1,3,1,3,,
2019,semi-final-2,Armenia,Switzerland,3,5,6,5,4,3,6,,
2019,semi-final-2,Austria,Albania,8,12,13,9,12,17,7,,
2019,semi-final-2,Austria,Armenia,13,10,16,17,4,6,9,,
2019,semi-final-2,Austria,Azerbaijan,4,5,11,3,6,9,3,,
2019,semi-final-2,Austria,Croatia,3,6,4,6,2,16,8,,
2019,semi-final-2,Austria,Denmark,9,7,7,8,5,4,14,,
2019,semi-final-2,Austria,Ireland,16,15,17,12,14,8,16,,
2019,semi-final-2,Austria,Latvia,15,14,12,16,11,10,12,,
2019,semi-final-2,Austria,Lithuania,14,17,14,13,17,12,13,,
2019,semi-final-2,Austria,Malta,11,9,15,14,9,3,4,,
2019,semi-final-2,Austria,Moldova,17,16,9,11,16,15,17,,
2019,semi-final-2,Austria,Netherlands,5,2,5,2,10,2,1,,
2019,semi-final-2,Austria,North Macedonia,6,3,2,4,1,7,5,,
2019,semi-final-2,Austria,Norway,2,8,6,7,3,14,10,,
2019,semi-final-2,Austria,Romania,12,13,10,10,15,11,11,,
2019,semi-final-2,Austria,Russia,7,11,3,15,13,13,15,,
2019,semi-final-2,Austria,Sweden,10,1,1,1,8,5,2,,
2019,semi-final-2,Austria,Switzerland,1,4,8,5,7,1,6,,
2019,semi-final-2,Azerbaijan,Albania,7,4,4,8,4,5,8,,
2019,semi-final-2,Azerbaijan,Armenia,17,17,17,17,17,17,17,,
2019,semi-final-2,Azerbaijan,Austria,16,11,10,4,9,13,11,,
2019,semi-final-2,Azerbaijan,Croatia,10,13,11,5,11,14,12,,
2019,semi-final-2,Azerbaijan,Denmark,13,14,14,12,12,9,14,,
2019,semi-final-2,Azerbaijan,Ireland,14,16,15,13,13,10,15,,
2019,semi-final-2,Azerbaijan,Latvia,15,6,12,11,3,12,3,,
2019,semi-final-2,Azerbaijan,Lithuania,9,10,16,14,16,2,7,,
2019,semi-final-2,Azerbaijan,Malta,5,5,7,2,14,6,5,,
2019,semi-final-2,Azerbaijan,Moldova,11,8,3,15,6,15,10,,
2019,semi-final-2,Azerbaijan,Netherlands,3,7,8,10,7,7,6,,
2019,semi-final-2,Azerbaijan,North Macedonia,4,2,2,7,2,3,2,,
2019,semi-final-2,Azerbaijan,Norway,6,15,13,16,10,11,13,,
2019,semi-final-2,Azerbaijan,Romania,12,3,5,3,15,4,4,,
2019,semi-final-2,Azerbaijan,Russia,1,1,1,1,1,1,1,,
2019,semi-final-2,Azerbaijan,Sweden,8,12,6,9,5,16,16,,
2019,semi-final-2,Azerbaijan,Switzerland,2,9,9,6,8,8,9,,
2019,semi-final-2,Croatia,Albania,5,6,9,9,6,3,4,,
2019,semi-final-2,Croatia,Armenia,16,10,8,8,14,6,13,,
2019,semi-final-2,Croatia,Austria,17,12,15,11,9,16,15,,
2019,semi-final-2,Croatia,Azerbaijan,6,4,3,4,2,9,7,,
2019,semi-final-2,Croatia,Denmark,10,17,14,13,13,17,17,,
2019,semi-final-2,Croatia,Ireland,14,15,17,17,15,8,14,,
2019,semi-final-2,Croatia,Latvia,13,14,11,16,17,11,12,,
2019,semi-final-2,Croatia,Lithuania,11,11,13,12,8,13,11,,
2019,semi-final-2,Croatia,Malta,9,5,6,7,7,2,3,,
2019,semi-final-2,Croatia,Moldova,15,9,10,10,12,4,9,,
2019,semi-final-2,Croatia,Netherlands,4,3,1,1,5,10,8,,
2019,semi-final-2,Croatia,North Macedonia,1,1,2,2,1,1,1,,
2019,semi-final-2,Croatia,Norway,2,16,16,14,11,14,16,,
2019,semi-final-2,Croatia,Romania,12,13,12,15,16,12,10,,
2019,semi-final-2,Croatia,Russia,8,8,7,6,3,15,6,,
2019,semi-final-2,Croatia,Sweden,7,7,5,5,10,7,5,,
2019,semi-final-2,Croatia,Switzerland,3,2,4,3,4,5,2,,
2019,semi-final-2,Denmark,Albania,14,17,11,14,17,16,13,,
2019,semi-final-2,Denmark,Armenia,15,14,10,13,10,5,17,,
2019,semi-final-2,Denmark,Austria,17,9,4,9,9,15,7,,
2019,semi-final-2,Denmark,Azerbaijan,4,10,6,12,6,6,15,,
2019,semi-final-2,Denmark,Croatia,11,6,8,3,15,11,2,,
2019,semi-final-2,Denmark,Ireland,16,13,17,6,7,17,10,,
2019,semi-final-2,Denmark,Latvia,12,5,5,10,4,2,8,,
2019,semi-final-2,Denmark,Lithuania,7,12,3,16,12,13,11,,
2019,semi-final-2,Denmark,Malta,6,11,16,11,5,14,6,,
2019,semi-final-2,Denmark,Moldova,9,15,12,15,11,10,14,,
2019,semi-final-2,Denmark,Netherlands,3,4,2,2,8,8,12,,
2019,semi-final-2,Denmark,North Macedonia,10,2,1,8,13,3,3,,
2019,semi-final-2,Denmark,Norway,1,3,15,7,3,4,1,,
2019,semi-final-2,Denmark,Romania,13,16,7,17,16,12,16,,
2019,semi-final-2,Denmark,Russia,8,8,13,5,14,7,5,,
2019,semi-final-2,Denmark,Sweden,2,1,9,1,1,1,4,,
2019,semi-final-2,Denmark,Switzerland,5,7,14,4,2,9,9,,
2019,semi-final-2,Germany,Albania,9,16,10,17,14,17,13,,
2019,semi-final-2,Germany,Armenia,12,12,12,15,8,11,15,,
2019,semi-final-2,Germany,Austria,13,10,9,8,5,14,18,,
2019,semi-final-2,Germany,Azerbaijan,7,8,3,9,11,16,8,,
2019,semi-final-2,Germany,Croatia,8,17,16,12,16,13,14,,
2019,semi-final-2,Germany,Denmark,11,6,7,5,10,7,2,,
2019,semi-final-2,Germany,Ireland,17,14,14,14,15,8,17,,
2019,semi-final-2,Germany,Latvia,16,13,11,16,12,12,12,,
2019,semi-final-2,Germany,Lithuania,10,18,15,18,18,18,16,,
2019,semi-final-2,Germany,Malta,15,5,5,7,4,3,7,,
2019,semi-final-2,Germany,Moldova,18,15,18,13,17,10,11,,
2019,semi-final-2,Germany,Netherlands,3,2,2,3,2,4,4,,
2019,semi-final-2,Germany,North Macedonia,5,1,1,1,6,1,1,,
2019,semi-final-2,Germany,Norway,2,9,17,6,7,9,6,,
2019,semi-final-2,Germany,Romania,14,7,8,2,13,6,9,,
2019,semi-final-2,Germany,Russia,4,11,13,11,9,15,10,,
2019,semi-final-2,Germany,Sweden,6,4,6,10,3,2,5,,
2019,semi-final-2,Germany,Switzerland,1,3,4,4,1,5,3,,
2019,semi-final-2,Ireland,Albania,15,14,16,4,14,15,16,,
2019,semi-final-2,Ireland,Armenia,16,9,10,16,4,7,11,,
2019,semi-final-2,Ireland,Austria,17,12,3,13,15,17,12,,
2019,semi-final-2,Ireland,Azerbaijan,8,6,6,10,11,3,5,,
2019,semi-final-2,Ireland,Croatia,12,10,13,6,7,12,8,,
2019,semi-final-2,Ireland,Denmark,9,8,12,7,17,9,3,,
2019,semi-final-2,Ireland,Latvia,11,17,17,17,16,10,15,,
2019,semi-final-2,Ireland,Lithuania,1,13,7,9,8,16,17,,
2019,semi-final-2,Ireland,Malta,7,7,5,5,10,8,14,,
2019,semi-final-2,Ireland,Moldova,13,16,14,15,13,14,13,,
2019,semi-final-2,Ireland,Netherlands,3,3,8,2,1,4,4,,
2019,semi-final-2,Ireland,North Macedonia,14,5,9,11,5,2,6,,
2019,semi-final-2,Ireland,Norway,2,4,4,1,6,13,7,,
2019,semi-final-2,Ireland,Romania,10,15,15,14,12,11,9,,
2019,semi-final-2,Ireland,Russia,4,11,11,12,9,5,10,,
2019,semi-final-2,Ireland,Sweden,6,1,2,3,3,1,2,,
2019,semi-final-2,Ireland,Switzerland,5,2,1,8,2,6,1,,
2019,semi-final-2,Italy,Albania,1,8,6,13,5,6,9,,
2019,semi-final-2,Italy,Armenia,15,12,7,8,12,9,12,,
2019,semi-final-2,Italy,Austria,18,10,14,18,2,13,14,,
2019,semi-final-2,Italy,Azerbaijan,7,5,10,4,4,5,7,,
2019,semi-final-2,Italy,Croatia,13,18,17,17,17,18,18,,
2019,semi-final-2,Italy,Denmark,11,1,1,3,8,1,3,,
2019,semi-final-2,Italy,Ireland,16,3,3,9,1,2,4,,
2019,semi-final-2,Italy,Latvia,17,6,2,11,14,10,5,,
2019,semi-final-2,Italy,Lithuania,12,14,8,15,7,15,16,,
2019,semi-final-2,Italy,Malta,9,2,4,1,6,3,2,,
2019,semi-final-2,Italy,Moldova,6,11,12,10,16,4,11,,
2019,semi-final-2,Italy,Netherlands,8,7,9,7,3,14,6,,
2019,semi-final-2,Italy,North Macedonia,10,4,5,2,9,8,1,,
2019,semi-final-2,Italy,Norway,3,17,15,16,15,17,17,,
2019,semi-final-2,Italy,Romania,2,9,11,6,10,7,8,,
2019,semi-final-2,Italy,Russia,4,16,18,14,18,11,15,,
2019,semi-final-2,Italy,Sweden,14,13,13,5,13,12,13,,
2019,semi-final-2,Italy,Switzerland,5,15,16,12,11,16,10,,
2019,semi-final-2,Latvia,Albania,13,17,17,17,12,16,12,,
2019,semi-final-2,Latvia,Armenia,11,9,13,13,2,14,16,,
2019,semi-final-2,Latvia,Austria,17,10,4,10,15,15,10,,
2019,semi-final-2,Latvia,Azerbaijan,5,2,2,2,7,4,2,,
2019,semi-final-2,Latvia,Croatia,10,16,15,14,16,8,15,,
2019,semi-final-2,Latvia,Denmark,6,4,8,8,3,3,6,,
2019,semi-final-2,Latvia,Ireland,15,12,16,16,13,12,5,,
2019,semi-final-2,Latvia,Lithuania,2,5,5,4,4,7,7,,
2019,semi-final-2,Latvia,Malta,9,7,10,5,9,2,13,,
2019,semi-final-2,Latvia,Moldova,16,13,9,12,14,9,11,,
2019,semi-final-2,Latvia,Netherlands,4,3,3,3,6,1,4,,
2019,semi-final-2,Latvia,North Macedonia,12,6,7,6,5,10,3,,
2019,semi-final-2,Latvia,Norway,3,11,12,15,11,6,14,,
2019,semi-final-2,Latvia,Romania,14,15,14,9,17,11,17,,
2019,semi-final-2,Latvia,Russia,1,8,6,7,8,13,8,,
2019,semi-final-2,Latvia,Sweden,7,1,1,1,1,5,1,,
2019,semi-final-2,Latvia,Switzerland,8,14,11,11,10,17,9,,
2019,semi-final-2,Lithuania,Albania,17,12,17,8,17,13,5,,
2019,semi-final-2,Lithuania,Armenia,14,13,11,10,11,14,9,,
2019,semi-final-2,Lithuania,Austria,16,5,6,7,7,4,11,,
2019,semi-final-2,Lithuania,Azerbaijan,4,3,2,2,6,3,6,,
2019,semi-final-2,Lithuania,Croatia,12,16,15,15,16,12,13,,
2019,semi-final-2,Lithuania,Denmark,8,14,14,13,13,16,10,,
2019,semi-final-2,Lithuania,Ireland,13,17,13,17,14,15,17,,
2019,semi-final-2,Lithuania,Latvia,1,4,4,4,3,6,4,,
2019,semi-final-2,Lithuania,Malta,10,8,9,5,8,10,14,,
2019,semi-final-2,Lithuania,Moldova,15,15,12,11,12,17,16,,
2019,semi-final-2,Lithuania,Netherlands,5,1,1,3,1,1,1,,
2019,semi-final-2,Lithuania,North Macedonia,9,9,10,14,5,9,8,,
2019,semi-final-2,Lithuania,Norway,3,10,16,12,15,11,3,,
2019,semi-final-2,Lithuania,Romania,11,11,8,9,9,8,15,,
2019,semi-final-2,Lithuania,Russia,2,7,5,16,10,5,7,,
2019,semi-final-2,Lithuania,Sweden,6,2,3,1,2,2,2,,
2019,semi-final-2,Lithuania,Switzerland,7,6,7,6,4,7,12,,
2019,semi-final-2,Malta,Albania,13,13,10,9,14,15,11,,
2019,semi-final-2,Malta,Armenia,16,5,6,2,7,2,6,,
2019,semi-final-2,Malta,Austria,17,17,16,16,17,14,17,,
2019,semi-final-2,Malta,Azerbaijan,7,4,5,1,10,5,3,,
2019,semi-final-2,Malta,Croatia,10,11,8,5,16,13,9,,
2019,semi-final-2,Malta,Denmark,9,15,12,10,12,17,13,,
2019,semi-final-2,Malta,Ireland,11,14,14,13,13,9,14,,
2019,semi-final-2,Malta,Latvia,15,16,13,14,15,16,10,,
2019,semi-final-2,Malta,Lithuania,8,8,15,17,1,11,16,,
2019,semi-final-2,Malta,Moldova,14,6,4,7,8,6,7,,
2019,semi-final-2,Malta,Netherlands,2,1,1,6,6,1,1,,
2019,semi-final-2,Malta,North Macedonia,5,9,9,11,5,10,8,,
2019,semi-final-2,Malta,Norway,3,7,11,12,2,8,12,,
2019,semi-final-2,Malta,Romania,12,10,7,15,11,12,5,,
2019,semi-final-2,Malta,Russia,6,3,3,3,4,3,4,,
2019,semi-final-2,Malta,Sweden,4,2,2,4,3,4,2,,
2019,semi-final-2,Malta,Switzerland,1,12,17,8,9,7,15,,
2019,semi-final-2,Moldova,Albania,16,9,14,11,5,6,7,,
2019,semi-final-2,Moldova,Armenia,9,7,11,10,7,5,5,,
2019,semi-final-2,Moldova,Austria,17,11,9,8,9,15,17,,
2019,semi-final-2,Moldova,Azerbaijan,3,5,4,9,8,11,4,,
2019,semi-final-2,Moldova,Croatia,12,17,12,15,16,13,10,,
2019,semi-final-2,Moldova,Denmark,15,10,3,6,15,16,13,,
2019,semi-final-2,Moldova,Ireland,14,6,10,5,3,8,14,,
2019,semi-final-2,Moldova,Latvia,10,15,8,16,10,14,16,,
2019,semi-final-2,Moldova,Lithuania,6,16,13,14,12,10,12,,
2019,semi-final-2,Moldova,Malta,8,4,16,7,2,2,6,,
2019,semi-final-2,Moldova,Netherlands,4,12,7,13,14,17,9,,
2019,semi-final-2,Moldova,North Macedonia,11,2,2,2,4,4,3,,
2019,semi-final-2,Moldova,Norway,7,8,5,3,13,12,11,,
2019,semi-final-2,Moldova,Romania,1,1,1,1,1,1,1,,
2019,semi-final-2,Moldova,Russia,2,3,6,4,6,3,2,,
2019,semi-final-2,Moldova,Sweden,13,13,17,12,17,9,8,,
2019,semi-final-2,Moldova,Switzerland,5,14,15,17,11,7,15,,
2019,semi-final-2,Netherlands,Albania,11,16,14,17,9,16,17,,
2019,semi-final-2,Netherlands,Armenia,6,9,15,5,7,8,8,,
2019,semi-final-2,Netherlands,Austria,17,17,16,12,16,17,15,,
2019,semi-final-2,Netherlands,Azerbaijan,4,10,9,6,11,15,7,,
2019,semi-final-2,Netherlands,Croatia,12,6,6,16,12,3,2,,
2019,semi-final-2,Netherlands,Denmark,7,8,5,10,2,10,9,,
2019,semi-final-2,Netherlands,Ireland,15,11,10,13,5,13,11,,
2019,semi-final-2,Netherlands,Latvia,13,15,17,11,15,11,14,,
2019,semi-final-2,Netherlands,Lithuania,9,12,7,9,8,14,13,,
2019,semi-final-2,Netherlands,Malta,10,2,2,1,10,4,4,,
2019,semi-final-2,Netherlands,Moldova,16,5,8,3,3,7,10,,
2019,semi-final-2,Netherlands,North Macedonia,5,7,11,4,6,6,5,,
2019,semi-final-2,Netherlands,Norway,1,13,12,7,17,12,16,,
2019,semi-final-2,Netherlands,Romania,14,14,13,15,14,9,12,,
2019,semi-final-2,Netherlands,Russia,8,4,3,8,13,5,3,,
2019,semi-final-2,Netherlands,Sweden,2,1,1,2,1,1,1,,
2019,semi-final-2,Netherlands,Switzerland,3,3,4,14,4,2,6,,
2019,semi-final-2,North Macedonia,Albania,1,1,2,1,1,3,3,,
2019,semi-final-2,North Macedonia,Armenia,5,9,8,14,10,9,11,,
2019,semi-final-2,North Macedonia,Austria,17,17,17,12,15,14,15,,
2019,semi-final-2,North Macedonia,Azerbaijan,6,3,1,4,3,4,4,,
2019,semi-final-2,North Macedonia,Croatia,2,11,12,13,11,10,9,,
2019,semi-final-2,North Macedonia,Denmark,11,15,15,17,8,16,14,,
2019,semi-final-2,North Macedonia,Ireland,14,13,14,9,12,17,10,,
2019,semi-final-2,North Macedonia,Latvia,16,8,9,6,9,13,17,,
2019,semi-final-2,North Macedonia,Lithuania,12,12,11,8,13,12,16,,
2019,semi-final-2,North Macedonia,Malta,7,4,4,2,4,2,6,,
2019,semi-final-2,North Macedonia,Moldova,15,16,13,15,16,11,12,,
2019,semi-final-2,North Macedonia,Netherlands,3,5,3,5,7,6,1,,
2019,semi-final-2,North Macedonia,Norway,8,14,16,16,14,15,8,,
2019,semi-final-2,North Macedonia,Romania,13,10,10,10,17,7,13,,
2019,semi-final-2,North Macedonia,Russia,4,2,5,3,2,1,2,,
2019,semi-final-2,North Macedonia,Sweden,10,7,7,7,6,8,5,,
2019,semi-final-2,North Macedonia,Switzerland,9,6,6,11,5,5,7,,
2019,semi-final-2,Norway,Albania,9,15,13,16,10,13,9,,
2019,semi-final-2,Norway,Armenia,16,14,9,7,16,17,17,,
2019,semi-final-2,Norway,Austria,17,16,17,12,13,12,16,,
2019,semi-final-2,Norway,Azerbaijan,5,5,1,4,8,5,6,,
2019,semi-final-2,Norway,Croatia,11,12,16,9,12,9,8,,
2019,semi-final-2,Norway,Denmark,3,6,7,2,2,10,13,,
2019,semi-final-2,Norway,Ireland,15,17,15,17,17,16,15,,
2019,semi-final-2,Norway,Latvia,12,10,11,15,14,15,3,,
2019,semi-final-2,Norway,Lithuania,1,13,10,13,15,7,14,,
2019,semi-final-2,Norway,Malta,8,7,4,14,7,8,12,,
2019,semi-final-2,Norway,Moldova,14,9,8,8,6,14,11,,
2019,semi-final-2,Norway,Netherlands,6,2,3,6,3,3,2,,
2019,semi-final-2,Norway,North Macedonia,10,4,12,1,4,4,5,,
2019,semi-final-2,Norway,Romania,13,11,14,11,9,11,7,,
2019,semi-final-2,Norway,Russia,7,8,6,10,11,6,10,,
2019,semi-final-2,Norway,Sweden,2,1,2,5,1,1,1,,
2019,semi-final-2,Norway,Switzerland,4,3,5,3,5,2,4,,
2019,semi-final-2,Romania,Albania,8,9,6,11,11,5,14,,
2019,semi-final-2,Romania,Armenia,14,13,11,8,9,17,12,,
2019,semi-final-2,Romania,Austria,17,10,16,15,8,3,13,,
2019,semi-final-2,Romania,Azerbaijan,2,4,4,4,3,6,1,,
2019,semi-final-2,Romania,Croatia,11,12,8,9,14,11,11,,
2019,semi-final-2,Romania,Denmark,13,17,14,16,16,13,16,,
2019,semi-final-2,Romania,Ireland,16,16,9,12,17,16,15,,
2019,semi-final-2,Romania,Latvia,15,15,13,14,15,14,9,,
2019,semi-final-2,Romania,Lithuania,12,11,7,13,10,9,10,,
2019,semi-final-2,Romania,Malta,9,6,10,7,4,10,5,,
2019,semi-final-2,Romania,Moldova,1,1,2,1,5,2,6,,
2019,semi-final-2,Romania,Netherlands,5,3,5,2,2,7,2,,
2019,semi-final-2,Romania,North Macedonia,7,2,1,10,1,1,8,,
2019,semi-final-2,Romania,Norway,6,14,17,17,6,8,17,,
2019,semi-final-2,Romania,Russia,3,5,3,3,12,4,4,,
2019,semi-final-2,Romania,Sweden,10,7,15,6,13,12,3,,
2019,semi-final-2,Romania,Switzerland,4,8,12,5,7,15,7,,
2019,semi-final-2,Russia,Albania,14,4,2,5,16,6,4,,
2019,semi-final-2,Russia,Armenia,2,5,7,8,4,10,2,,
2019,semi-final-2,Russia,Austria,17,12,9,14,13,7,14,,
2019,semi-final-2,Russia,Azerbaijan,1,7,4,7,17,4,7,,
2019,semi-final-2,Russia,Croatia,8,17,12,13,9,12,11,,
2019,semi-final-2,Russia,Denmark,11,8,16,10,1,14,8,,
2019,semi-final-2,Russia,Ireland,16,14,11,15,7,15,12,,
2019,semi-final-2,Russia,Latvia,15,13,10,12,14,8,13,,
2019,semi-final-2,Russia,Lithuania,10,11,17,17,3,11,10,,
2019,semi-final-2,Russia,Malta,12,3,1,2,10,3,6,,
2019,semi-final-2,Russia,Moldova,6,6,5,6,12,5,5,,
2019,semi-final-2,Russia,Netherlands,4,10,13,4,5,16,9,,
2019,semi-final-2,Russia,North Macedonia,5,2,6,1,15,1,3,,
2019,semi-final-2,Russia,Norway,3,15,14,11,6,17,16,,
2019,semi-final-2,Russia,Romania,13,1,3,3,11,2,1,,
2019,semi-final-2,Russia,Sweden,9,16,15,9,8,13,15,,
2019,semi-final-2,Russia,Switzerland,7,9,8,16,2,9,17,,
2019,semi-final-2,Sweden,Albania,9,11,15,13,17,9,2,,
2019,semi-final-2,Sweden,Armenia,11,16,7,14,11,15,6,,
2019,semi-final-2,Sweden,Austria,17,3,4,8,14,7,1,,
2019,semi-final-2,Sweden,Azerbaijan,3,10,16,11,5,4,9,,
2019,semi-final-2,Sweden,Croatia,10,14,14,4,7,17,13,,
2019,semi-final-2,Sweden,Denmark,2,9,10,6,13,3,11,,
2019,semi-final-2,Sweden,Ireland,16,13,8,17,16,14,3,,
2019,semi-final-2,Sweden,Latvia,15,17,11,16,15,11,8,,
2019,semi-final-2,Sweden,Lithuania,4,8,12,9,8,5,5,,
2019,semi-final-2,Sweden,Malta,12,7,3,10,4,16,14,,
2019,semi-final-2,Sweden,Moldova,14,5,6,5,3,12,10,,
2019,semi-final-2,Sweden,Netherlands,6,2,5,2,2,1,17,,
2019,semi-final-2,Sweden,North Macedonia,5,12,17,12,6,8,7,,
2019,semi-final-2,Sweden,Norway,1,6,9,7,10,2,12,,
2019,semi-final-2,Sweden,Romania,13,15,13,15,9,13,4,,
2019,semi-final-2,Sweden,Russia,8,4,2,3,12,6,15,,
2019,semi-final-2,Sweden,Switzerland,7,1,1,1,1,10,16,,
2019,semi-final-2,Switzerland,Albania,1,16,9,11,15,15,16,,
2019,semi-final-2,Switzerland,Armenia,15,15,14,15,8,17,13,,
2019,semi-final-2,Switzerland,Austria,12,11,15,17,10,9,11,,
2019,semi-final-2,Switzerland,Azerbaijan,7,17,13,16,11,13,15,,
2019,semi-final-2,Switzerland,Croatia,6,12,17,7,12,16,17,,
2019,semi-final-2,Switzerland,Denmark,9,9,7,9,16,7,8,,
2019,semi-final-2,Switzerland,Ireland,17,14,11,10,17,14,12,,
2019,semi-final-2,Switzerland,Latvia,16,4,1,8,6,5,7,,
2019,semi-final-2,Switzerland,Lithuania,10,8,10,4,13,8,10,,
2019,semi-final-2,Switzerland,Malta,14,7,8,6,14,6,9,,
2019,semi-final-2,Switzerland,Moldova,13,6,5,5,5,12,5,,
2019,semi-final-2,Switzerland,Netherlands,5,1,2,2,1,1,3,,
2019,semi-final-2,Switzerland,North Macedonia,4,3,4,3,2,2,2,,
2019,semi-final-2,Switzerland,Norway,2,5,6,12,4,3,4,,
2019,semi-final-2,Switzerland,Romania,11,13,16,14,9,11,14,,
2019,semi-final-2,Switzerland,Russia,8,10,12,13,7,10,6,,
2019,semi-final-2,Switzerland,Sweden,3,2,3,1,3,4,1,,
2019,semi-final-2,United Kingdom,Albania,11,13,6,15,16,11,14,,
2019,semi-final-2,United Kingdom,Armenia,17,17,17,17,15,14,11,,
2019,semi-final-2,United Kingdom,Austria,18,18,16,16,18,18,16,,
2019,semi-final-2,United Kingdom,Azerbaijan,4,4,9,9,9,2,3,,
2019,semi-final-2,United Kingdom,Croatia,15,3,8,8,3,5,2,,
2019,semi-final-2,United Kingdom,Denmark,13,5,18,3,10,16,1,,
2019,semi-final-2,United Kingdom,Ireland,8,15,13,10,11,17,17,,
2019,semi-final-2,United Kingdom,Latvia,14,16,15,18,8,15,18,,
2019,semi-final-2,United Kingdom,Lithuania,1,14,10,7,17,13,15,,
2019,semi-final-2,United Kingdom,Malta,3,10,12,11,6,4,8,,
2019,semi-final-2,United Kingdom,Moldova,16,7,3,14,5,6,9,,
2019,semi-final-2,United Kingdom,Netherlands,6,9,4,5,12,9,12,,
2019,semi-final-2,United Kingdom,North Macedonia,12,1,1,1,2,1,5,,
2019,semi-final-2,United Kingdom,Norway,2,11,11,13,7,12,13,,
2019,semi-final-2,United Kingdom,Romania,10,6,5,6,4,7,10,,
2019,semi-final-2,United Kingdom,Russia,9,8,7,4,13,8,6,,
2019,semi-final-2,United Kingdom,Sweden,7,2,2,2,1,3,4,,
2019,semi-final-2,United Kingdom,Switzerland,5,12,14,12,14,10,7,,
2019,final,Albania,Australia,10,9,17,11,2,12,4,,
2019,final,Albania,Azerbaijan,8,3,1,4,8,2,9,,
2019,final,Albania,Belarus,25,21,22,20,23,16,16,,
2019,final,Albania,Cyprus,15,4,3,3,10,3,22,,
2019,final,Albania,Czechia,24,16,8,18,17,24,10,,
2019,final,Albania,Denmark,21,14,11,19,18,19,6,,
2019,final,Albania,Estonia,16,22,16,21,22,18,20,,
2019,final,Albania,France,19,8,7,10,6,10,3,,
2019,final,Albania,Germany,17,12,9,17,9,15,7,,
2019,final,Albania,Greece,9,7,21,1,14,4,14,,
2019,final,Albania,Iceland,22,23,25,23,24,17,23,,
2019,final,Albania,Israel,12,13,19,9,11,9,21,,
2019,final,Albania,Italy,3,6,5,6,7,5,5,,
2019,final,Albania,Malta,11,17,15,12,16,11,18,,
2019,final,Albania,Netherlands,4,11,10,8,4,8,15,,
2019,final,Albania,North Macedonia,5,1,4,5,1,6,2,,
2019,final,Albania,Norway,6,19,20,15,20,21,13,,
2019,final,Albania,Russia,1,10,12,7,5,7,12,,
2019,final,Albania,San Marino,2,25,24,25,25,25,25,,
2019,final,Albania,Serbia,23,20,18,24,15,23,17,,
2019,final,Albania,Slovenia,18,15,14,13,13,20,8,,
2019,final,Albania,Spain,14,24,23,22,21,22,24,,
2019,final,Albania,Sweden,13,5,2,14,12,13,1,,
2019,final,Albania,Switzerland,7,2,6,2,3,1,19,,
2019,final,Albania,United Kingdom,20,18,13,16,19,14,11,,
2019,final,Armenia,Albania,24,25,24,25,20,24,24,,
2019,final,Armenia,Australia,10,18,22,19,13,14,15,,
2019,final,Armenia,Azerbaijan,18,26,26,26,26,26,26,,
2019,final,Armenia,Belarus,20,10,13,6,15,16,9,,
2019,final,Armenia,Cyprus,16,14,14,8,24,6,21,,
2019,final,Armenia,Czechia,19,8,11,22,16,1,8,,
2019,final,Armenia,Denmark,14,19,16,21,21,20,11,,
2019,final,Armenia,Estonia,17,23,20,15,19,22,20,,
2019,final,Armenia,France,7,13,8,14,6,19,18,,
2019,final,Armenia,Germany,22,17,17,17,14,18,12,,
2019,final,Armenia,Greece,15,24,18,18,25,25,22,,
2019,final,Armenia,Iceland,8,21,25,11,18,21,25,,
2019,final,Armenia,Israel,26,15,10,10,17,9,13,,
2019,final,Armenia,Italy,4,3,1,5,4,7,17,,
2019,final,Armenia,Malta,5,7,5,9,8,5,5,,
2019,final,Armenia,Netherlands,2,5,6,4,3,12,4,,
2019,final,Armenia,North Macedonia,11,2,3,7,2,4,1,,
2019,final,Armenia,Norway,6,12,21,24,12,8,6,,
2019,final,Armenia,Russia,1,6,4,1,10,17,7,,
2019,final,Armenia,San Marino,23,22,23,12,22,23,16,,
2019,final,Armenia,Serbia,21,16,15,20,11,11,19,,
2019,final,Armenia,Slovenia,12,11,9,23,7,10,14,,
2019,final,Armenia,Spain,13,20,19,13,23,13,23,,
2019,final,Armenia,Sweden,9,1,2,2,1,2,2,,
2019,final,Armenia,Switzerland,3,4,7,3,5,3,10,,
2019,final,Armenia,United Kingdom,25,9,12,16,9,15,3,,
2019,final,Australia,Albania,23,21,14,24,20,21,14,,
2019,final,Australia,Azerbaijan,10,9,15,4,18,10,9,,
2019,final,Australia,Belarus,21,23,24,21,14,19,19,,
2019,final,Australia,Cyprus,14,20,23,20,11,14,16,,
2019,final,Australia,Czechia,9,6,13,11,6,1,13,,
2019,final,Australia,Denmark,17,17,12,13,16,6,21,,
2019,final,Australia,Estonia,12,25,25,23,23,25,24,,
2019,final,Australia,France,8,2,1,9,3,3,1,,
2019,final,Australia,Germany,25,8,2,12,19,24,12,,
2019,final,Australia,Greece,15,11,16,3,10,22,15,,
2019,final,Australia,Iceland,2,3,6,16,1,7,2,,
2019,final,Australia,Israel,20,13,10,8,13,18,8,,
2019,final,Australia,Italy,6,16,7,17,22,15,7,,
2019,final,Australia,Malta,7,18,8,18,12,16,20,,
2019,final,Australia,Netherlands,5,5,5,2,15,13,5,,
2019,final,Australia,North Macedonia,13,4,4,14,4,5,4,,
2019,final,Australia,Norway,1,12,11,15,21,4,10,,
2019,final,Australia,Russia,16,7,9,10,5,9,11,,
2019,final,Australia,San Marino,18,22,21,25,24,11,25,,
2019,final,Australia,Serbia,19,10,19,7,7,23,6,,
2019,final,Australia,Slovenia,24,19,17,19,25,8,22,,
2019,final,Australia,Spain,11,15,20,6,9,12,18,,
2019,final,Australia,Sweden,3,1,3,1,2,2,3,,
2019,final,Australia,Switzerland,4,14,18,5,8,17,23,,
2019,final,Australia,United Kingdom,22,24,22,22,17,20,17,,
2019,final,Austria,Albania,11,24,17,24,17,18,19,,
2019,final,Austria,Australia,8,13,12,5,9,22,25,,
2019,final,Austria,Azerbaijan,10,7,6,10,12,14,5,,
2019,final,Austria,Belarus,25,16,14,11,16,10,23,,
2019,final,Austria,Cyprus,22,11,16,2,20,21,24,,
2019,final,Austria,Czechia,18,8,9,16,11,4,10,,
2019,final,Austria,Denmark,13,17,18,18,13,9,14,,
2019,final,Austria,Estonia,15,25,19,15,21,23,22,,
2019,final,Austria,France,14,6,7,9,7,8,6,,
2019,final,Austria,Germany,17,14,8,21,6,13,16,,
2019,final,Austria,Greece,26,26,24,23,25,24,26,,
2019,final,Austria,Iceland,5,21,26,19,26,12,21,,
2019,final,Austria,Israel,20,22,23,25,19,20,13,,
2019,final,Austria,Italy,2,4,3,14,15,2,1,,
2019,final,Austria,Malta,21,15,10,17,14,5,18,,
2019,final,Austria,Netherlands,4,3,1,12,3,3,3,,
2019,final,Austria,North Macedonia,12,1,2,1,1,7,7,,
2019,final,Austria,Norway,3,10,15,8,5,15,12,,
2019,final,Austria,Russia,6,12,21,4,10,16,15,,
2019,final,Austria,San Marino,23,20,22,26,24,26,8,,
2019,final,Austria,Serbia,7,9,13,3,8,17,20,,
2019,final,Austria,Slovenia,9,18,11,22,22,19,9,,
2019,final,Austria,Spain,19,23,25,13,23,25,17,,
2019,final,Austria,Sweden,16,5,5,7,4,6,2,,
2019,final,Austria,Switzerland,1,2,4,6,2,1,4,,
2019,final,Austria,United Kingdom,24,19,20,20,18,11,11,,
2019,final,Azerbaijan,Albania,16,4,4,6,9,9,5,,
2019,final,Azerbaijan,Australia,11,9,20,23,12,4,3,,
2019,final,Azerbaijan,Belarus,6,10,15,7,4,13,8,,
2019,final,Azerbaijan,Cyprus,17,8,10,10,3,12,7,,
2019,final,Azerbaijan,Czechia,18,14,19,2,17,21,22,,
2019,final,Azerbaijan,Denmark,19,19,14,17,20,18,16,,
2019,final,Azerbaijan,Estonia,21,23,17,20,23,24,18,,
2019,final,Azerbaijan,France,14,24,24,22,25,19,17,,
2019,final,Azerbaijan,Germany,23,22,25,18,16,23,21,,
2019,final,Azerbaijan,Greece,25,5,12,3,8,3,14,,
2019,final,Azerbaijan,Iceland,12,11,3,24,14,5,24,,
2019,final,Azerbaijan,Israel,15,21,23,16,21,15,25,,
2019,final,Azerbaijan,Italy,5,6,8,9,2,7,11,,
2019,final,Azerbaijan,Malta,7,2,6,4,6,2,9,,
2019,final,Azerbaijan,Netherlands,4,16,11,11,10,14,13,,
2019,final,Azerbaijan,North Macedonia,8,3,5,5,5,11,4,,
2019,final,Azerbaijan,Norway,10,18,16,14,19,16,15,,
2019,final,Azerbaijan,Russia,1,1,1,1,1,1,1,,
2019,final,Azerbaijan,San Marino,2,13,7,13,7,17,10,,
2019,final,Azerbaijan,Serbia,22,20,18,15,13,20,23,,
2019,final,Azerbaijan,Slovenia,13,7,2,25,15,22,2,,
2019,final,Azerbaijan,Spain,9,17,21,8,22,8,19,,
2019,final,Azerbaijan,Sweden,20,15,13,19,18,10,6,,
2019,final,Azerbaijan,Switzerland,3,12,9,12,11,6,12,,
2019,final,Azerbaijan,United Kingdom,24,25,22,21,24,25,20,,
2019,final,Belarus,Albania,22,,,,,,,,
2019,final,Belarus,Australia,9,,,,,,,,
2019,final,Belarus,Azerbaijan,5,,,,,,,,
2019,final,Belarus,Cyprus,20,,,,,,,,
2019,final,Belarus,Czechia,15,,,,,,,,
2019,final,Belarus,Denmark,12,,,,,,,,
2019,final,Belarus,Estonia,13,,,,,,,,
2019,final,Belarus,France,14,,,,,,,,
2019,final,Belarus,Germany,23,,,,,,,,
2019,final,Belarus,Greece,24,,,,,,,,
2019,final,Belarus,Iceland,4,,,,,,,,
2019,final,Belarus,Israel,21,,,,,,,,
2019,final,Belarus,Italy,8,,,,,,,,
2019,final,Belarus,Malta,19,,,,,,,,
2019,final,Belarus,Netherlands,2,,,,,,,,
2019,final,Belarus,North Macedonia,18,,,,,,,,
2019,final,Belarus,Norway,3,,,,,,,,
2019,final,Belarus,Russia,1,,,,,,,,
2019,final,Belarus,San Marino,10,,,,,,,,
2019,final,Belarus,Serbia,16,,,,,,,,
2019,final,Belarus,Slovenia,6,,,,,,,,
2019,final,Belarus,Spain,17,,,,,,,,
2019,final,Belarus,Sweden,11,,,,,,,,
2019,final,Belarus,Switzerland,7,,,,,,,,
2019,final,Belarus,United Kingdom,25,,,,,,,,
2019,final,Belgium,Albania,12,26,26,25,20,26,26,,
2019,final,Belgium,Australia,7,7,5,2,4,9,19,,
2019,final,Belgium,Azerbaijan,14,12,12,23,15,8,8,,
2019,final,Belgium,Belarus,25,19,18,11,22,14,16,,
2019,final,Belgium,Cyprus,20,9,8,13,16,6,6,,
2019,final,Belgium,Czechia,16,6,4,4,9,5,7,,
2019,final,Belgium,Denmark,13,10,16,3,8,17,15,,
2019,final,Belgium,Estonia,11,14,14,14,10,12,14,,
2019,final,Belgium,France,2,3,3,6,5,2,11,,
2019,final,Belgium,Germany,26,24,22,16,17,23,24,,
2019,final,Belgium,Greece,19,8,7,22,26,16,2,,
2019,final,Belgium,Iceland,8,2,2,26,2,3,4,,
2019,final,Belgium,Israel,17,22,19,12,21,22,20,,
2019,final,Belgium,Italy,3,1,1,9,1,1,1,,
2019,final,Belgium,Malta,21,17,13,17,19,15,9,,
2019,final,Belgium,Netherlands,1,5,6,5,3,13,3,,
2019,final,Belgium,North Macedonia,18,18,23,7,23,20,25,,
2019,final,Belgium,Norway,4,15,20,10,7,24,23,,
2019,final,Belgium,Russia,10,21,25,20,12,18,18,,
2019,final,Belgium,San Marino,22,25,24,24,25,25,17,,
2019,final,Belgium,Serbia,23,23,17,21,14,21,21,,
2019,final,Belgium,Slovenia,15,11,10,15,13,4,13,,
2019,final,Belgium,Spain,5,20,21,18,24,10,22,,
2019,final,Belgium,Sweden,9,13,15,8,11,19,12,,
2019,final,Belgium,Switzerland,6,4,9,1,6,7,5,,
2019,final,Belgium,United Kingdom,24,16,11,19,18,11,10,,
2019,final,Croatia,Albania,10,15,8,12,13,11,17,,
2019,final,Croatia,Australia,14,11,10,11,14,9,9,,
2019,final,Croatia,Azerbaijan,13,13,15,14,7,7,23,,
2019,final,Croatia,Belarus,24,19,18,23,21,17,10,,
2019,final,Croatia,Cyprus,21,18,14,13,15,23,13,,
2019,final,Croatia,Czechia,20,4,5,7,5,3,2,,
2019,final,Croatia,Denmark,17,24,24,25,17,19,22,,
2019,final,Croatia,Estonia,15,10,3,19,18,18,12,,
2019,final,Croatia,France,18,8,6,6,6,15,21,,
2019,final,Croatia,Germany,22,21,20,18,20,20,14,,
2019,final,Croatia,Greece,26,22,23,21,23,13,19,,
2019,final,Croatia,Iceland,8,26,26,22,25,25,26,,
2019,final,Croatia,Israel,23,20,22,15,24,21,11,,
2019,final,Croatia,Italy,1,1,2,3,1,1,7,,
2019,final,Croatia,Malta,19,12,16,10,10,6,20,,
2019,final,Croatia,Netherlands,7,5,7,9,2,2,16,,
2019,final,Croatia,North Macedonia,4,2,1,2,4,4,3,,
2019,final,Croatia,Norway,6,23,21,24,22,22,15,,
2019,final,Croatia,Russia,12,9,12,8,11,8,6,,
2019,final,Croatia,San Marino,9,25,25,26,26,26,18,,
2019,final,Croatia,Serbia,3,7,4,4,12,24,24,,
2019,final,Croatia,Slovenia,2,17,13,16,9,14,25,,
2019,final,Croatia,Spain,16,16,19,20,19,12,5,,
2019,final,Croatia,Sweden,11,6,11,5,8,10,8,,
2019,final,Croatia,Switzerland,5,3,9,1,3,5,1,,
2019,final,Croatia,United Kingdom,25,14,17,17,16,16,4,,
2019,final,Cyprus,Albania,23,9,16,14,3,14,6,,
2019,final,Cyprus,Australia,9,15,7,13,10,15,16,,
2019,final,Cyprus,Azerbaijan,17,5,9,7,6,6,5,,
2019,final,Cyprus,Belarus,15,18,8,22,20,19,22,,
2019,final,Cyprus,Czechia,16,21,19,19,16,16,25,,
2019,final,Cyprus,Denmark,20,22,20,23,21,22,14,,
2019,final,Cyprus,Estonia,13,24,23,18,19,17,24,,
2019,final,Cyprus,France,8,7,5,3,18,23,9,,
2019,final,Cyprus,Germany,25,25,24,24,22,21,15,,
2019,final,Cyprus,Greece,1,1,2,1,1,2,2,,
2019,final,Cyprus,Iceland,12,11,3,20,7,13,18,,
2019,final,Cyprus,Israel,6,19,22,8,25,25,23,,
2019,final,Cyprus,Italy,3,3,14,9,12,4,1,,
2019,final,Cyprus,Malta,14,8,10,4,15,8,8,,
2019,final,Cyprus,Netherlands,5,6,4,11,5,10,12,,
2019,final,Cyprus,North Macedonia,21,13,15,6,13,9,11,,
2019,final,Cyprus,Norway,10,17,6,17,24,18,21,,
2019,final,Cyprus,Russia,2,2,1,2,2,1,4,,
2019,final,Cyprus,San Marino,22,12,25,5,14,7,10,,
2019,final,Cyprus,Serbia,18,16,12,15,8,12,19,,
2019,final,Cyprus,Slovenia,19,23,17,21,17,24,20,,
2019,final,Cyprus,Spain,7,14,21,12,11,5,17,,
2019,final,Cyprus,Sweden,11,4,11,10,9,3,3,,
2019,final,Cyprus,Switzerland,4,10,13,16,4,11,7,,
2019,final,Cyprus,United Kingdom,24,20,18,25,23,20,13,,
2019,final,Czechia,Albania,22,20,16,20,21,18,19,,
2019,final,Czechia,Australia,3,15,21,13,6,15,20,,
2019,final,Czechia,Azerbaijan,4,6,1,8,9,5,8,,
2019,final,Czechia,Belarus,19,17,13,15,19,21,10,,
2019,final,Czechia,Cyprus,20,12,15,18,5,13,9,,
2019,final,Czechia,Denmark,11,13,6,19,16,11,15,,
2019,final,Czechia,Estonia,10,10,7,4,20,12,13,,
2019,final,Czechia,France,17,9,14,5,8,17,5,,
2019,final,Czechia,Germany,23,16,17,11,14,14,16,,
2019,final,Czechia,Greece,24,19,23,16,15,19,14,,
2019,final,Czechia,Iceland,5,7,5,14,7,4,24,,
2019,final,Czechia,Israel,8,21,19,22,23,23,18,,
2019,final,Czechia,Italy,9,3,10,9,1,6,1,,
2019,final,Czechia,Malta,21,8,11,10,12,7,4,,
2019,final,Czechia,Netherlands,7,5,3,3,4,8,7,,
2019,final,Czechia,North Macedonia,12,4,8,1,10,2,6,,
2019,final,Czechia,Norway,2,24,22,21,22,24,22,,
2019,final,Czechia,Russia,1,22,24,23,25,22,17,,
2019,final,Czechia,San Marino,18,25,25,24,18,25,25,,
2019,final,Czechia,Serbia,13,18,12,17,17,16,21,,
2019,final,Czechia,Slovenia,14,2,2,6,3,3,2,,
2019,final,Czechia,Spain,15,23,20,25,24,20,23,,
2019,final,Czechia,Sweden,16,1,4,2,2,1,3,,
2019,final,Czechia,Switzerland,6,14,18,12,11,9,12,,
2019,final,Czechia,United Kingdom,25,11,9,7,13,10,11,,
2019,final,Denmark,Albania,22,21,14,23,21,25,11,,
2019,final,Denmark,Australia,9,22,15,17,13,18,21,,
2019,final,Denmark,Azerbaijan,6,7,6,3,12,13,5,,
2019,final,Denmark,Belarus,19,24,20,18,20,20,20,,
2019,final,Denmark,Cyprus,21,23,23,19,22,12,17,,
2019,final,Denmark,Czechia,11,11,18,5,16,4,9,,
2019,final,Denmark,Estonia,3,9,8,8,11,2,10,,
2019,final,Denmark,France,14,15,17,15,17,22,6,,
2019,final,Denmark,Germany,17,3,3,11,2,9,7,,
2019,final,Denmark,Greece,25,25,25,25,24,23,25,,
2019,final,Denmark,Iceland,7,18,21,20,25,19,8,,
2019,final,Denmark,Israel,23,17,16,21,10,21,14,,
2019,final,Denmark,Italy,8,10,9,16,18,8,1,,
2019,final,Denmark,Malta,12,16,13,10,15,24,22,,
2019,final,Denmark,Netherlands,4,4,5,2,9,14,4,,
2019,final,Denmark,North Macedonia,18,2,7,9,4,3,3,,
2019,final,Denmark,Norway,1,6,11,7,1,5,19,,
2019,final,Denmark,Russia,13,8,2,6,7,11,18,,
2019,final,Denmark,San Marino,20,14,24,13,8,7,23,,
2019,final,Denmark,Serbia,24,19,12,22,19,16,15,,
2019,final,Denmark,Slovenia,16,13,22,24,23,17,2,,
2019,final,Denmark,Spain,10,20,19,14,14,15,24,,
2019,final,Denmark,Sweden,2,1,1,1,3,1,12,,
2019,final,Denmark,Switzerland,5,5,4,4,6,6,13,,
2019,final,Denmark,United Kingdom,15,12,10,12,5,10,16,,
2019,final,Estonia,Albania,25,23,23,23,11,23,17,,
2019,final,Estonia,Australia,9,14,25,25,19,3,16,,
2019,final,Estonia,Azerbaijan,10,6,13,5,9,2,4,,
2019,final,Estonia,Belarus,15,10,16,13,18,12,3,,
2019,final,Estonia,Cyprus,19,13,10,7,13,20,10,,
2019,final,Estonia,Czechia,13,3,6,3,10,10,2,,
2019,final,Estonia,Denmark,5,9,2,12,21,13,15,,
2019,final,Estonia,France,17,8,9,11,16,8,5,,
2019,final,Estonia,Germany,23,19,15,24,8,16,18,,
2019,final,Estonia,Greece,22,24,18,19,15,22,21,,
2019,final,Estonia,Iceland,6,16,14,6,22,11,13,,
2019,final,Estonia,Israel,24,25,24,20,20,21,22,,
2019,final,Estonia,Italy,11,17,12,17,12,7,23,,
2019,final,Estonia,Malta,16,18,21,14,23,17,7,,
2019,final,Estonia,Netherlands,3,4,7,2,4,5,20,,
2019,final,Estonia,North Macedonia,18,11,17,16,2,18,19,,
2019,final,Estonia,Norway,2,20,22,15,17,14,11,,
2019,final,Estonia,Russia,1,5,5,8,1,6,14,,
2019,final,Estonia,San Marino,12,22,20,22,25,25,9,,
2019,final,Estonia,Serbia,20,7,4,18,5,9,25,,
2019,final,Estonia,Slovenia,4,12,11,9,7,19,8,,
2019,final,Estonia,Spain,14,21,8,21,24,24,24,,
2019,final,Estonia,Sweden,8,1,3,1,3,1,1,,
2019,final,Estonia,Switzerland,7,2,1,4,14,4,6,,
2019,final,Estonia,United Kingdom,21,15,19,10,6,15,12,,
2019,final,Finland,Albania,19,23,26,21,22,23,15,,
2019,final,Finland,Australia,5,2,2,1,1,1,8,,
2019,final,Finland,Azerbaijan,16,9,12,8,15,11,4,,
2019,final,Finland,Belarus,23,25,20,22,24,25,24,,
2019,final,Finland,Cyprus,21,24,18,24,23,22,25,,
2019,final,Finland,Czechia,15,7,6,10,10,8,9,,
2019,final,Finland,Denmark,11,17,14,18,12,10,10,,
2019,final,Finland,Estonia,3,13,9,20,5,17,13,,
2019,final,Finland,France,13,21,19,16,17,13,16,,
2019,final,Finland,Germany,26,18,21,15,19,6,21,,
2019,final,Finland,Greece,24,15,8,17,7,21,11,,
2019,final,Finland,Iceland,1,12,7,12,11,9,12,,
2019,final,Finland,Israel,20,19,22,19,14,7,23,,
2019,final,Finland,Italy,8,6,24,5,25,19,2,,
2019,final,Finland,Malta,22,10,17,11,16,15,3,,
2019,final,Finland,Netherlands,6,3,3,2,2,3,7,,
2019,final,Finland,North Macedonia,17,4,4,6,8,4,18,,
2019,final,Finland,Norway,2,16,10,13,6,18,22,,
2019,final,Finland,Russia,7,14,5,23,9,12,20,,
2019,final,Finland,San Marino,14,26,25,25,26,24,26,,
2019,final,Finland,Serbia,18,11,15,9,4,16,14,,
2019,final,Finland,Slovenia,10,5,11,7,20,5,6,,
2019,final,Finland,Spain,12,22,23,26,13,26,19,,
2019,final,Finland,Sweden,4,1,1,3,3,2,1,,
2019,final,Finland,Switzerland,9,8,16,4,21,14,5,,
2019,final,Finland,United Kingdom,25,20,13,14,18,20,17,,
2019,final,France,Albania,13,13,6,12,14,20,16,,
2019,final,France,Australia,5,7,18,24,1,10,5,,
2019,final,France,Azerbaijan,12,5,4,4,5,13,4,,
2019,final,France,Belarus,21,14,24,8,19,7,21,,
2019,final,France,Cyprus,17,11,9,9,17,4,17,,
2019,final,France,Czechia,20,8,13,3,21,6,11,,
2019,final,France,Denmark,7,10,8,13,8,9,7,,
2019,final,France,Estonia,14,20,12,17,12,19,18,,
2019,final,France,Germany,23,17,16,23,7,11,22,,
2019,final,France,Greece,22,23,14,22,23,15,15,,
2019,final,France,Iceland,10,6,10,1,20,1,24,,
2019,final,France,Israel,1,12,21,11,11,18,6,,
2019,final,France,Italy,2,3,1,2,3,21,12,,
2019,final,France,Malta,19,15,17,14,22,8,9,,
2019,final,France,Netherlands,6,1,2,6,2,5,1,,
2019,final,France,North Macedonia,18,4,3,15,15,2,2,,
2019,final,France,Norway,3,24,23,20,18,24,14,,
2019,final,France,Russia,8,19,15,21,13,14,13,,
2019,final,France,San Marino,25,25,22,25,25,25,25,,
2019,final,France,Serbia,11,16,19,16,10,17,8,,
2019,final,France,Slovenia,16,22,25,10,24,16,23,,
2019,final,France,Spain,4,21,11,19,16,22,19,,
2019,final,France,Sweden,15,2,5,7,4,3,3,,
2019,final,France,Switzerland,9,9,7,5,9,12,10,,
2019,final,France,United Kingdom,24,18,20,18,6,23,20,,
2019,final,Georgia,Albania,21,21,20,23,15,16,19,,
2019,final,Georgia,Australia,16,18,16,14,22,13,11,,
2019,final,Georgia,Azerbaijan,4,2,2,2,2,3,3,,
2019,final,Georgia,Belarus,11,19,17,24,14,11,18,,
2019,final,Georgia,Cyprus,1,5,4,6,4,8,14,,
2019,final,Georgia,Czechia,17,1,1,1,3,2,1,,
2019,final,Georgia,Denmark,22,4,9,3,17,1,10,,
2019,final,Georgia,Estonia,14,13,11,5,13,19,12,,
2019,final,Georgia,France,12,6,7,9,5,14,6,,
2019,final,Georgia,Germany,25,16,23,20,19,5,22,,
2019,final,Georgia,Greece,20,11,12,7,18,6,13,,
2019,final,Georgia,Iceland,8,20,19,12,24,25,20,,
2019,final,Georgia,Israel,7,24,24,17,23,23,25,,
2019,final,Georgia,Italy,10,14,14,8,7,20,17,,
2019,final,Georgia,Malta,24,12,8,22,16,7,9,,
2019,final,Georgia,Netherlands,6,3,3,4,1,18,4,,
2019,final,Georgia,North Macedonia,9,17,15,21,10,9,16,,
2019,final,Georgia,Norway,18,23,21,16,20,24,21,,
2019,final,Georgia,Russia,3,26,26,26,26,26,26,,
2019,final,Georgia,San Marino,2,25,25,25,25,21,24,,
2019,final,Georgia,Serbia,23,15,13,11,11,12,15,,
2019,final,Georgia,Slovenia,15,7,10,18,9,4,5,,
2019,final,Georgia,Spain,19,22,22,15,21,22,23,,
2019,final,Georgia,Sweden,5,9,6,19,6,17,7,,
2019,final,Georgia,Switzerland,13,8,18,10,8,15,2,,
2019,final,Georgia,United Kingdom,26,10,5,13,12,10,8,,
2019,final,Germany,Albania,16,14,19,21,14,22,6,,
2019,final,Germany,Australia,6,2,4,3,1,2,5,,
2019,final,Germany,Azerbaijan,13,12,10,25,9,18,9,,
2019,final,Germany,Belarus,23,11,16,8,19,7,21,,
2019,final,Germany,Cyprus,21,15,15,14,16,11,22,,
2019,final,Germany,Czechia,18,16,12,16,13,20,16,,
2019,final,Germany,Denmark,7,10,11,9,10,15,11,,
2019,final,Germany,Estonia,14,23,22,22,24,21,14,,
2019,final,Germany,France,11,7,6,12,12,9,3,,
2019,final,Germany,Greece,19,22,21,18,25,12,20,,
2019,final,Germany,Iceland,9,19,20,20,17,13,15,,
2019,final,Germany,Israel,20,25,23,23,21,23,18,,
2019,final,Germany,Italy,5,1,1,1,2,1,2,,
2019,final,Germany,Malta,24,8,8,6,7,8,13,,
2019,final,Germany,Netherlands,4,3,3,5,3,4,4,,
2019,final,Germany,North Macedonia,15,4,5,7,5,3,1,,
2019,final,Germany,Norway,1,6,7,11,4,5,10,,
2019,final,Germany,Russia,3,13,18,19,8,19,8,,
2019,final,Germany,San Marino,25,24,25,24,15,24,25,,
2019,final,Germany,Serbia,17,18,17,10,20,17,23,,
2019,final,Germany,Slovenia,8,17,14,17,23,10,19,,
2019,final,Germany,Spain,12,20,13,13,22,25,24,,
2019,final,Germany,Sweden,10,9,9,4,11,14,12,,
2019,final,Germany,Switzerland,2,5,2,2,6,6,7,,
2019,final,Germany,United Kingdom,22,21,24,15,18,16,17,,
2019,final,Greece,Albania,6,8,11,14,7,7,7,,
2019,final,Greece,Australia,8,9,10,9,3,15,20,,
2019,final,Greece,Azerbaijan,12,3,4,12,5,8,5,,
2019,final,Greece,Belarus,17,16,19,7,13,19,13,,
2019,final,Greece,Cyprus,1,1,1,1,2,1,2,,
2019,final,Greece,Czechia,20,13,22,21,17,17,3,,
2019,final,Greece,Denmark,19,25,25,25,23,22,23,,
2019,final,Greece,Estonia,16,21,21,13,12,24,16,,
2019,final,Greece,France,10,15,12,22,20,4,21,,
2019,final,Greece,Germany,24,23,23,24,24,12,14,,
2019,final,Greece,Iceland,9,17,18,15,6,16,22,,
2019,final,Greece,Israel,23,14,15,16,22,13,4,,
2019,final,Greece,Italy,2,4,3,3,14,10,15,,
2019,final,Greece,Malta,22,6,13,6,9,3,8,,
2019,final,Greece,Netherlands,5,12,6,17,10,11,10,,
2019,final,Greece,North Macedonia,15,10,16,11,8,5,12,,
2019,final,Greece,Norway,11,22,17,10,19,25,18,,
2019,final,Greece,Russia,3,2,2,2,1,2,1,,
2019,final,Greece,San Marino,21,5,5,4,21,9,6,,
2019,final,Greece,Serbia,14,20,24,18,18,14,11,,
2019,final,Greece,Slovenia,13,7,20,5,4,18,9,,
2019,final,Greece,Spain,7,11,8,8,25,6,17,,
2019,final,Greece,Sweden,18,18,7,19,11,23,24,,
2019,final,Greece,Switzerland,4,19,9,20,15,21,19,,
2019,final,Greece,United Kingdom,25,24,14,23,16,20,25,,
2019,final,Hungary,Albania,22,25,20,20,24,24,24,,
2019,final,Hungary,Australia,14,24,17,24,23,16,17,,
2019,final,Hungary,Azerbaijan,9,6,5,17,7,18,2,,
2019,final,Hungary,Belarus,23,3,6,4,2,4,8,,
2019,final,Hungary,Cyprus,18,21,23,11,20,19,16,,
2019,final,Hungary,Czechia,17,1,3,6,3,1,18,,
2019,final,Hungary,Denmark,19,5,10,5,14,3,7,,
2019,final,Hungary,Estonia,15,16,16,13,11,23,6,,
2019,final,Hungary,France,10,20,18,26,13,12,10,,
2019,final,Hungary,Germany,25,19,15,21,10,9,20,,
2019,final,Hungary,Greece,24,13,22,8,18,21,3,,
2019,final,Hungary,Iceland,1,12,24,1,17,25,19,,
2019,final,Hungary,Israel,11,15,25,7,19,7,15,,
2019,final,Hungary,Italy,7,4,2,10,5,20,4,,
2019,final,Hungary,Malta,20,17,7,15,16,10,26,,
2019,final,Hungary,Netherlands,3,10,13,9,8,8,5,,
2019,final,Hungary,North Macedonia,12,2,9,14,1,5,1,,
2019,final,Hungary,Norway,2,11,12,2,22,17,9,,
2019,final,Hungary,Russia,4,22,14,16,21,14,21,,
2019,final,Hungary,San Marino,5,23,26,23,26,26,11,,
2019,final,Hungary,Serbia,21,18,11,19,12,11,12,,
2019,final,Hungary,Slovenia,8,14,21,3,15,15,22,,
2019,final,Hungary,Spain,16,26,19,22,25,22,25,,
2019,final,Hungary,Sweden,13,7,1,18,6,13,14,,
2019,final,Hungary,Switzerland,6,8,4,25,4,6,23,,
2019,final,Hungary,United Kingdom,26,9,8,12,9,2,13,,
2019,final,Iceland,Albania,23,23,25,24,23,18,20,,
2019,final,Iceland,Australia,2,2,1,2,10,5,2,,
2019,final,Iceland,Azerbaijan,13,7,5,10,6,9,7,,
2019,final,Iceland,Belarus,17,20,18,16,19,21,14,,
2019,final,Iceland,Cyprus,19,18,23,9,12,19,17,,
2019,final,Iceland,Czechia,9,5,10,3,9,2,10,,
2019,final,Iceland,Denmark,7,12,8,13,20,6,13,,
2019,final,Iceland,Estonia,8,13,4,17,15,12,15,,
2019,final,Iceland,France,14,10,11,6,7,13,11,,
2019,final,Iceland,Germany,22,17,14,5,16,22,24,,
2019,final,Iceland,Greece,21,22,22,21,18,23,21,,
2019,final,Iceland,Israel,25,21,24,23,24,14,25,,
2019,final,Iceland,Italy,5,8,12,20,1,16,8,,
2019,final,Iceland,Malta,12,15,15,8,21,7,16,,
2019,final,Iceland,Netherlands,6,4,7,4,4,17,3,,
2019,final,Iceland,North Macedonia,16,3,3,11,8,1,9,,
2019,final,Iceland,Norway,1,11,17,14,13,8,5,,
2019,final,Iceland,Russia,18,14,9,12,17,24,6,,
2019,final,Iceland,San Marino,10,24,19,25,25,20,23,,
2019,final,Iceland,Serbia,20,9,13,7,11,3,12,,
2019,final,Iceland,Slovenia,15,16,16,15,5,15,19,,
2019,final,Iceland,Spain,11,25,20,22,22,25,22,,
2019,final,Iceland,Sweden,3,1,2,1,3,4,1,,
2019,final,Iceland,Switzerland,4,6,6,19,2,10,4,,
2019,final,Iceland,United Kingdom,24,19,21,18,14,11,18,,
2019,final,Ireland,Albania,25,22,11,24,25,21,24,,
2019,final,Ireland,Australia,2,7,8,6,17,4,4,,
2019,final,Ireland,Azerbaijan,13,4,5,2,5,7,5,,
2019,final,Ireland,Belarus,21,23,14,19,24,16,22,,
2019,final,Ireland,Cyprus,20,18,18,20,9,13,17,,
2019,final,Ireland,Czechia,16,19,23,10,14,20,12,,
2019,final,Ireland,Denmark,12,14,10,15,18,25,9,,
2019,final,Ireland,Estonia,10,13,19,17,7,22,13,,
2019,final,Ireland,France,14,15,16,11,22,8,21,,
2019,final,Ireland,Germany,23,9,3,16,19,11,23,,
2019,final,Ireland,Greece,26,21,26,23,11,24,15,,
2019,final,Ireland,Iceland,5,17,17,21,12,15,10,,
2019,final,Ireland,Israel,18,12,22,18,3,18,25,,
2019,final,Ireland,Italy,7,10,7,8,20,9,14,,
2019,final,Ireland,Malta,15,11,13,9,6,17,16,,
2019,final,Ireland,Netherlands,3,3,2,4,10,2,3,,
2019,final,Ireland,North Macedonia,17,6,9,3,8,5,6,,
2019,final,Ireland,Norway,1,5,1,14,4,6,8,,
2019,final,Ireland,Russia,6,8,15,7,16,10,7,,
2019,final,Ireland,San Marino,22,25,24,22,23,26,18,,
2019,final,Ireland,Serbia,24,20,21,13,15,19,11,,
2019,final,Ireland,Slovenia,19,26,25,25,26,23,20,,
2019,final,Ireland,Spain,11,24,20,26,21,14,26,,
2019,final,Ireland,Sweden,9,1,6,1,2,1,2,,
2019,final,Ireland,Switzerland,4,2,4,5,1,3,1,,
2019,final,Ireland,United Kingdom,8,16,12,12,13,12,19,,
2019,final,Israel,Albania,24,24,21,23,23,24,20,,
2019,final,Israel,Australia,5,6,6,4,4,11,24,,
2019,final,Israel,Azerbaijan,8,4,16,16,3,1,6,,
2019,final,Israel,Belarus,18,13,23,15,18,23,3,,
2019,final,Israel,Cyprus,12,14,8,11,12,15,14,,
2019,final,Israel,Czechia,15,10,11,12,7,6,9,,
2019,final,Israel,Denmark,10,20,17,18,15,16,11,,
2019,final,Israel,Estonia,11,3,4,2,21,8,1,,
2019,final,Israel,France,7,9,19,10,6,5,10,,
2019,final,Israel,Germany,22,18,13,8,24,20,15,,
2019,final,Israel,Greece,25,16,9,14,11,13,18,,
2019,final,Israel,Iceland,17,25,25,20,22,21,25,,
2019,final,Israel,Italy,3,2,1,6,1,3,5,,
2019,final,Israel,Malta,16,7,7,7,9,9,7,,
2019,final,Israel,Netherlands,9,1,2,3,2,2,2,,
2019,final,Israel,North Macedonia,14,15,10,9,17,10,21,,
2019,final,Israel,Norway,2,17,12,17,14,22,8,,
2019,final,Israel,Russia,1,12,3,13,10,12,17,,
2019,final,Israel,San Marino,20,23,22,19,25,25,16,,
2019,final,Israel,Serbia,21,22,14,24,20,19,22,,
2019,final,Israel,Slovenia,19,21,15,25,16,18,23,,
2019,final,Israel,Spain,6,19,24,21,8,17,19,,
2019,final,Israel,Sweden,13,5,18,1,13,4,12,,
2019,final,Israel,Switzerland,4,8,5,22,5,7,13,,
2019,final,Israel,United Kingdom,23,11,20,5,19,14,4,,
2019,final,Italy,Albania,1,10,10,7,6,13,16,,
2019,final,Italy,Australia,5,5,9,2,3,10,4,,
2019,final,Italy,Azerbaijan,10,4,7,5,4,1,8,,
2019,final,Italy,Belarus,19,14,11,18,23,12,13,,
2019,final,Italy,Cyprus,20,19,19,20,15,16,12,,
2019,final,Italy,Czechia,22,7,6,8,17,6,5,,
2019,final,Italy,Denmark,7,1,3,1,1,3,1,,
2019,final,Italy,Estonia,14,6,5,11,9,4,6,,
2019,final,Italy,France,9,8,8,4,7,11,9,,
2019,final,Italy,Germany,25,18,20,10,19,17,17,,
2019,final,Italy,Greece,23,15,23,12,10,18,24,,
2019,final,Italy,Iceland,4,21,18,23,11,25,21,,
2019,final,Italy,Israel,15,11,14,13,18,8,10,,
2019,final,Italy,Malta,16,3,1,6,2,7,3,,
2019,final,Italy,Netherlands,6,12,13,9,12,15,11,,
2019,final,Italy,North Macedonia,12,2,2,3,5,2,2,,
2019,final,Italy,Norway,2,13,15,15,24,9,14,,
2019,final,Italy,Russia,3,23,21,24,14,22,23,,
2019,final,Italy,San Marino,21,25,25,25,22,24,25,,
2019,final,Italy,Serbia,13,20,17,16,16,21,15,,
2019,final,Italy,Slovenia,18,16,22,19,8,20,20,,
2019,final,Italy,Spain,11,24,24,22,25,23,22,,
2019,final,Italy,Sweden,17,9,4,17,13,5,7,,
2019,final,Italy,Switzerland,8,17,12,14,21,14,18,,
2019,final,Italy,United Kingdom,24,22,16,21,20,19,19,,
2019,final,Latvia,Albania,22,20,22,25,23,16,11,,
2019,final,Latvia,Australia,5,16,14,9,15,15,17,,
2019,final,Latvia,Azerbaijan,7,5,3,2,7,6,7,,
2019,final,Latvia,Belarus,13,19,12,18,20,18,13,,
2019,final,Latvia,Cyprus,21,15,8,16,22,11,21,,
2019,final,Latvia,Czechia,15,8,16,4,16,17,6,,
2019,final,Latvia,Denmark,11,4,11,6,2,3,3,,
2019,final,Latvia,Estonia,2,6,4,8,9,7,4,,
2019,final,Latvia,France,14,14,15,21,19,12,8,,
2019,final,Latvia,Germany,24,18,19,24,18,14,10,,
2019,final,Latvia,Greece,25,26,26,26,26,25,26,,
2019,final,Latvia,Iceland,4,17,17,10,10,26,24,,
2019,final,Latvia,Israel,18,23,25,22,13,24,20,,
2019,final,Latvia,Italy,8,9,6,12,8,13,9,,
2019,final,Latvia,Malta,19,10,9,17,4,10,16,,
2019,final,Latvia,Netherlands,6,1,1,1,1,4,5,,
2019,final,Latvia,North Macedonia,17,3,5,7,3,2,1,,
2019,final,Latvia,Norway,3,12,23,11,6,20,12,,
2019,final,Latvia,Russia,1,7,7,5,14,5,18,,
2019,final,Latvia,San Marino,16,11,13,15,5,9,15,,
2019,final,Latvia,Serbia,23,13,10,13,12,8,23,,
2019,final,Latvia,Slovenia,9,22,20,14,24,23,19,,
2019,final,Latvia,Spain,20,25,24,20,25,22,22,,
2019,final,Latvia,Sweden,12,2,2,3,11,1,2,,
2019,final,Latvia,Switzerland,10,24,18,19,21,21,25,,
2019,final,Latvia,United Kingdom,26,21,21,23,17,19,14,,
2019,final,Lithuania,Albania,25,21,16,23,12,24,22,,
2019,final,Lithuania,Australia,10,9,13,16,6,10,6,,
2019,final,Lithuania,Azerbaijan,6,2,3,2,2,3,3,,
2019,final,Lithuania,Belarus,14,26,21,24,21,23,23,,
2019,final,Lithuania,Cyprus,18,22,23,13,26,22,21,,
2019,final,Lithuania,Czechia,15,4,6,4,11,8,1,,
2019,final,Lithuania,Denmark,13,17,19,21,9,18,15,,
2019,final,Lithuania,Estonia,7,13,7,17,14,16,10,,
2019,final,Lithuania,France,16,18,12,12,25,15,24,,
2019,final,Lithuania,Germany,22,6,8,8,10,6,5,,
2019,final,Lithuania,Greece,23,23,25,25,16,21,19,,
2019,final,Lithuania,Iceland,5,5,5,5,7,9,7,,
2019,final,Lithuania,Israel,20,25,17,22,24,25,26,,
2019,final,Lithuania,Italy,2,8,10,6,8,7,13,,
2019,final,Lithuania,Malta,19,19,14,15,17,17,14,,
2019,final,Lithuania,Netherlands,4,1,2,1,1,1,2,,
2019,final,Lithuania,North Macedonia,21,15,9,11,19,11,20,,
2019,final,Lithuania,Norway,3,11,20,20,3,20,17,,
2019,final,Lithuania,Russia,1,10,18,9,18,5,8,,
2019,final,Lithuania,San Marino,12,20,26,26,13,26,11,,
2019,final,Lithuania,Serbia,24,12,15,19,23,4,16,,
2019,final,Lithuania,Slovenia,11,7,4,14,4,13,9,,
2019,final,Lithuania,Spain,17,24,24,18,22,19,25,,
2019,final,Lithuania,Sweden,8,3,1,3,5,2,4,,
2019,final,Lithuania,Switzerland,9,14,11,10,20,12,12,,
2019,final,Lithuania,United Kingdom,26,16,22,7,15,14,18,,
2019,final,Malta,Albania,19,9,10,11,9,11,7,,
2019,final,Malta,Australia,8,11,11,12,10,10,10,,
2019,final,Malta,Azerbaijan,9,3,1,2,2,5,6,,
2019,final,Malta,Belarus,25,12,12,13,14,14,9,,
2019,final,Malta,Cyprus,17,5,5,7,6,3,4,,
2019,final,Malta,Czechia,18,21,21,18,21,24,19,,
2019,final,Malta,Denmark,12,15,16,17,16,15,14,,
2019,final,Malta,Estonia,11,23,25,24,22,22,23,,
2019,final,Malta,France,13,13,13,14,12,12,13,,
2019,final,Malta,Germany,20,20,20,19,20,21,20,,
2019,final,Malta,Greece,24,7,8,6,5,4,8,,
2019,final,Malta,Iceland,10,19,18,21,19,18,17,,
2019,final,Malta,Israel,22,24,24,25,23,23,24,,
2019,final,Malta,Italy,1,1,3,1,1,2,1,,
2019,final,Malta,Netherlands,2,4,6,4,3,7,3,,
2019,final,Malta,North Macedonia,6,8,4,8,8,8,11,,
2019,final,Malta,Norway,4,16,15,16,17,13,18,,
2019,final,Malta,Russia,7,2,2,3,4,1,2,,
2019,final,Malta,San Marino,21,10,9,10,11,9,12,,
2019,final,Malta,Serbia,16,22,22,22,24,19,22,,
2019,final,Malta,Slovenia,23,25,23,23,25,25,25,,
2019,final,Malta,Spain,15,17,17,20,13,20,16,,
2019,final,Malta,Sweden,5,6,7,5,7,6,5,,
2019,final,Malta,Switzerland,3,14,14,9,15,16,15,,
2019,final,Malta,United Kingdom,14,18,19,15,18,17,21,,
2019,final,Moldova,Albania,25,23,20,19,22,14,26,,
2019,final,Moldova,Australia,11,2,2,3,2,9,5,,
2019,final,Moldova,Azerbaijan,2,5,5,11,16,1,6,,
2019,final,Moldova,Belarus,12,24,24,26,21,15,17,,
2019,final,Moldova,Cyprus,26,14,9,22,11,13,15,,
2019,final,Moldova,Czechia,9,3,3,7,4,3,8,,
2019,final,Moldova,Denmark,17,7,8,5,5,5,16,,
2019,final,Moldova,Estonia,19,15,23,20,19,8,18,,
2019,final,Moldova,France,18,13,12,14,7,16,9,,
2019,final,Moldova,Germany,24,12,14,4,10,18,12,,
2019,final,Moldova,Greece,13,22,18,15,18,24,21,,
2019,final,Moldova,Iceland,10,20,10,25,25,26,22,,
2019,final,Moldova,Israel,4,17,19,18,13,12,23,,
2019,final,Moldova,Italy,6,18,16,16,17,21,14,,
2019,final,Moldova,Malta,15,10,7,8,9,10,10,,
2019,final,Moldova,Netherlands,5,8,6,6,12,7,7,,
2019,final,Moldova,North Macedonia,16,1,1,1,1,2,1,,
2019,final,Moldova,Norway,8,4,4,2,6,4,20,,
2019,final,Moldova,Russia,1,6,11,12,3,11,2,,
2019,final,Moldova,San Marino,3,25,17,21,23,22,25,,
2019,final,Moldova,Serbia,23,16,13,17,14,19,13,,
2019,final,Moldova,Slovenia,20,26,22,23,24,25,24,,
2019,final,Moldova,Spain,21,21,26,24,26,20,11,,
2019,final,Moldova,Sweden,14,9,25,9,15,6,3,,
2019,final,Moldova,Switzerland,7,11,21,10,8,17,4,,
2019,final,Moldova,United Kingdom,22,19,15,13,20,23,19,,
2019,final,Montenegro,Albania,4,3,3,2,2,3,16,,
2019,final,Montenegro,Australia,15,7,8,10,18,13,3,,
2019,final,Montenegro,Azerbaijan,8,11,11,16,7,10,14,,
2019,final,Montenegro,Belarus,16,22,16,24,14,20,13,,
2019,final,Montenegro,Cyprus,14,6,4,4,6,18,24,,
2019,final,Montenegro,Czechia,18,10,15,8,8,16,10,,
2019,final,Montenegro,Denmark,17,8,17,13,20,9,4,,
2019,final,Montenegro,Estonia,21,18,23,15,9,11,23,,
2019,final,Montenegro,France,22,26,21,19,22,23,18,,
2019,final,Montenegro,Germany,26,23,25,23,24,25,11,,
2019,final,Montenegro,Greece,23,20,7,25,25,26,25,,
2019,final,Montenegro,Iceland,9,13,24,14,10,19,6,,
2019,final,Montenegro,Israel,25,25,19,21,23,24,17,,
2019,final,Montenegro,Italy,6,9,9,17,15,8,7,,
2019,final,Montenegro,Malta,19,5,6,5,4,4,12,,
2019,final,Montenegro,Netherlands,10,12,13,9,12,7,20,,
2019,final,Montenegro,North Macedonia,5,4,5,6,5,5,2,,
2019,final,Montenegro,Norway,13,14,22,12,17,22,5,,
2019,final,Montenegro,Russia,2,2,1,3,1,1,15,,
2019,final,Montenegro,San Marino,3,19,26,26,26,6,26,,
2019,final,Montenegro,Serbia,1,1,2,1,3,2,1,,
2019,final,Montenegro,Slovenia,7,15,10,7,19,14,19,,
2019,final,Montenegro,Spain,12,21,20,11,16,17,22,,
2019,final,Montenegro,Sweden,20,17,12,22,13,15,8,,
2019,final,Montenegro,Switzerland,11,16,14,18,11,12,9,,
2019,final,Montenegro,United Kingdom,24,24,18,20,21,21,21,,
2019,final,Netherlands,Albania,20,23,22,22,25,19,18,,
2019,final,Netherlands,Australia,9,9,13,5,15,9,6,,
2019,final,Netherlands,Azerbaijan,7,14,17,11,13,14,8,,
2019,final,Netherlands,Belarus,24,15,10,12,16,18,11,,
2019,final,Netherlands,Cyprus,22,10,20,17,5,7,7,,
2019,final,Netherlands,Czechia,13,7,9,6,6,5,16,,
2019,final,Netherlands,Denmark,6,4,1,4,10,8,5,,
2019,final,Netherlands,Estonia,14,19,18,19,17,23,14,,
2019,final,Netherlands,France,16,13,16,13,7,15,12,,
2019,final,Netherlands,Germany,21,12,6,21,8,13,17,,
2019,final,Netherlands,Greece,25,22,14,23,23,25,25,,
2019,final,Netherlands,Iceland,4,20,23,15,21,17,19,,
2019,final,Netherlands,Israel,18,21,15,20,22,21,23,,
2019,final,Netherlands,Italy,2,5,3,9,2,10,9,,
2019,final,Netherlands,Malta,17,3,19,3,4,4,2,,
2019,final,Netherlands,North Macedonia,10,8,8,8,9,6,10,,
2019,final,Netherlands,Norway,1,18,21,16,19,12,13,,
2019,final,Netherlands,Russia,11,6,11,7,11,3,4,,
2019,final,Netherlands,San Marino,12,25,25,25,24,24,24,,
2019,final,Netherlands,Serbia,19,11,5,10,14,11,20,,
2019,final,Netherlands,Slovenia,15,24,24,24,18,20,22,,
2019,final,Netherlands,Spain,8,17,7,18,20,22,21,,
2019,final,Netherlands,Sweden,3,1,2,2,1,1,3,,
2019,final,Netherlands,Switzerland,5,2,4,1,3,2,1,,
2019,final,Netherlands,United Kingdom,23,16,12,14,12,16,15,,
2019,final,North Macedonia,Albania,1,3,5,3,4,6,1,,
2019,final,North Macedonia,Australia,13,2,4,2,2,4,3,,
2019,final,North Macedonia,Azerbaijan,10,7,7,8,7,12,5,,
2019,final,North Macedonia,Belarus,21,17,20,20,23,8,21,,
2019,final,North Macedonia,Cyprus,17,10,15,11,19,7,10,,
2019,final,North Macedonia,Czechia,18,13,14,19,10,9,11,,
2019,final,North Macedonia,Denmark,16,23,18,22,17,22,15,,
2019,final,North Macedonia,Estonia,19,16,19,17,13,13,12,,
2019,final,North Macedonia,France,23,19,21,9,25,24,24,,
2019,final,North Macedonia,Germany,22,18,17,24,11,16,18,,
2019,final,North Macedonia,Greece,20,11,10,10,14,10,16,,
2019,final,North Macedonia,Iceland,15,9,25,16,1,25,25,,
2019,final,North Macedonia,Israel,24,20,12,23,21,15,20,,
2019,final,North Macedonia,Italy,8,1,2,1,3,1,2,,
2019,final,North Macedonia,Malta,5,6,6,5,5,5,6,,
2019,final,North Macedonia,Netherlands,4,4,1,4,8,2,8,,
2019,final,North Macedonia,Norway,6,15,9,18,16,23,14,,
2019,final,North Macedonia,Russia,11,5,3,7,6,3,4,,
2019,final,North Macedonia,San Marino,3,25,22,25,22,21,19,,
2019,final,North Macedonia,Serbia,2,14,13,12,9,20,22,,
2019,final,North Macedonia,Slovenia,9,22,24,14,18,17,17,,
2019,final,North Macedonia,Spain,12,24,23,15,20,19,23,,
2019,final,North Macedonia,Sweden,14,12,11,13,12,14,9,,
2019,final,North Macedonia,Switzerland,7,8,8,6,15,11,7,,
2019,final,North Macedonia,United Kingdom,25,21,16,21,24,18,13,,
2019,final,Norway,Albania,18,22,16,23,23,23,19,,
2019,final,Norway,Australia,7,12,15,9,9,9,10,,
2019,final,Norway,Azerbaijan,8,6,5,2,6,14,7,,
2019,final,Norway,Belarus,23,19,18,22,18,15,16,,
2019,final,Norway,Cyprus,19,10,12,6,14,5,20,,
2019,final,Norway,Czechia,13,1,1,1,2,3,3,,
2019,final,Norway,Denmark,6,7,11,10,4,4,9,,
2019,final,Norway,Estonia,9,14,8,21,20,11,11,,
2019,final,Norway,France,14,18,20,14,15,18,23,,
2019,final,Norway,Germany,24,17,10,20,21,17,15,,
2019,final,Norway,Greece,25,25,25,25,25,24,22,,
2019,final,Norway,Iceland,2,15,9,15,11,22,25,,
2019,final,Norway,Israel,21,21,23,18,17,20,17,,
2019,final,Norway,Italy,4,8,21,8,16,13,1,,
2019,final,Norway,Malta,12,11,7,13,13,7,13,,
2019,final,Norway,Netherlands,3,4,2,4,10,12,4,,
2019,final,Norway,North Macedonia,17,2,3,12,1,2,2,,
2019,final,Norway,Russia,10,13,14,7,8,16,12,,
2019,final,Norway,San Marino,15,24,17,24,24,25,24,,
2019,final,Norway,Serbia,20,16,22,17,12,10,18,,
2019,final,Norway,Slovenia,16,20,19,16,22,21,14,,
2019,final,Norway,Spain,11,23,24,19,19,19,21,,
2019,final,Norway,Sweden,1,3,4,3,5,1,5,,
2019,final,Norway,Switzerland,5,5,6,5,3,6,8,,
2019,final,Norway,United Kingdom,22,9,13,11,7,8,6,,
2019,final,Poland,Albania,23,20,16,15,18,14,18,,
2019,final,Poland,Australia,5,1,8,1,5,1,1,,
2019,final,Poland,Azerbaijan,9,9,10,5,10,8,19,,
2019,final,Poland,Belarus,17,22,20,18,20,18,24,,
2019,final,Poland,Cyprus,20,19,14,20,12,17,25,,
2019,final,Poland,Czechia,10,11,9,11,6,15,10,,
2019,final,Poland,Denmark,16,6,7,17,7,7,5,,
2019,final,Poland,Estonia,13,17,21,13,21,11,14,,
2019,final,Poland,France,11,5,6,2,11,2,8,,
2019,final,Poland,Germany,24,21,25,21,19,20,16,,
2019,final,Poland,Greece,25,24,17,23,25,19,26,,
2019,final,Poland,Iceland,1,8,22,6,17,4,12,,
2019,final,Poland,Israel,21,23,18,16,24,26,21,,
2019,final,Poland,Italy,4,13,3,24,9,25,23,,
2019,final,Poland,Malta,22,7,4,12,4,21,20,,
2019,final,Poland,Netherlands,2,14,13,10,14,12,7,,
2019,final,Poland,North Macedonia,15,3,2,9,1,9,3,,
2019,final,Poland,Norway,3,10,23,7,15,5,9,,
2019,final,Poland,Russia,8,16,24,8,26,13,11,,
2019,final,Poland,San Marino,19,26,26,25,22,24,17,,
2019,final,Poland,Serbia,18,4,5,4,3,6,2,,
2019,final,Poland,Slovenia,7,2,1,3,2,3,6,,
2019,final,Poland,Spain,14,25,19,22,23,22,22,,
2019,final,Poland,Sweden,12,15,11,14,13,10,15,,
2019,final,Poland,Switzerland,6,12,15,19,8,16,4,,
2019,final,Poland,United Kingdom,26,18,12,26,16,23,13,,
2019,final,Portugal,Albania,23,24,23,16,10,22,16,,
2019,final,Portugal,Australia,7,4,6,13,11,4,4,,
2019,final,Portugal,Azerbaijan,13,3,11,3,9,7,2,,
2019,final,Portugal,Belarus,21,19,17,10,20,8,24,,
2019,final,Portugal,Cyprus,20,20,8,22,14,12,25,,
2019,final,Portugal,Czechia,18,2,14,1,5,5,10,,
2019,final,Portugal,Denmark,10,12,22,8,6,18,6,,
2019,final,Portugal,Estonia,12,21,21,25,15,11,11,,
2019,final,Portugal,France,9,11,4,6,18,14,13,,
2019,final,Portugal,Germany,24,15,10,11,16,6,23,,
2019,final,Portugal,Greece,25,25,16,18,21,24,22,,
2019,final,Portugal,Iceland,8,13,26,14,4,26,7,,
2019,final,Portugal,Israel,14,18,5,19,24,19,15,,
2019,final,Portugal,Italy,4,5,9,5,2,13,12,,
2019,final,Portugal,Malta,17,22,19,9,17,23,17,,
2019,final,Portugal,Netherlands,3,1,1,2,22,2,1,,
2019,final,Portugal,North Macedonia,15,6,7,12,23,1,8,,
2019,final,Portugal,Norway,5,7,12,24,3,3,21,,
2019,final,Portugal,Russia,2,16,13,17,7,9,14,,
2019,final,Portugal,San Marino,22,26,25,26,25,25,26,,
2019,final,Portugal,Serbia,19,17,20,20,26,10,5,,
2019,final,Portugal,Slovenia,16,8,18,4,12,20,3,,
2019,final,Portugal,Spain,1,23,24,23,8,21,20,,
2019,final,Portugal,Sweden,11,9,3,7,13,15,9,,
2019,final,Portugal,Switzerland,6,10,15,15,1,16,19,,
2019,final,Portugal,United Kingdom,26,14,2,21,19,17,18,,
2019,final,Romania,Albania,21,9,8,8,10,16,4,,
2019,final,Romania,Australia,9,1,2,3,3,2,1,,
2019,final,Romania,Azerbaijan,5,2,1,6,1,3,3,,
2019,final,Romania,Belarus,24,22,19,15,15,22,18,,
2019,final,Romania,Cyprus,18,13,9,17,8,19,10,,
2019,final,Romania,Czechia,20,3,7,7,2,7,2,,
2019,final,Romania,Denmark,13,17,17,12,17,21,14,,
2019,final,Romania,Estonia,16,19,20,14,18,14,15,,
2019,final,Romania,France,10,15,22,24,7,13,26,,
2019,final,Romania,Germany,23,20,18,11,20,20,22,,
2019,final,Romania,Greece,15,21,11,19,24,17,24,,
2019,final,Romania,Iceland,6,24,24,26,14,25,25,,
2019,final,Romania,Israel,8,12,13,9,26,12,7,,
2019,final,Romania,Italy,3,16,12,22,11,15,19,,
2019,final,Romania,Malta,22,11,10,10,9,11,12,,
2019,final,Romania,Netherlands,1,6,3,18,4,5,11,,
2019,final,Romania,North Macedonia,17,4,21,1,16,1,6,,
2019,final,Romania,Norway,7,14,16,20,19,4,17,,
2019,final,Romania,Russia,4,5,4,2,5,9,13,,
2019,final,Romania,San Marino,26,26,25,25,25,26,23,,
2019,final,Romania,Serbia,11,8,15,4,13,8,5,,
2019,final,Romania,Slovenia,19,18,26,16,22,23,9,,
2019,final,Romania,Spain,12,23,14,23,23,24,21,,
2019,final,Romania,Sweden,14,10,6,13,6,6,16,,
2019,final,Romania,Switzerland,2,7,5,5,12,10,8,,
2019,final,Romania,United Kingdom,25,25,23,21,21,18,20,,
2019,final,Russia,Albania,22,8,10,6,14,11,2,,
2019,final,Russia,Australia,7,15,24,13,21,25,5,,
2019,final,Russia,Azerbaijan,1,1,4,4,4,3,1,,
2019,final,Russia,Belarus,3,4,7,5,5,5,3,,
2019,final,Russia,Cyprus,20,3,1,7,7,4,4,,
2019,final,Russia,Czechia,18,21,22,14,13,23,21,,
2019,final,Russia,Denmark,14,17,13,18,17,9,25,,
2019,final,Russia,Estonia,15,22,20,16,23,15,16,,
2019,final,Russia,France,12,13,21,20,2,14,15,,
2019,final,Russia,Germany,23,24,17,25,22,24,22,,
2019,final,Russia,Greece,24,2,2,2,11,2,10,,
2019,final,Russia,Iceland,4,9,18,10,1,20,8,,
2019,final,Russia,Israel,21,25,25,24,25,21,20,,
2019,final,Russia,Italy,10,11,19,15,24,1,14,,
2019,final,Russia,Malta,19,5,6,1,8,10,13,,
2019,final,Russia,Netherlands,6,14,3,17,18,19,18,,
2019,final,Russia,North Macedonia,11,7,5,12,6,8,6,,
2019,final,Russia,Norway,2,19,14,19,20,12,23,,
2019,final,Russia,San Marino,13,6,8,3,10,6,9,,
2019,final,Russia,Serbia,8,12,11,8,12,7,7,,
2019,final,Russia,Slovenia,5,20,15,21,15,16,17,,
2019,final,Russia,Spain,16,10,9,9,3,13,12,,
2019,final,Russia,Sweden,17,18,12,22,16,22,11,,
2019,final,Russia,Switzerland,9,16,23,11,9,18,24,,
2019,final,Russia,United Kingdom,25,23,16,23,19,17,19,,
2019,final,San Marino,Albania,16,4,6,3,4,8,6,,
2019,final,San Marino,Australia,11,15,13,7,13,18,15,,
2019,final,San Marino,Azerbaijan,7,7,8,6,20,5,10,,
2019,final,San Marino,Belarus,23,14,18,13,5,21,20,,
2019,final,San Marino,Cyprus,4,6,7,5,8,9,13,,
2019,final,San Marino,Czechia,20,16,21,19,9,12,11,,
2019,final,San Marino,Denmark,19,25,25,20,25,23,17,,
2019,final,San Marino,Estonia,17,18,23,23,21,25,8,,
2019,final,San Marino,France,14,24,17,25,19,24,23,,
2019,final,San Marino,Germany,25,23,24,21,16,22,25,,
2019,final,San Marino,Greece,2,3,2,4,3,1,5,,
2019,final,San Marino,Iceland,9,5,12,15,7,7,4,,
2019,final,San Marino,Israel,10,20,15,17,11,19,21,,
2019,final,San Marino,Italy,3,1,3,1,1,4,1,,
2019,final,San Marino,Malta,22,22,22,18,15,14,16,,
2019,final,San Marino,Netherlands,5,8,10,10,22,2,19,,
2019,final,San Marino,North Macedonia,15,10,4,8,24,11,14,,
2019,final,San Marino,Norway,8,21,19,22,10,20,22,,
2019,final,San Marino,Russia,1,2,1,2,2,3,2,,
2019,final,San Marino,Serbia,18,17,14,11,18,16,24,,
2019,final,San Marino,Slovenia,21,12,20,16,23,10,3,,
2019,final,San Marino,Spain,13,11,11,12,12,6,9,,
2019,final,San Marino,Sweden,12,13,9,14,6,15,18,,
2019,final,San Marino,Switzerland,6,9,5,9,17,13,7,,
2019,final,San Marino,United Kingdom,24,19,16,24,14,17,12,,
2019,final,Serbia,Albania,15,25,25,20,25,25,15,,
2019,final,Serbia,Australia,11,4,3,15,3,5,5,,
2019,final,Serbia,Azerbaijan,14,8,4,1,19,23,11,,
2019,final,Serbia,Belarus,13,23,19,18,23,22,16,,
2019,final,Serbia,Cyprus,18,13,12,11,9,9,13,,
2019,final,Serbia,Czechia,12,7,10,9,6,2,8,,
2019,final,Serbia,Denmark,16,9,14,13,10,1,18,,
2019,final,Serbia,Estonia,21,5,2,6,12,4,14,,
2019,final,Serbia,France,20,10,11,8,7,24,10,,
2019,final,Serbia,Germany,24,17,22,10,17,20,9,,
2019,final,Serbia,Greece,23,22,21,24,18,13,22,,
2019,final,Serbia,Iceland,6,24,18,17,21,21,25,,
2019,final,Serbia,Israel,22,20,17,25,14,16,20,,
2019,final,Serbia,Italy,4,2,6,5,1,6,2,,
2019,final,Serbia,Malta,19,12,20,14,5,12,12,,
2019,final,Serbia,Netherlands,8,11,13,7,13,17,7,,
2019,final,Serbia,North Macedonia,1,1,7,2,2,3,1,,
2019,final,Serbia,Norway,7,15,5,22,15,14,19,,
2019,final,Serbia,Russia,3,14,9,16,16,19,6,,
2019,final,Serbia,San Marino,10,18,24,21,24,8,24,,
2019,final,Serbia,Slovenia,2,16,15,12,11,10,23,,
2019,final,Serbia,Spain,9,19,23,23,20,11,21,,
2019,final,Serbia,Sweden,17,3,1,3,4,18,3,,
2019,final,Serbia,Switzerland,5,6,8,4,8,7,4,,
2019,final,Serbia,United Kingdom,25,21,16,19,22,15,17,,
2019,final,Slovenia,Albania,12,17,9,17,17,16,18,,
2019,final,Slovenia,Australia,9,15,23,13,5,22,24,,
2019,final,Slovenia,Azerbaijan,16,2,2,19,3,4,3,,
2019,final,Slovenia,Belarus,18,12,10,10,6,13,8,,
2019,final,Slovenia,Cyprus,20,16,12,14,11,12,13,,
2019,final,Slovenia,Czechia,15,1,13,11,2,1,1,,
2019,final,Slovenia,Denmark,8,7,6,9,8,5,5,,
2019,final,Slovenia,Estonia,10,20,20,12,19,20,16,,
2019,final,Slovenia,France,17,8,3,2,16,23,15,,
2019,final,Slovenia,Germany,21,23,24,22,24,17,21,,
2019,final,Slovenia,Greece,25,18,15,24,15,11,14,,
2019,final,Slovenia,Iceland,4,11,7,18,18,10,2,,
2019,final,Slovenia,Israel,23,24,19,23,22,24,19,,
2019,final,Slovenia,Italy,3,3,16,8,1,2,11,,
2019,final,Slovenia,Malta,19,10,18,6,4,7,12,,
2019,final,Slovenia,Netherlands,6,5,1,3,10,9,10,,
2019,final,Slovenia,North Macedonia,1,9,5,5,9,8,9,,
2019,final,Slovenia,Norway,5,22,17,16,23,25,23,,
2019,final,Slovenia,Russia,11,19,14,20,13,18,20,,
2019,final,Slovenia,San Marino,22,25,22,25,25,19,25,,
2019,final,Slovenia,Serbia,2,13,8,7,7,14,17,,
2019,final,Slovenia,Spain,14,21,25,15,20,21,22,,
2019,final,Slovenia,Sweden,13,4,4,4,14,3,6,,
2019,final,Slovenia,Switzerland,7,6,11,1,12,15,4,,
2019,final,Slovenia,United Kingdom,24,14,21,21,21,6,7,,
2019,final,Spain,Albania,25,24,20,25,19,19,19,,
2019,final,Spain,Australia,6,2,1,1,7,6,5,,
2019,final,Spain,Azerbaijan,10,4,9,10,1,3,4,,
2019,final,Spain,Belarus,17,15,22,21,9,8,11,,
2019,final,Spain,Cyprus,15,6,23,5,10,13,1,,
2019,final,Spain,Czechia,13,5,5,4,21,2,10,,
2019,final,Spain,Denmark,11,18,10,14,23,12,20,,
2019,final,Spain,Estonia,12,16,18,11,8,18,24,,
2019,final,Spain,France,7,13,17,13,6,14,12,,
2019,final,Spain,Germany,20,17,7,19,22,17,22,,
2019,final,Spain,Greece,24,19,19,20,13,11,13,,
2019,final,Spain,Iceland,8,23,24,22,20,15,16,,
2019,final,Spain,Israel,16,21,21,15,15,22,14,,
2019,final,Spain,Italy,1,7,6,7,5,5,18,,
2019,final,Spain,Malta,14,14,12,23,17,9,7,,
2019,final,Spain,Netherlands,3,3,8,3,2,1,9,,
2019,final,Spain,North Macedonia,19,12,4,12,18,21,15,,
2019,final,Spain,Norway,4,11,13,6,11,23,8,,
2019,final,Spain,Russia,9,9,15,9,4,16,6,,
2019,final,Spain,San Marino,21,25,25,24,25,25,25,,
2019,final,Spain,Serbia,23,20,11,18,14,20,17,,
2019,final,Spain,Slovenia,22,10,3,17,24,10,23,,
2019,final,Spain,Sweden,5,1,2,2,3,4,3,,
2019,final,Spain,Switzerland,2,8,16,8,12,7,2,,
2019,final,Spain,United Kingdom,18,22,14,16,16,24,21,,
2019,final,Sweden,Albania,13,25,24,25,20,24,24,,
2019,final,Sweden,Australia,6,5,7,7,5,6,20,,
2019,final,Sweden,Azerbaijan,8,6,9,5,9,7,8,,
2019,final,Sweden,Belarus,25,19,18,19,21,10,15,,
2019,final,Sweden,Cyprus,20,4,4,10,10,15,1,,
2019,final,Sweden,Czechia,18,10,3,18,15,19,7,,
2019,final,Sweden,Denmark,4,16,12,16,7,12,11,,
2019,final,Sweden,Estonia,2,12,13,13,16,4,9,,
2019,final,Sweden,France,11,17,14,14,6,16,14,,
2019,final,Sweden,Germany,24,22,15,23,18,22,17,,
2019,final,Sweden,Greece,21,23,23,20,22,14,18,,
2019,final,Sweden,Iceland,3,24,25,12,24,23,25,,
2019,final,Sweden,Israel,23,21,22,21,17,13,21,,
2019,final,Sweden,Italy,7,3,8,6,2,9,2,,
2019,final,Sweden,Malta,19,9,5,9,19,20,5,,
2019,final,Sweden,Netherlands,5,1,2,1,1,2,3,,
2019,final,Sweden,North Macedonia,9,11,20,3,13,8,19,,
2019,final,Sweden,Norway,1,7,21,11,4,5,10,,
2019,final,Sweden,Russia,12,8,10,8,14,3,12,,
2019,final,Sweden,San Marino,22,20,11,24,23,21,22,,
2019,final,Sweden,Serbia,15,18,16,15,25,11,16,,
2019,final,Sweden,Slovenia,14,15,19,4,12,25,13,,
2019,final,Sweden,Spain,17,14,17,17,3,17,23,,
2019,final,Sweden,Switzerland,10,2,1,2,8,1,4,,
2019,final,Sweden,United Kingdom,16,13,6,22,11,18,6,,
2019,final,Switzerland,Albania,2,17,17,21,7,20,19,,
2019,final,Switzerland,Australia,13,7,9,6,4,22,12,,
2019,final,Switzerland,Azerbaijan,12,12,16,16,12,4,13,,
2019,final,Switzerland,Belarus,24,14,10,13,21,7,15,,
2019,final,Switzerland,Cyprus,21,19,15,20,23,10,16,,
2019,final,Switzerland,Czechia,19,11,12,9,14,9,8,,
2019,final,Switzerland,Denmark,10,13,18,7,8,13,22,,
2019,final,Switzerland,Estonia,15,20,20,17,17,15,11,,
2019,final,Switzerland,France,8,9,6,12,6,17,9,,
2019,final,Switzerland,Germany,11,5,4,18,9,5,7,,
2019,final,Switzerland,Greece,23,25,25,25,25,24,24,,
2019,final,Switzerland,Iceland,17,16,21,14,11,8,18,,
2019,final,Switzerland,Israel,18,21,19,24,22,19,14,,
2019,final,Switzerland,Italy,1,6,8,11,2,18,17,,
2019,final,Switzerland,Malta,20,15,11,8,15,11,20,,
2019,final,Switzerland,Netherlands,5,2,3,4,3,1,2,,
2019,final,Switzerland,North Macedonia,9,1,1,2,1,2,3,,
2019,final,Switzerland,Norway,3,4,5,3,5,6,4,,
2019,final,Switzerland,Russia,14,8,14,5,13,12,5,,
2019,final,Switzerland,San Marino,25,24,24,22,24,25,25,,
2019,final,Switzerland,Serbia,4,18,13,15,20,16,10,,
2019,final,Switzerland,Slovenia,16,22,23,19,18,21,21,,
2019,final,Switzerland,Spain,6,23,22,23,19,23,23,,
2019,final,Switzerland,Sweden,7,3,2,1,10,3,1,,
2019,final,Switzerland,United Kingdom,22,10,7,10,16,14,6,,
2019,final,United Kingdom,Albania,20,13,12,9,8,20,16,,
2019,final,United Kingdom,Australia,2,3,1,4,10,1,4,,
2019,final,United Kingdom,Azerbaijan,8,4,8,8,4,5,3,,
2019,final,United Kingdom,Belarus,22,18,18,20,15,13,12,,
2019,final,United Kingdom,Cyprus,10,19,23,17,19,17,11,,
2019,final,United Kingdom,Czechia,16,10,10,12,12,3,23,,
2019,final,United Kingdom,Denmark,5,8,5,6,21,4,17,,
2019,final,United Kingdom,Estonia,12,12,21,11,7,16,9,,
2019,final,United Kingdom,France,14,9,20,3,9,10,7,,
2019,final,United Kingdom,Germany,24,23,19,16,18,19,21,,
2019,final,United Kingdom,Greece,19,24,25,22,22,22,19,,
2019,final,United Kingdom,Iceland,3,22,24,21,16,23,14,,
2019,final,United Kingdom,Israel,17,21,17,19,17,18,18,,
2019,final,United Kingdom,Italy,11,15,11,18,20,9,25,,
2019,final,United Kingdom,Malta,15,14,14,15,13,14,10,,
2019,final,United Kingdom,Netherlands,7,5,13,7,3,11,5,,
2019,final,United Kingdom,North Macedonia,18,1,2,1,2,2,2,,
2019,final,United Kingdom,Norway,1,11,4,10,11,12,15,,
2019,final,United Kingdom,Russia,13,7,15,5,6,6,8,,
2019,final,United Kingdom,San Marino,21,25,22,25,24,25,20,,
2019,final,United Kingdom,Serbia,25,16,16,13,14,15,13,,
2019,final,United Kingdom,Slovenia,23,20,9,23,25,24,24,,
2019,final,United Kingdom,Spain,9,17,7,24,23,21,22,,
2019,final,United Kingdom,Sweden,6,2,3,2,1,8,1,,
2019,final,United Kingdom,Switzerland,4,6,6,14,5,7,6,,
2021,semi-final-1,Australia,Azerbaijan,10,6,3,10,11,9,4,,
2021,semi-final-1,Australia,Belgium,11,12,9,11,10,13,13,,
2021,semi-final-1,Australia,Croatia,6,13,13,15,14,6,15,,
2021,semi-final-1,Australia,Cyprus,5,2,2,3,2,2,2,,
2021,semi-final-1,Australia,Ireland,9,8,12,12,4,4,8,,
2021,semi-final-1,Australia,Israel,7,3,5,5,13,1,6,,
2021,semi-final-1,Australia,Lithuania,3,9,7,7,8,7,10,,
2021,semi-final-1,Australia,Malta,2,1,1,2,1,3,1,,
2021,semi-final-1,Australia,North Macedonia,13,15,15,13,12,12,12,,
2021,semi-final-1,Australia,Norway,8,10,8,8,7,8,9,,
2021,semi-final-1,Australia,Romania,14,11,11,6,6,10,11,,
2021,semi-final-1,Australia,Russia,4,4,6,4,3,5,7,,
2021,semi-final-1,Australia,Slovenia,15,14,10,14,15,11,14,,
2021,semi-final-1,Australia,Sweden,12,5,14,1,5,14,5,,
2021,semi-final-1,Australia,Ukraine,1,7,4,9,9,15,3,,
2021,semi-final-1,Azerbaijan,Australia,12,13,15,13,10,4,15,,
2021,semi-final-1,Azerbaijan,Belgium,11,9,5,4,13,15,10,,
2021,semi-final-1,Azerbaijan,Croatia,9,6,7,5,14,8,4,,
2021,semi-final-1,Azerbaijan,Cyprus,7,11,11,7,7,11,8,,
2021,semi-final-1,Azerbaijan,Ireland,14,8,2,14,15,6,12,,
2021,semi-final-1,Azerbaijan,Israel,1,10,13,12,4,7,9,,
2021,semi-final-1,Azerbaijan,Lithuania,8,15,9,10,9,14,11,,
2021,semi-final-1,Azerbaijan,Malta,5,2,3,11,1,1,5,,
2021,semi-final-1,Azerbaijan,North Macedonia,15,14,12,15,12,5,14,,
2021,semi-final-1,Azerbaijan,Norway,2,12,8,9,6,13,13,,
2021,semi-final-1,Azerbaijan,Romania,6,4,10,2,11,2,6,,
2021,semi-final-1,Azerbaijan,Russia,3,1,1,3,3,3,1,,
2021,semi-final-1,Azerbaijan,Slovenia,13,7,6,6,8,10,7,,
2021,semi-final-1,Azerbaijan,Sweden,10,5,14,1,5,12,3,,
2021,semi-final-1,Azerbaijan,Ukraine,4,3,4,8,2,9,2,,
2021,semi-final-1,Belgium,Australia,15,11,7,15,12,7,7,,
2021,semi-final-1,Belgium,Azerbaijan,6,14,14,13,11,14,14,,
2021,semi-final-1,Belgium,Croatia,11,10,6,7,14,9,11,,
2021,semi-final-1,Belgium,Cyprus,8,13,8,12,15,13,12,,
2021,semi-final-1,Belgium,Ireland,12,8,13,8,4,11,9,,
2021,semi-final-1,Belgium,Israel,7,7,5,9,7,12,4,,
2021,semi-final-1,Belgium,Lithuania,3,9,9,11,6,8,10,,
2021,semi-final-1,Belgium,Malta,1,3,3,1,8,6,2,,
2021,semi-final-1,Belgium,North Macedonia,13,15,11,14,13,15,15,,
2021,semi-final-1,Belgium,Norway,5,4,4,6,3,3,5,,
2021,semi-final-1,Belgium,Romania,10,6,15,5,5,5,8,,
2021,semi-final-1,Belgium,Russia,9,1,2,2,2,1,1,,
2021,semi-final-1,Belgium,Slovenia,14,12,12,10,9,10,13,,
2021,semi-final-1,Belgium,Sweden,4,5,10,3,10,4,6,,
2021,semi-final-1,Belgium,Ukraine,2,2,1,4,1,2,3,,
2021,semi-final-1,Croatia,Australia,15,9,10,3,12,9,14,,
2021,semi-final-1,Croatia,Azerbaijan,3,14,12,14,14,12,10,,
2021,semi-final-1,Croatia,Belgium,13,7,1,11,11,13,9,,
2021,semi-final-1,Croatia,Cyprus,5,2,11,2,3,2,1,,
2021,semi-final-1,Croatia,Ireland,14,15,13,13,13,14,12,,
2021,semi-final-1,Croatia,Israel,7,4,2,4,6,7,3,,
2021,semi-final-1,Croatia,Lithuania,8,5,4,8,2,4,6,,
2021,semi-final-1,Croatia,Malta,4,1,6,1,1,1,4,,
2021,semi-final-1,Croatia,North Macedonia,10,12,14,12,10,5,13,,
2021,semi-final-1,Croatia,Norway,9,13,5,15,15,15,11,,
2021,semi-final-1,Croatia,Romania,12,8,7,7,7,11,8,,
2021,semi-final-1,Croatia,Russia,2,3,8,5,4,3,2,,
2021,semi-final-1,Croatia,Slovenia,6,11,15,6,9,6,15,,
2021,semi-final-1,Croatia,Sweden,11,10,9,9,8,8,7,,
2021,semi-final-1,Croatia,Ukraine,1,6,3,10,5,10,5,,
2021,semi-final-1,Cyprus,Australia,14,14,13,10,14,8,14,,
2021,semi-final-1,Cyprus,Azerbaijan,7,13,11,8,12,7,7,,
2021,semi-final-1,Cyprus,Belgium,11,7,7,13,10,15,1,,
2021,semi-final-1,Cyprus,Croatia,9,6,9,7,8,6,4,,
2021,semi-final-1,Cyprus,Ireland,12,9,14,15,3,9,9,,
2021,semi-final-1,Cyprus,Israel,2,10,12,5,9,11,8,,
2021,semi-final-1,Cyprus,Lithuania,1,8,6,12,4,12,12,,
2021,semi-final-1,Cyprus,Malta,3,1,2,3,1,1,2,,
2021,semi-final-1,Cyprus,North Macedonia,15,15,15,11,13,14,15,,
2021,semi-final-1,Cyprus,Norway,10,12,4,9,15,10,11,,
2021,semi-final-1,Cyprus,Romania,6,2,1,1,6,3,3,,
2021,semi-final-1,Cyprus,Russia,4,3,5,4,2,5,5,,
2021,semi-final-1,Cyprus,Slovenia,13,5,8,6,7,4,6,,
2021,semi-final-1,Cyprus,Sweden,8,4,10,2,5,2,13,,
2021,semi-final-1,Cyprus,Ukraine,5,11,3,14,11,13,10,,
2021,semi-final-1,Germany,Australia,15,10,16,3,11,15,5,,
2021,semi-final-1,Germany,Azerbaijan,9,11,11,16,3,8,8,,
2021,semi-final-1,Germany,Belgium,8,14,15,11,10,7,7,,
2021,semi-final-1,Germany,Croatia,4,9,8,9,8,5,9,,
2021,semi-final-1,Germany,Cyprus,10,6,4,13,1,10,11,,
2021,semi-final-1,Germany,Ireland,13,12,12,4,6,14,13,,
2021,semi-final-1,Germany,Israel,6,8,7,6,7,12,6,,
2021,semi-final-1,Germany,Lithuania,1,7,6,14,4,4,10,,
2021,semi-final-1,Germany,Malta,3,2,10,7,2,2,2,,
2021,semi-final-1,Germany,North Macedonia,14,13,3,12,15,13,15,,
2021,semi-final-1,Germany,Norway,7,15,9,15,12,9,12,,
2021,semi-final-1,Germany,Romania,12,5,2,5,16,16,3,,
2021,semi-final-1,Germany,Russia,5,4,5,1,9,3,14,,
2021,semi-final-1,Germany,Slovenia,16,16,13,8,14,11,16,,
2021,semi-final-1,Germany,Sweden,11,1,1,10,5,6,1,,
2021,semi-final-1,Germany,Ukraine,2,3,14,2,13,1,4,,
2021,semi-final-1,Ireland,Australia,13,11,3,9,10,14,11,,
2021,semi-final-1,Ireland,Azerbaijan,11,4,4,6,6,5,3,,
2021,semi-final-1,Ireland,Belgium,12,13,10,7,12,8,14,,
2021,semi-final-1,Ireland,Croatia,4,2,8,8,2,1,2,,
2021,semi-final-1,Ireland,Cyprus,5,7,7,12,3,7,5,,
2021,semi-final-1,Ireland,Israel,6,12,9,11,7,12,6,,
2021,semi-final-1,Ireland,Lithuania,1,6,5,15,5,3,7,,
2021,semi-final-1,Ireland,Malta,2,1,1,3,1,4,8,,
2021,semi-final-1,Ireland,North Macedonia,14,9,14,1,9,11,15,,
2021,semi-final-1,Ireland,Norway,9,8,15,2,11,10,4,,
2021,semi-final-1,Ireland,Romania,8,15,11,14,13,13,12,,
2021,semi-final-1,Ireland,Russia,10,3,2,5,8,2,10,,
2021,semi-final-1,Ireland,Slovenia,15,14,13,10,15,9,13,,
2021,semi-final-1,Ireland,Sweden,7,10,6,13,4,15,9,,
2021,semi-final-1,Ireland,Ukraine,3,5,12,4,14,6,1,,
2021,semi-final-1,Israel,Australia,12,13,12,13,7,9,15,,
2021,semi-final-1,Israel,Azerbaijan,4,14,9,9,10,15,14,,
2021,semi-final-1,Israel,Belgium,10,4,5,3,5,2,5,,
2021,semi-final-1,Israel,Croatia,8,10,13,11,9,5,13,,
2021,semi-final-1,Israel,Cyprus,5,2,3,1,1,4,3,,
2021,semi-final-1,Israel,Ireland,13,11,14,10,12,11,6,,
2021,semi-final-1,Israel,Lithuania,6,1,1,4,2,1,1,,
2021,semi-final-1,Israel,Malta,2,3,2,2,4,14,2,,
2021,semi-final-1,Israel,North Macedonia,14,15,15,14,15,12,10,,
2021,semi-final-1,Israel,Norway,7,9,8,15,13,6,9,,
2021,semi-final-1,Israel,Romania,11,12,11,8,11,10,12,,
2021,semi-final-1,Israel,Russia,1,5,6,5,3,3,4,,
2021,semi-final-1,Israel,Slovenia,15,8,10,6,14,8,11,,
2021,semi-final-1,Israel,Sweden,9,6,7,7,6,7,8,,
2021,semi-final-1,Israel,Ukraine,3,7,4,12,8,13,7,,
2021,semi-final-1,Italy,Australia,15,14,15,13,14,13,11,,
2021,semi-final-1,Italy,Azerbaijan,6,11,7,10,10,12,10,,
2021,semi-final-1,Italy,Belgium,7,2,3,5,1,1,2,,
2021,semi-final-1,Italy,Croatia,11,9,5,11,11,15,8,,
2021,semi-final-1,Italy,Cyprus,9,8,6,9,9,11,9,,
2021,semi-final-1,Italy,Ireland,13,10,14,7,7,10,14,,
2021,semi-final-1,Italy,Israel,8,1,1,1,2,2,5,,
2021,semi-final-1,Italy,Lithuania,3,4,2,4,8,4,7,,
2021,semi-final-1,Italy,Malta,5,3,4,2,4,7,1,,
2021,semi-final-1,Italy,North Macedonia,14,16,16,14,15,16,16,,
2021,semi-final-1,Italy,Norway,10,5,10,3,6,6,3,,
2021,semi-final-1,Italy,Romania,2,15,12,12,13,14,15,,
2021,semi-final-1,Italy,Russia,4,6,9,8,3,3,6,,
2021,semi-final-1,Italy,Slovenia,16,13,11,15,16,9,12,,
2021,semi-final-1,Italy,Sweden,12,7,8,6,5,8,4,,
2021,semi-final-1,Italy,Ukraine,1,12,13,16,12,5,13,,
2021,semi-final-1,Lithuania,Australia,11,3,3,4,7,9,1,,
2021,semi-final-1,Lithuania,Azerbaijan,8,14,13,10,14,12,10,,
2021,semi-final-1,Lithuania,Belgium,2,2,2,2,2,7,4,,
2021,semi-final-1,Lithuania,Croatia,12,10,7,11,13,3,11,,
2021,semi-final-1,Lithuania,Cyprus,7,7,6,15,6,6,3,,
2021,semi-final-1,Lithuania,Ireland,10,12,12,7,12,13,14,,
2021,semi-final-1,Lithuania,Israel,9,4,10,3,5,2,5,,
2021,semi-final-1,Lithuania,Malta,4,5,5,6,1,8,7,,
2021,semi-final-1,Lithuania,North Macedonia,15,13,15,8,10,14,13,,
2021,semi-final-1,Lithuania,Norway,5,9,14,12,3,4,12,,
2021,semi-final-1,Lithuania,Romania,13,6,4,5,11,5,8,,
2021,semi-final-1,Lithuania,Russia,3,11,9,14,9,10,15,,
2021,semi-final-1,Lithuania,Slovenia,14,15,11,13,15,15,9,,
2021,semi-final-1,Lithuania,Sweden,6,8,8,9,8,11,2,,
2021,semi-final-1,Lithuania,Ukraine,1,1,1,1,4,1,6,,
2021,semi-final-1,Malta,Australia,12,12,14,3,10,9,12,,
2021,semi-final-1,Malta,Azerbaijan,3,5,3,8,13,6,2,,
2021,semi-final-1,Malta,Belgium,13,13,8,14,4,12,10,,
2021,semi-final-1,Malta,Croatia,14,8,7,7,11,4,8,,
2021,semi-final-1,Malta,Cyprus,1,3,6,1,8,3,15,,
2021,semi-final-1,Malta,Ireland,10,9,15,13,5,2,13,,
2021,semi-final-1,Malta,Israel,6,15,9,11,12,13,6,,
2021,semi-final-1,Malta,Lithuania,4,7,4,6,14,15,4,,
2021,semi-final-1,Malta,North Macedonia,11,14,5,10,15,11,7,,
2021,semi-final-1,Malta,Norway,5,11,12,12,3,10,9,,
2021,semi-final-1,Malta,Romania,8,1,10,2,1,5,3,,
2021,semi-final-1,Malta,Russia,9,10,11,5,7,14,5,,
2021,semi-final-1,Malta,Slovenia,15,6,13,9,6,7,1,,
2021,semi-final-1,Malta,Sweden,2,2,2,4,9,1,14,,
2021,semi-final-1,Malta,Ukraine,7,4,1,15,2,8,11,,
2021,semi-final-1,Netherlands,Australia,16,14,13,12,11,14,12,,
2021,semi-final-1,Netherlands,Azerbaijan,7,9,6,11,7,12,7,,
2021,semi-final-1,Netherlands,Belgium,4,2,3,3,1,2,2,,
2021,semi-final-1,Netherlands,Croatia,13,12,14,13,8,13,11,,
2021,semi-final-1,Netherlands,Cyprus,10,16,11,14,14,16,15,,
2021,semi-final-1,Netherlands,Ireland,11,13,10,15,10,11,14,,
2021,semi-final-1,Netherlands,Israel,5,3,4,1,2,4,5,,
2021,semi-final-1,Netherlands,Lithuania,3,8,9,6,6,10,9,,
2021,semi-final-1,Netherlands,Malta,1,4,2,5,5,3,3,,
2021,semi-final-1,Netherlands,North Macedonia,12,15,16,16,16,9,16,,
2021,semi-final-1,Netherlands,Norway,8,7,5,8,12,15,4,,
2021,semi-final-1,Netherlands,Romania,14,10,12,9,15,8,10,,
2021,semi-final-1,Netherlands,Russia,6,1,1,2,4,1,1,,
2021,semi-final-1,Netherlands,Slovenia,15,11,15,10,13,7,13,,
2021,semi-final-1,Netherlands,Sweden,9,6,8,7,9,5,8,,
2021,semi-final-1,Netherlands,Ukraine,2,5,7,4,3,6,6,,
2021,semi-final-1,North Macedonia,Australia,15,12,10,9,11,10,10,,
2021,semi-final-1,North Macedonia,Azerbaijan,4,5,15,5,4,6,4,,
2021,semi-final-1,North Macedonia,Belgium,9,15,13,14,15,12,11,,
2021,semi-final-1,North Macedonia,Croatia,1,3,2,6,2,8,5,,
2021,semi-final-1,North Macedonia,Cyprus,5,7,6,8,6,11,6,,
2021,semi-final-1,North Macedonia,Ireland,14,14,12,11,14,14,13,,
2021,semi-final-1,North Macedonia,Israel,10,1,1,1,1,1,2,,
2021,semi-final-1,North Macedonia,Lithuania,7,13,14,15,13,7,15,,
2021,semi-final-1,North Macedonia,Malta,2,2,3,2,3,2,1,,
2021,semi-final-1,North Macedonia,Norway,12,9,11,4,5,15,14,,
2021,semi-final-1,North Macedonia,Romania,11,11,5,13,12,13,12,,
2021,semi-final-1,North Macedonia,Russia,3,4,4,3,10,3,7,,
2021,semi-final-1,North Macedonia,Slovenia,8,8,9,7,9,4,9,,
2021,semi-final-1,North Macedonia,Sweden,13,10,8,10,8,9,8,,
2021,semi-final-1,North Macedonia,Ukraine,6,6,7,12,7,5,3,,
2021,semi-final-1,Norway,Australia,15,14,12,13,14,9,9,,
2021,semi-final-1,Norway,Azerbaijan,5,5,5,5,5,10,4,,
2021,semi-final-1,Norway,Belgium,9,11,8,11,9,15,12,,
2021,semi-final-1,Norway,Croatia,10,12,11,12,11,7,15,,
2021,semi-final-1,Norway,Cyprus,8,6,6,8,8,6,3,,
2021,semi-final-1,Norway,Ireland,13,10,9,14,12,5,5,,
2021,semi-final-1,Norway,Israel,6,3,3,3,3,8,7,,
2021,semi-final-1,Norway,Lithuania,1,13,14,9,15,11,8,,
2021,semi-final-1,Norway,Malta,3,1,2,1,1,1,2,,
2021,semi-final-1,Norway,North Macedonia,12,15,15,10,13,14,10,,
2021,semi-final-1,Norway,Romania,11,9,4,15,10,4,13,,
2021,semi-final-1,Norway,Russia,7,8,13,4,4,12,11,,
2021,semi-final-1,Norway,Slovenia,14,7,7,6,7,13,6,,
2021,semi-final-1,Norway,Sweden,2,2,1,7,2,2,1,,
2021,semi-final-1,Norway,Ukraine,4,4,10,2,6,3,14,,
2021,semi-final-1,Romania,Australia,15,9,3,15,9,8,15,,
2021,semi-final-1,Romania,Azerbaijan,4,12,9,13,15,7,9,,
2021,semi-final-1,Romania,Belgium,10,13,10,12,11,14,6,,
2021,semi-final-1,Romania,Croatia,14,10,11,11,12,9,5,,
2021,semi-final-1,Romania,Cyprus,7,8,13,5,7,4,12,,
2021,semi-final-1,Romania,Ireland,13,11,14,9,6,15,8,,
2021,semi-final-1,Romania,Israel,2,14,7,10,13,11,13,,
2021,semi-final-1,Romania,Lithuania,5,3,2,6,5,2,7,,
2021,semi-final-1,Romania,Malta,3,1,1,1,1,1,1,,
2021,semi-final-1,Romania,North Macedonia,9,5,4,8,4,10,4,,
2021,semi-final-1,Romania,Norway,8,15,12,14,14,12,11,,
2021,semi-final-1,Romania,Russia,6,6,6,2,8,6,14,,
2021,semi-final-1,Romania,Slovenia,12,4,5,7,2,13,3,,
2021,semi-final-1,Romania,Sweden,11,7,15,3,10,5,10,,
2021,semi-final-1,Romania,Ukraine,1,2,8,4,3,3,2,,
2021,semi-final-1,Russia,Australia,10,10,10,13,8,3,15,,
2021,semi-final-1,Russia,Azerbaijan,2,7,4,12,5,11,7,,
2021,semi-final-1,Russia,Belgium,8,5,9,11,3,1,10,,
2021,semi-final-1,Russia,Croatia,12,8,5,5,9,7,11,,
2021,semi-final-1,Russia,Cyprus,6,3,2,4,1,6,4,,
2021,semi-final-1,Russia,Ireland,13,12,11,7,12,9,13,,
2021,semi-final-1,Russia,Israel,7,2,3,1,4,5,2,,
2021,semi-final-1,Russia,Lithuania,4,9,7,6,7,10,8,,
2021,semi-final-1,Russia,Malta,3,1,1,3,2,2,5,,
2021,semi-final-1,Russia,North Macedonia,15,14,12,9,14,15,9,,
2021,semi-final-1,Russia,Norway,5,13,14,8,10,14,12,,
2021,semi-final-1,Russia,Romania,11,15,15,10,15,13,14,,
2021,semi-final-1,Russia,Slovenia,14,11,13,15,11,12,3,,
2021,semi-final-1,Russia,Sweden,9,4,8,14,6,4,1,,
2021,semi-final-1,Russia,Ukraine,1,6,6,2,13,8,6,,
2021,semi-final-1,Slovenia,Australia,15,14,11,12,15,11,15,,
2021,semi-final-1,Slovenia,Azerbaijan,8,3,4,8,1,3,5,,
2021,semi-final-1,Slovenia,Belgium,7,6,1,10,5,4,13,,
2021,semi-final-1,Slovenia,Croatia,1,4,5,5,4,8,1,,
2021,semi-final-1,Slovenia,Cyprus,10,1,3,3,2,1,2,,
2021,semi-final-1,Slovenia,Ireland,14,15,15,14,12,15,12,,
2021,semi-final-1,Slovenia,Israel,11,9,13,9,6,6,10,,
2021,semi-final-1,Slovenia,Lithuania,12,12,10,13,10,10,11,,
2021,semi-final-1,Slovenia,Malta,6,5,6,1,7,5,4,,
2021,semi-final-1,Slovenia,North Macedonia,3,7,8,4,3,13,14,,
2021,semi-final-1,Slovenia,Norway,5,8,7,6,9,9,9,,
2021,semi-final-1,Slovenia,Romania,13,13,14,15,13,14,7,,
2021,semi-final-1,Slovenia,Russia,4,2,2,2,14,2,3,,
2021,semi-final-1,Slovenia,Sweden,9,11,12,7,8,12,8,,
2021,semi-final-1,Slovenia,Ukraine,2,10,9,11,11,7,6,,
2021,semi-final-1,Sweden,Australia,14,11,12,5,10,7,11,,
2021,semi-final-1,Sweden,Azerbaijan,10,8,5,3,6,8,9,,
2021,semi-final-1,Sweden,Belgium,6,9,11,2,14,4,12,,
2021,semi-final-1,Sweden,Croatia,9,15,10,13,15,12,10,,
2021,semi-final-1,Sweden,Cyprus,7,7,4,6,8,11,2,,
2021,semi-final-1,Sweden,Ireland,11,10,6,11,13,10,5,,
2021,semi-final-1,Sweden,Israel,5,2,1,10,7,3,7,,
2021,semi-final-1,Sweden,Lithuania,2,4,9,12,2,2,6,,
2021,semi-final-1,Sweden,Malta,3,1,3,1,4,5,1,,
2021,semi-final-1,Sweden,North Macedonia,13,13,13,14,5,13,14,,
2021,semi-final-1,Sweden,Norway,1,3,2,4,9,9,4,,
2021,semi-final-1,Sweden,Romania,12,12,7,8,12,15,15,,
2021,semi-final-1,Sweden,Russia,8,5,8,7,3,6,3,,
2021,semi-final-1,Sweden,Slovenia,15,14,14,9,11,14,8,,
2021,semi-final-1,Sweden,Ukraine,4,6,15,15,1,1,13,,
2021,semi-final-1,Ukraine,Australia,10,1,1,2,4,3,1,,
2021,semi-final-1,Ukraine,Azerbaijan,2,11,9,8,11,9,7,,
2021,semi-final-1,Ukraine,Belgium,6,2,3,4,5,5,2,,
2021,semi-final-1,Ukraine,Croatia,12,3,8,3,2,1,9,,
2021,semi-final-1,Ukraine,Cyprus,7,9,11,6,6,8,14,,
2021,semi-final-1,Ukraine,Ireland,13,14,13,11,14,14,15,,
2021,semi-final-1,Ukraine,Israel,4,5,2,5,8,2,10,,
2021,semi-final-1,Ukraine,Lithuania,1,10,4,7,13,12,13,,
2021,semi-final-1,Ukraine,Malta,3,6,10,12,3,4,4,,
2021,semi-final-1,Ukraine,North Macedonia,14,12,12,13,12,11,5,,
2021,semi-final-1,Ukraine,Norway,9,13,14,9,10,13,12,,
2021,semi-final-1,Ukraine,Romania,11,4,6,1,1,10,8,,
2021,semi-final-1,Ukraine,Russia,5,15,15,15,15,15,11,,
2021,semi-final-1,Ukraine,Slovenia,15,7,5,10,9,7,3,,
2021,semi-final-1,Ukraine,Sweden,8,8,7,14,7,6,6,,
2021,semi-final-2,Albania,Austria,8,4,2,10,3,5,9,,
2021,semi-final-2,Albania,Bulgaria,3,9,9,6,11,14,4,,
2021,semi-final-2,Albania,Czechia,11,13,11,15,14,11,16,,
2021,semi-final-2,Albania,Denmark,9,16,14,16,16,12,14,,
2021,semi-final-2,Albania,Estonia,15,12,15,14,12,16,8,,
2021,semi-final-2,Albania,Finland,6,5,3,9,7,2,13,,
2021,semi-final-2,Albania,Georgia,12,14,16,12,13,13,12,,
2021,semi-final-2,Albania,Greece,2,2,4,2,4,3,2,,
2021,semi-final-2,Albania,Iceland,10,7,8,4,8,8,6,,
2021,semi-final-2,Albania,Latvia,13,11,6,11,10,10,10,,
2021,semi-final-2,Albania,Moldova,16,8,13,5,6,9,5,,
2021,semi-final-2,Albania,Poland,14,15,12,13,15,15,15,,
2021,semi-final-2,Albania,Portugal,5,10,10,8,9,7,11,,
2021,semi-final-2,Albania,San Marino,4,3,5,3,2,4,3,,
2021,semi-final-2,Albania,Serbia,7,6,7,7,5,6,7,,
2021,semi-final-2,Albania,Switzerland,1,1,1,1,1,1,1,,
2021,semi-final-2,Austria,Albania,9,8,9,6,8,10,8,,
2021,semi-final-2,Austria,Bulgaria,7,3,3,3,3,1,3,,
2021,semi-final-2,Austria,Czechia,15,12,12,12,11,6,11,,
2021,semi-final-2,Austria,Denmark,8,7,10,13,4,5,7,,
2021,semi-final-2,Austria,Estonia,11,13,13,10,13,14,12,,
2021,semi-final-2,Austria,Finland,6,6,5,7,5,13,6,,
2021,semi-final-2,Austria,Georgia,12,16,16,15,16,15,15,,
2021,semi-final-2,Austria,Greece,13,11,8,9,12,8,14,,
2021,semi-final-2,Austria,Iceland,2,2,1,2,2,3,4,,
2021,semi-final-2,Austria,Latvia,16,14,14,16,9,11,16,,
2021,semi-final-2,Austria,Moldova,5,9,11,11,14,9,5,,
2021,semi-final-2,Austria,Poland,10,15,15,14,15,16,13,,
2021,semi-final-2,Austria,Portugal,4,4,4,4,6,2,1,,
2021,semi-final-2,Austria,San Marino,14,10,7,8,10,12,10,,
2021,semi-final-2,Austria,Serbia,1,5,6,5,7,4,9,,
2021,semi-final-2,Austria,Switzerland,3,1,2,1,1,7,2,,
2021,semi-final-2,Bulgaria,Albania,7,7,9,8,4,11,7,,
2021,semi-final-2,Bulgaria,Austria,12,5,5,6,6,5,4,,
2021,semi-final-2,Bulgaria,Czechia,14,6,4,5,9,10,13,,
2021,semi-final-2,Bulgaria,Denmark,8,11,11,11,12,6,9,,
2021,semi-final-2,Bulgaria,Estonia,10,4,8,4,5,4,5,,
2021,semi-final-2,Bulgaria,Finland,1,12,16,7,13,12,8,,
2021,semi-final-2,Bulgaria,Georgia,9,10,3,16,14,14,12,,
2021,semi-final-2,Bulgaria,Greece,3,2,2,2,2,2,2,,
2021,semi-final-2,Bulgaria,Iceland,5,16,14,12,16,16,15,,
2021,semi-final-2,Bulgaria,Latvia,13,14,7,14,11,13,16,,
2021,semi-final-2,Bulgaria,Moldova,16,1,1,1,1,1,1,,
2021,semi-final-2,Bulgaria,Poland,15,8,6,15,8,8,6,,
2021,semi-final-2,Bulgaria,Portugal,6,3,10,3,3,3,3,,
2021,semi-final-2,Bulgaria,San Marino,11,9,12,9,7,7,10,,
2021,semi-final-2,Bulgaria,Serbia,2,13,13,10,10,9,14,,
2021,semi-final-2,Bulgaria,Switzerland,4,15,15,13,15,15,11,,
2021,semi-final-2,Czechia,Albania,12,10,7,10,9,10,12,,
2021,semi-final-2,Czechia,Austria,14,13,12,9,10,13,11,,
2021,semi-final-2,Czechia,Bulgaria,5,4,13,4,5,2,2,,
2021,semi-final-2,Czechia,Denmark,8,8,15,6,11,5,9,,
2021,semi-final-2,Czechia,Estonia,10,11,10,12,16,11,7,,
2021,semi-final-2,Czechia,Finland,3,5,4,5,4,4,6,,
2021,semi-final-2,Czechia,Georgia,16,15,16,13,12,12,16,,
2021,semi-final-2,Czechia,Greece,9,6,8,8,6,9,4,,
2021,semi-final-2,Czechia,Iceland,2,2,2,2,2,3,1,,
2021,semi-final-2,Czechia,Latvia,15,16,11,16,13,16,15,,
2021,semi-final-2,Czechia,Moldova,1,12,5,15,14,14,13,,
2021,semi-final-2,Czechia,Poland,13,14,14,14,15,15,8,,
2021,semi-final-2,Czechia,Portugal,7,1,3,1,1,1,3,,
2021,semi-final-2,Czechia,San Marino,11,9,9,11,7,8,10,,
2021,semi-final-2,Czechia,Serbia,6,7,6,7,8,7,14,,
2021,semi-final-2,Czechia,Switzerland,4,3,1,3,3,6,5,,
2021,semi-final-2,Denmark,Albania,14,2,1,13,2,4,8,,
2021,semi-final-2,Denmark,Austria,7,8,3,7,13,16,6,,
2021,semi-final-2,Denmark,Bulgaria,6,5,10,2,3,10,5,,
2021,semi-final-2,Denmark,Czechia,16,11,13,8,8,6,13,,
2021,semi-final-2,Denmark,Estonia,5,14,11,9,12,13,11,,
2021,semi-final-2,Denmark,Finland,2,4,4,3,7,9,4,,
2021,semi-final-2,Denmark,Georgia,10,15,16,6,16,14,16,,
2021,semi-final-2,Denmark,Greece,8,9,14,12,9,3,12,,
2021,semi-final-2,Denmark,Iceland,1,3,5,10,6,2,2,,
2021,semi-final-2,Denmark,Latvia,15,16,9,16,11,15,15,,
2021,semi-final-2,Denmark,Moldova,13,12,15,5,10,12,14,,
2021,semi-final-2,Denmark,Poland,12,10,12,14,5,7,10,,
2021,semi-final-2,Denmark,Portugal,3,7,7,4,15,11,3,,
2021,semi-final-2,Denmark,San Marino,9,6,2,11,4,5,7,,
2021,semi-final-2,Denmark,Serbia,11,13,8,15,14,8,9,,
2021,semi-final-2,Denmark,Switzerland,4,1,6,1,1,1,1,,
2021,semi-final-2,Estonia,Albania,13,9,9,14,8,8,6,,
2021,semi-final-2,Estonia,Austria,12,7,6,5,13,6,9,,
2021,semi-final-2,Estonia,Bulgaria,9,2,4,3,4,2,3,,
2021,semi-final-2,Estonia,Czechia,16,11,14,8,9,10,15,,
2021,semi-final-2,Estonia,Denmark,3,14,12,9,16,12,14,,
2021,semi-final-2,Estonia,Finland,2,4,5,6,1,1,11,,
2021,semi-final-2,Estonia,Georgia,8,12,10,15,12,14,8,,
2021,semi-final-2,Estonia,Greece,11,8,8,7,7,7,12,,
2021,semi-final-2,Estonia,Iceland,4,3,1,2,3,9,4,,
2021,semi-final-2,Estonia,Latvia,10,15,15,12,11,16,10,,
2021,semi-final-2,Estonia,Moldova,1,13,13,10,14,11,13,,
2021,semi-final-2,Estonia,Poland,15,16,16,13,15,15,16,,
2021,semi-final-2,Estonia,Portugal,6,5,3,4,6,4,5,,
2021,semi-final-2,Estonia,San Marino,7,10,7,11,10,13,7,,
2021,semi-final-2,Estonia,Serbia,14,6,11,16,5,5,2,,
2021,semi-final-2,Estonia,Switzerland,5,1,2,1,2,3,1,,
2021,semi-final-2,Finland,Albania,8,7,4,10,8,11,10,,
2021,semi-final-2,Finland,Austria,14,6,8,6,6,7,12,,
2021,semi-final-2,Finland,Bulgaria,7,1,1,2,1,2,2,,
2021,semi-final-2,Finland,Czechia,15,13,16,14,16,10,5,,
2021,semi-final-2,Finland,Denmark,3,10,13,8,13,4,15,,
2021,semi-final-2,Finland,Estonia,4,12,11,11,15,8,6,,
2021,semi-final-2,Finland,Georgia,12,15,14,16,14,15,7,,
2021,semi-final-2,Finland,Greece,9,5,6,4,10,6,8,,
2021,semi-final-2,Finland,Iceland,1,3,5,3,2,3,1,,
2021,semi-final-2,Finland,Latvia,13,11,3,15,12,16,13,,
2021,semi-final-2,Finland,Moldova,6,14,9,13,9,12,11,,
2021,semi-final-2,Finland,Poland,16,16,15,12,11,13,14,,
2021,semi-final-2,Finland,Portugal,5,4,7,7,5,5,4,,
2021,semi-final-2,Finland,San Marino,10,9,12,5,7,14,9,,
2021,semi-final-2,Finland,Serbia,11,8,10,9,4,9,16,,
2021,semi-final-2,Finland,Switzerland,2,2,2,1,3,1,3,,
2021,semi-final-2,France,Albania,8,14,15,8,9,12,14,,
2021,semi-final-2,France,Austria,17,11,9,7,11,13,11,,
2021,semi-final-2,France,Bulgaria,6,7,16,15,1,5,12,,
2021,semi-final-2,France,Czechia,16,9,4,13,15,8,9,,
2021,semi-final-2,France,Denmark,7,15,13,17,16,17,8,,
2021,semi-final-2,France,Estonia,13,12,6,10,12,11,17,,
2021,semi-final-2,France,Finland,9,4,12,1,8,2,4,,
2021,semi-final-2,France,Georgia,14,13,10,9,10,9,15,,
2021,semi-final-2,France,Greece,11,1,3,2,4,1,1,,
2021,semi-final-2,France,Iceland,5,5,7,4,6,14,3,,
2021,semi-final-2,France,Latvia,15,16,17,16,17,10,13,,
2021,semi-final-2,France,Moldova,1,10,8,11,13,7,7,,
2021,semi-final-2,France,Poland,10,17,11,14,14,16,16,,
2021,semi-final-2,France,Portugal,2,2,1,5,2,3,6,,
2021,semi-final-2,France,San Marino,12,3,5,3,3,6,2,,
2021,semi-final-2,France,Serbia,4,6,14,6,5,4,5,,
2021,semi-final-2,France,Switzerland,3,8,2,12,7,15,10,,
2021,semi-final-2,Georgia,Albania,9,11,11,10,16,8,11,,
2021,semi-final-2,Georgia,Austria,13,6,6,5,10,7,6,,
2021,semi-final-2,Georgia,Bulgaria,3,3,4,2,3,3,5,,
2021,semi-final-2,Georgia,Czechia,14,5,7,7,5,5,4,,
2021,semi-final-2,Georgia,Denmark,7,12,13,8,14,12,14,,
2021,semi-final-2,Georgia,Estonia,12,8,8,6,8,10,9,,
2021,semi-final-2,Georgia,Finland,5,7,5,11,6,6,7,,
2021,semi-final-2,Georgia,Greece,2,15,14,12,9,15,16,,
2021,semi-final-2,Georgia,Iceland,4,4,3,4,4,4,3,,
2021,semi-final-2,Georgia,Latvia,6,16,16,13,15,16,15,,
2021,semi-final-2,Georgia,Moldova,16,13,9,16,13,13,12,,
2021,semi-final-2,Georgia,Poland,15,14,15,9,12,14,13,,
2021,semi-final-2,Georgia,Portugal,11,2,1,1,2,2,2,,
2021,semi-final-2,Georgia,San Marino,1,10,12,15,11,9,8,,
2021,semi-final-2,Georgia,Serbia,10,9,10,14,7,11,10,,
2021,semi-final-2,Georgia,Switzerland,8,1,2,3,1,1,1,,
2021,semi-final-2,Greece,Albania,2,5,8,10,7,3,6,,
2021,semi-final-2,Greece,Austria,14,13,12,14,4,15,8,,
2021,semi-final-2,Greece,Bulgaria,5,3,5,4,5,2,2,,
2021,semi-final-2,Greece,Czechia,15,7,11,15,3,14,5,,
2021,semi-final-2,Greece,Denmark,10,15,16,16,11,11,15,,
2021,semi-final-2,Greece,Estonia,13,10,9,9,13,4,9,,
2021,semi-final-2,Greece,Finland,3,16,15,11,16,16,16,,
2021,semi-final-2,Greece,Georgia,11,14,13,8,14,9,10,,
2021,semi-final-2,Greece,Iceland,6,4,6,1,10,10,13,,
2021,semi-final-2,Greece,Latvia,12,12,3,12,12,12,14,,
2021,semi-final-2,Greece,Moldova,1,1,1,2,1,1,1,,
2021,semi-final-2,Greece,Poland,16,9,10,7,9,6,7,,
2021,semi-final-2,Greece,Portugal,8,6,14,6,8,8,4,,
2021,semi-final-2,Greece,San Marino,9,2,2,3,2,7,3,,
2021,semi-final-2,Greece,Serbia,7,8,7,5,15,5,12,,
2021,semi-final-2,Greece,Switzerland,4,11,4,13,6,13,11,,
2021,semi-final-2,Iceland,Albania,15,6,6,10,1,8,8,,
2021,semi-final-2,Iceland,Austria,9,7,5,9,6,11,4,,
2021,semi-final-2,Iceland,Bulgaria,7,2,2,2,3,1,3,,
2021,semi-final-2,Iceland,Czechia,11,14,13,15,14,12,14,,
2021,semi-final-2,Iceland,Denmark,1,10,11,4,13,9,11,,
2021,semi-final-2,Iceland,Estonia,14,13,9,13,10,10,15,,
2021,semi-final-2,Iceland,Finland,2,5,4,7,9,3,5,,
2021,semi-final-2,Iceland,Georgia,16,16,15,16,16,16,16,,
2021,semi-final-2,Iceland,Greece,6,4,10,3,4,7,2,,
2021,semi-final-2,Iceland,Latvia,12,12,16,6,12,15,12,,
2021,semi-final-2,Iceland,Moldova,5,11,12,14,8,13,9,,
2021,semi-final-2,Iceland,Poland,10,15,14,12,15,14,13,,
2021,semi-final-2,Iceland,Portugal,3,3,3,8,2,2,6,,
2021,semi-final-2,Iceland,San Marino,8,8,7,11,7,5,7,,
2021,semi-final-2,Iceland,Serbia,13,9,8,5,11,6,10,,
2021,semi-final-2,Iceland,Switzerland,4,1,1,1,5,4,1,,
2021,semi-final-2,Latvia,Albania,14,6,2,12,12,8,9,,
2021,semi-final-2,Latvia,Austria,11,10,11,10,10,3,11,,
2021,semi-final-2,Latvia,Bulgaria,9,5,8,4,3,5,7,,
2021,semi-final-2,Latvia,Czechia,13,13,7,8,13,11,15,,
2021,semi-final-2,Latvia,Denmark,7,12,15,16,8,4,14,,
2021,semi-final-2,Latvia,Estonia,2,8,12,9,6,7,6,,
2021,semi-final-2,Latvia,Finland,3,4,3,6,5,9,4,,
2021,semi-final-2,Latvia,Georgia,8,15,16,7,14,12,16,,
2021,semi-final-2,Latvia,Greece,10,11,10,11,7,10,5,,
2021,semi-final-2,Latvia,Iceland,4,1,5,2,1,1,2,,
2021,semi-final-2,Latvia,Moldova,1,7,13,14,9,15,1,,
2021,semi-final-2,Latvia,Poland,16,16,14,15,16,13,10,,
2021,semi-final-2,Latvia,Portugal,6,3,9,3,2,6,8,,
2021,semi-final-2,Latvia,San Marino,12,9,4,5,11,14,12,,
2021,semi-final-2,Latvia,Serbia,15,14,6,13,15,16,13,,
2021,semi-final-2,Latvia,Switzerland,5,2,1,1,4,2,3,,
2021,semi-final-2,Moldova,Albania,9,6,6,5,6,10,4,,
2021,semi-final-2,Moldova,Austria,12,12,7,14,7,8,11,,
2021,semi-final-2,Moldova,Bulgaria,6,1,1,1,5,1,1,,
2021,semi-final-2,Moldova,Czechia,16,10,13,12,11,7,3,,
2021,semi-final-2,Moldova,Denmark,15,14,16,10,10,11,15,,
2021,semi-final-2,Moldova,Estonia,8,8,3,8,12,9,9,,
2021,semi-final-2,Moldova,Finland,3,15,14,15,8,16,13,,
2021,semi-final-2,Moldova,Georgia,13,16,15,16,16,13,16,,
2021,semi-final-2,Moldova,Greece,1,3,5,3,2,4,6,,
2021,semi-final-2,Moldova,Iceland,5,5,8,11,1,5,12,,
2021,semi-final-2,Moldova,Latvia,11,7,12,4,15,2,10,,
2021,semi-final-2,Moldova,Poland,4,11,11,7,13,6,8,,
2021,semi-final-2,Moldova,Portugal,7,9,10,13,3,15,5,,
2021,semi-final-2,Moldova,San Marino,14,2,4,2,9,3,2,,
2021,semi-final-2,Moldova,Serbia,10,13,9,9,14,12,14,,
2021,semi-final-2,Moldova,Switzerland,2,4,2,6,4,14,7,,
2021,semi-final-2,Poland,Albania,13,5,6,4,8,5,3,,
2021,semi-final-2,Poland,Austria,15,11,11,7,9,15,15,,
2021,semi-final-2,Poland,Bulgaria,7,6,8,10,4,3,5,,
2021,semi-final-2,Poland,Czechia,16,14,15,12,11,16,10,,
2021,semi-final-2,Poland,Denmark,5,16,14,13,16,13,16,,
2021,semi-final-2,Poland,Estonia,12,7,5,14,6,6,8,,
2021,semi-final-2,Poland,Finland,1,9,10,9,7,9,11,,
2021,semi-final-2,Poland,Georgia,8,12,13,11,15,14,9,,
2021,semi-final-2,Poland,Greece,11,1,2,1,3,1,4,,
2021,semi-final-2,Poland,Iceland,2,8,7,8,13,8,7,,
2021,semi-final-2,Poland,Latvia,14,13,12,15,12,10,14,,
2021,semi-final-2,Poland,Moldova,4,4,4,6,2,7,2,,
2021,semi-final-2,Poland,Portugal,6,10,9,5,14,11,13,,
2021,semi-final-2,Poland,San Marino,9,2,1,3,1,2,6,,
2021,semi-final-2,Poland,Serbia,10,15,16,16,10,12,12,,
2021,semi-final-2,Poland,Switzerland,3,3,3,2,5,4,1,,
2021,semi-final-2,Portugal,Albania,10,3,4,4,2,15,4,,
2021,semi-final-2,Portugal,Austria,12,9,13,5,12,13,5,,
2021,semi-final-2,Portugal,Bulgaria,6,1,2,1,1,1,3,,
2021,semi-final-2,Portugal,Czechia,14,6,3,2,13,6,13,,
2021,semi-final-2,Portugal,Denmark,7,12,11,16,16,3,15,,
2021,semi-final-2,Portugal,Estonia,13,10,14,3,9,11,12,,
2021,semi-final-2,Portugal,Finland,5,5,6,8,3,16,1,,
2021,semi-final-2,Portugal,Georgia,8,15,16,15,7,9,14,,
2021,semi-final-2,Portugal,Greece,2,8,8,10,6,8,7,,
2021,semi-final-2,Portugal,Iceland,4,2,1,6,4,2,10,,
2021,semi-final-2,Portugal,Latvia,15,14,12,14,14,12,6,,
2021,semi-final-2,Portugal,Moldova,1,13,9,13,11,7,11,,
2021,semi-final-2,Portugal,Poland,16,16,15,12,15,14,16,,
2021,semi-final-2,Portugal,San Marino,11,11,10,11,8,10,8,,
2021,semi-final-2,Portugal,Serbia,9,7,7,7,10,5,9,,
2021,semi-final-2,Portugal,Switzerland,3,4,5,9,5,4,2,,
2021,semi-final-2,San Marino,Albania,9,4,9,4,2,5,7,,
2021,semi-final-2,San Marino,Austria,13,14,10,13,14,9,8,,
2021,semi-final-2,San Marino,Bulgaria,7,6,7,9,12,8,3,,
2021,semi-final-2,San Marino,Czechia,16,12,4,11,9,13,15,,
2021,semi-final-2,San Marino,Denmark,10,15,15,6,16,11,12,,
2021,semi-final-2,San Marino,Estonia,12,13,13,10,11,10,5,,
2021,semi-final-2,San Marino,Finland,2,8,16,2,10,16,6,,
2021,semi-final-2,San Marino,Georgia,11,16,11,15,13,15,9,,
2021,semi-final-2,San Marino,Greece,6,2,3,8,1,4,1,,
2021,semi-final-2,San Marino,Iceland,3,10,14,5,6,7,13,,
2021,semi-final-2,San Marino,Latvia,15,11,8,12,4,14,11,,
2021,semi-final-2,San Marino,Moldova,1,3,5,3,3,6,4,,
2021,semi-final-2,San Marino,Poland,14,1,2,1,5,3,2,,
2021,semi-final-2,San Marino,Portugal,8,9,6,14,15,2,14,,
2021,semi-final-2,San Marino,Serbia,4,7,1,16,7,12,16,,
2021,semi-final-2,San Marino,Switzerland,5,5,12,7,8,1,10,,
2021,semi-final-2,Serbia,Albania,10,11,8,7,15,14,5,,
2021,semi-final-2,Serbia,Austria,14,8,3,5,10,11,6,,
2021,semi-final-2,Serbia,Bulgaria,5,2,12,1,5,2,3,,
2021,semi-final-2,Serbia,Czechia,12,14,13,13,9,13,13,,
2021,semi-final-2,Serbia,Denmark,9,16,15,16,16,15,16,,
2021,semi-final-2,Serbia,Estonia,13,10,10,11,7,5,10,,
2021,semi-final-2,Serbia,Finland,2,5,1,8,3,8,7,,
2021,semi-final-2,Serbia,Georgia,16,15,16,14,14,16,15,,
2021,semi-final-2,Serbia,Greece,3,3,7,4,2,3,8,,
2021,semi-final-2,Serbia,Iceland,4,1,2,10,1,10,1,,
2021,semi-final-2,Serbia,Latvia,11,12,9,9,12,9,12,,
2021,semi-final-2,Serbia,Moldova,1,7,6,3,11,4,14,,
2021,semi-final-2,Serbia,Poland,15,13,14,6,13,12,11,,
2021,semi-final-2,Serbia,Portugal,7,4,4,2,4,6,9,,
2021,semi-final-2,Serbia,San Marino,8,9,11,12,6,7,2,,
2021,semi-final-2,Serbia,Switzerland,6,6,5,15,8,1,4,,
2021,semi-final-2,Spain,Albania,11,9,8,13,6,12,8,,
2021,semi-final-2,Spain,Austria,12,5,6,6,8,3,5,,
2021,semi-final-2,Spain,Bulgaria,2,6,4,9,7,10,2,,
2021,semi-final-2,Spain,Czechia,15,12,13,10,11,8,17,,
2021,semi-final-2,Spain,Denmark,6,15,15,12,15,17,13,,
2021,semi-final-2,Spain,Estonia,14,10,10,14,9,9,10,,
2021,semi-final-2,Spain,Finland,5,11,17,8,13,14,7,,
2021,semi-final-2,Spain,Georgia,17,17,16,17,17,15,15,,
2021,semi-final-2,Spain,Greece,10,4,7,4,5,5,3,,
2021,semi-final-2,Spain,Iceland,3,3,3,3,2,4,6,,
2021,semi-final-2,Spain,Latvia,13,14,11,11,14,16,14,,
2021,semi-final-2,Spain,Moldova,8,13,12,15,12,11,9,,
2021,semi-final-2,Spain,Poland,16,16,14,16,16,13,16,,
2021,semi-final-2,Spain,Portugal,1,2,2,2,3,2,4,,
2021,semi-final-2,Spain,San Marino,7,8,5,7,10,6,12,,
2021,semi-final-2,Spain,Serbia,9,7,9,5,4,7,11,,
2021,semi-final-2,Spain,Switzerland,4,1,1,1,1,1,1,,
2021,semi-final-2,Switzerland,Albania,3,6,3,8,5,6,8,,
2021,semi-final-2,Switzerland,Austria,7,4,4,3,9,3,5,,
2021,semi-final-2,Switzerland,Bulgaria,8,1,1,1,2,1,2,,
2021,semi-final-2,Switzerland,Czechia,16,12,13,9,8,9,14,,
2021,semi-final-2,Switzerland,Denmark,6,14,16,11,15,13,10,,
2021,semi-final-2,Switzerland,Estonia,10,8,10,5,14,4,11,,
2021,semi-final-2,Switzerland,Finland,5,5,5,4,4,10,4,,
2021,semi-final-2,Switzerland,Georgia,14,16,14,16,13,16,16,,
2021,semi-final-2,Switzerland,Greece,9,10,7,14,6,7,9,,
2021,semi-final-2,Switzerland,Iceland,4,3,8,2,3,11,1,,
2021,semi-final-2,Switzerland,Latvia,15,11,2,12,11,14,13,,
2021,semi-final-2,Switzerland,Moldova,11,13,9,13,12,15,12,,
2021,semi-final-2,Switzerland,Poland,13,15,15,15,16,12,15,,
2021,semi-final-2,Switzerland,Portugal,2,2,11,7,1,2,3,,
2021,semi-final-2,Switzerland,San Marino,12,9,12,6,10,8,6,,
2021,semi-final-2,Switzerland,Serbia,1,7,6,10,7,5,7,,
2021,semi-final-2,United Kingdom,Albania,13,10,9,8,7,12,10,,
2021,semi-final-2,United Kingdom,Austria,15,11,13,12,8,10,6,,
2021,semi-final-2,United Kingdom,Bulgaria,2,4,5,7,3,5,4,,
2021,semi-final-2,United Kingdom,Czechia,16,12,11,17,10,9,11,,
2021,semi-final-2,United Kingdom,Denmark,6,15,16,10,14,16,14,,
2021,semi-final-2,United Kingdom,Estonia,14,9,10,9,13,4,16,,
2021,semi-final-2,United Kingdom,Finland,3,5,2,5,4,6,12,,
2021,semi-final-2,United Kingdom,Georgia,17,17,15,15,17,11,17,,
2021,semi-final-2,United Kingdom,Greece,10,13,12,11,15,13,9,,
2021,semi-final-2,United Kingdom,Iceland,1,1,3,1,1,1,2,,
2021,semi-final-2,United Kingdom,Latvia,7,16,17,14,12,17,13,,
2021,semi-final-2,United Kingdom,Moldova,11,8,14,16,11,15,1,,
2021,semi-final-2,United Kingdom,Poland,4,14,7,13,16,14,15,,
2021,semi-final-2,United Kingdom,Portugal,5,2,1,2,2,3,8,,
2021,semi-final-2,United Kingdom,San Marino,9,7,4,6,6,7,7,,
2021,semi-final-2,United Kingdom,Serbia,12,6,6,3,5,8,5,,
2021,semi-final-2,United Kingdom,Switzerland,8,3,8,4,9,2,3,,
2021,final,Albania,Azerbaijan,14,9,5,23,8,6,14,,
2021,final,Albania,Belgium,25,25,25,19,21,22,23,,
2021,final,Albania,Bulgaria,6,17,21,8,24,25,22,,
2021,final,Albania,Cyprus,9,4,8,4,6,5,3,,
2021,final,Albania,Finland,8,8,12,7,10,9,6,,
2021,final,Albania,France,5,2,2,3,2,1,2,,
2021,final,Albania,Germany,15,13,10,12,22,15,18,,
2021,final,Albania,Greece,3,5,4,5,9,10,4,,
2021,final,Albania,Iceland,21,11,11,10,11,13,8,,
2021,final,Albania,Israel,22,12,16,9,12,7,13,,
2021,final,Albania,Italy,2,7,7,21,3,4,16,,
2021,final,Albania,Lithuania,13,16,22,15,20,18,9,,
2021,final,Albania,Malta,12,3,3,2,4,3,7,,
2021,final,Albania,Moldova,4,20,20,11,23,24,25,,
2021,final,Albania,Netherlands,24,22,14,24,18,23,17,,
2021,final,Albania,Norway,19,23,23,13,25,20,19,,
2021,final,Albania,Portugal,23,18,15,20,17,12,21,,
2021,final,Albania,Russia,17,14,13,18,13,14,15,,
2021,final,Albania,San Marino,11,6,9,6,5,8,5,,
2021,final,Albania,Serbia,16,10,6,17,7,11,11,,
2021,final,Albania,Spain,18,19,18,16,19,21,12,,
2021,final,Albania,Sweden,10,15,19,14,16,19,10,,
2021,final,Albania,Switzerland,1,1,1,1,1,2,1,,
2021,final,Albania,Ukraine,7,21,17,25,15,16,20,,
2021,final,Albania,United Kingdom,20,24,24,22,14,17,24,,
2021,final,Australia,Albania,24,26,24,23,22,25,24,,
2021,final,Australia,Azerbaijan,17,21,21,13,19,20,17,,
2021,final,Australia,Belgium,23,25,25,22,21,23,26,,
2021,final,Australia,Bulgaria,16,9,17,11,9,6,7,,
2021,final,Australia,Cyprus,14,7,13,5,7,5,9,,
2021,final,Australia,Finland,8,18,15,25,23,16,8,,
2021,final,Australia,France,7,4,5,3,2,15,1,,
2021,final,Australia,Germany,19,22,26,26,26,26,10,,
2021,final,Australia,Greece,11,13,11,9,17,13,18,,
2021,final,Australia,Iceland,1,3,3,7,1,2,6,,
2021,final,Australia,Israel,15,14,9,14,14,12,25,,
2021,final,Australia,Italy,4,5,4,24,4,7,3,,
2021,final,Australia,Lithuania,5,11,8,12,10,17,20,,
2021,final,Australia,Malta,3,1,1,2,3,1,4,,
2021,final,Australia,Moldova,25,24,22,20,25,22,15,,
2021,final,Australia,Netherlands,22,8,7,16,6,3,13,,
2021,final,Australia,Norway,10,23,20,17,18,18,16,,
2021,final,Australia,Portugal,18,15,10,15,15,10,23,,
2021,final,Australia,Russia,12,10,16,10,13,9,14,,
2021,final,Australia,San Marino,13,17,14,19,12,19,11,,
2021,final,Australia,Serbia,9,12,23,6,20,24,12,,
2021,final,Australia,Spain,26,19,19,8,16,21,21,,
2021,final,Australia,Sweden,20,16,12,18,11,14,19,,
2021,final,Australia,Switzerland,6,2,2,1,8,4,2,,
2021,final,Australia,Ukraine,2,6,6,4,5,11,5,,
2021,final,Australia,United Kingdom,21,20,18,21,24,8,22,,
2021,final,Austria,Albania,13,26,25,24,18,22,19,,
2021,final,Austria,Azerbaijan,17,25,24,19,22,19,20,,
2021,final,Austria,Belgium,21,17,16,17,14,20,10,,
2021,final,Austria,Bulgaria,11,6,9,3,9,2,7,,
2021,final,Austria,Cyprus,20,16,13,25,21,15,9,,
2021,final,Austria,Finland,7,10,7,10,8,9,15,,
2021,final,Austria,France,5,3,5,1,2,7,6,,
2021,final,Austria,Germany,15,9,18,9,7,5,26,,
2021,final,Austria,Greece,19,18,12,21,25,12,13,,
2021,final,Austria,Iceland,2,1,1,5,3,1,8,,
2021,final,Austria,Israel,18,19,14,12,20,16,17,,
2021,final,Austria,Italy,3,5,3,7,1,11,2,,
2021,final,Austria,Lithuania,8,15,11,13,15,21,14,,
2021,final,Austria,Malta,9,7,8,6,11,3,22,,
2021,final,Austria,Moldova,24,21,22,22,26,23,11,,
2021,final,Austria,Netherlands,23,8,10,8,6,10,5,,
2021,final,Austria,Norway,10,13,6,18,24,26,16,,
2021,final,Austria,Portugal,14,4,4,4,5,6,1,,
2021,final,Austria,Russia,12,11,23,20,12,17,3,,
2021,final,Austria,San Marino,22,22,17,26,23,13,24,,
2021,final,Austria,Serbia,1,14,19,11,10,18,18,,
2021,final,Austria,Spain,25,12,15,23,13,8,12,,
2021,final,Austria,Sweden,16,24,20,16,17,24,23,,
2021,final,Austria,Switzerland,6,2,2,2,4,4,4,,
2021,final,Austria,Ukraine,4,23,21,14,16,25,25,,
2021,final,Austria,United Kingdom,26,20,26,15,19,14,21,,
2021,final,Azerbaijan,Albania,21,20,20,18,25,19,10,,
2021,final,Azerbaijan,Belgium,17,8,16,2,19,7,15,,
2021,final,Azerbaijan,Bulgaria,20,10,7,10,6,13,12,,
2021,final,Azerbaijan,Cyprus,15,19,10,19,21,23,16,,
2021,final,Azerbaijan,Finland,6,13,13,11,9,5,14,,
2021,final,Azerbaijan,France,9,7,9,4,4,16,13,,
2021,final,Azerbaijan,Germany,19,23,22,21,24,21,24,,
2021,final,Azerbaijan,Greece,11,2,6,8,1,2,6,,
2021,final,Azerbaijan,Iceland,16,17,19,17,16,18,8,,
2021,final,Azerbaijan,Israel,1,16,11,14,12,15,17,,
2021,final,Azerbaijan,Italy,2,14,14,6,14,6,19,,
2021,final,Azerbaijan,Lithuania,14,22,21,22,13,20,23,,
2021,final,Azerbaijan,Malta,12,4,5,1,2,12,7,,
2021,final,Azerbaijan,Moldova,10,3,2,7,5,4,4,,
2021,final,Azerbaijan,Netherlands,23,25,25,23,23,22,25,,
2021,final,Azerbaijan,Norway,4,15,18,16,18,8,9,,
2021,final,Azerbaijan,Portugal,25,9,12,12,8,14,3,,
2021,final,Azerbaijan,Russia,5,1,1,3,3,3,1,,
2021,final,Azerbaijan,San Marino,8,11,8,9,7,11,11,,
2021,final,Azerbaijan,Serbia,18,18,24,24,11,10,18,,
2021,final,Azerbaijan,Spain,24,21,17,13,20,25,21,,
2021,final,Azerbaijan,Sweden,13,6,4,20,15,1,20,,
2021,final,Azerbaijan,Switzerland,7,12,15,15,17,17,2,,
2021,final,Azerbaijan,Ukraine,3,5,3,5,10,9,5,,
2021,final,Azerbaijan,United Kingdom,22,24,23,25,22,24,22,,
2021,final,Belgium,Albania,15,20,23,21,20,18,22,,
2021,final,Belgium,Azerbaijan,13,23,20,23,25,22,19,,
2021,final,Belgium,Bulgaria,14,5,4,11,4,7,4,,
2021,final,Belgium,Cyprus,17,17,18,19,11,14,12,,
2021,final,Belgium,Finland,5,3,5,4,1,6,2,,
2021,final,Belgium,France,1,15,12,9,17,15,15,,
2021,final,Belgium,Germany,20,24,24,24,23,23,25,,
2021,final,Belgium,Greece,12,18,15,16,15,20,17,,
2021,final,Belgium,Iceland,6,8,11,7,5,4,11,,
2021,final,Belgium,Israel,19,16,10,17,18,10,16,,
2021,final,Belgium,Italy,3,9,16,15,6,17,7,,
2021,final,Belgium,Lithuania,4,13,14,14,14,9,10,,
2021,final,Belgium,Malta,9,6,3,5,12,5,14,,
2021,final,Belgium,Moldova,24,25,25,25,24,25,24,,
2021,final,Belgium,Netherlands,18,11,8,10,10,11,18,,
2021,final,Belgium,Norway,10,14,13,13,9,16,13,,
2021,final,Belgium,Portugal,11,10,9,12,13,12,8,,
2021,final,Belgium,Russia,16,4,2,3,7,3,3,,
2021,final,Belgium,San Marino,23,22,22,22,19,19,23,,
2021,final,Belgium,Serbia,22,19,19,18,22,24,21,,
2021,final,Belgium,Spain,21,12,17,8,16,13,9,,
2021,final,Belgium,Sweden,8,7,7,6,8,8,5,,
2021,final,Belgium,Switzerland,7,1,1,1,3,2,1,,
2021,final,Belgium,Ukraine,2,2,6,2,2,1,6,,
2021,final,Belgium,United Kingdom,25,21,21,20,21,21,20,,
2021,final,Bulgaria,Albania,19,23,23,25,14,21,15,,
2021,final,Bulgaria,Azerbaijan,7,25,20,18,23,25,22,,
2021,final,Bulgaria,Belgium,21,12,3,23,24,20,20,,
2021,final,Bulgaria,Cyprus,13,16,12,12,10,22,19,,
2021,final,Bulgaria,Finland,3,10,21,7,8,15,7,,
2021,final,Bulgaria,France,2,4,18,1,6,5,3,,
2021,final,Bulgaria,Germany,16,24,15,24,22,16,25,,
2021,final,Bulgaria,Greece,9,3,2,5,3,2,10,,
2021,final,Bulgaria,Iceland,11,20,16,22,20,11,12,,
2021,final,Bulgaria,Israel,14,8,13,13,2,10,9,,
2021,final,Bulgaria,Italy,1,2,5,3,7,4,1,,
2021,final,Bulgaria,Lithuania,17,19,17,9,21,18,16,,
2021,final,Bulgaria,Malta,20,6,9,4,4,8,4,,
2021,final,Bulgaria,Moldova,15,1,1,6,1,1,5,,
2021,final,Bulgaria,Netherlands,24,9,4,20,19,12,8,,
2021,final,Bulgaria,Norway,12,15,8,16,18,13,17,,
2021,final,Bulgaria,Portugal,18,5,10,2,5,7,6,,
2021,final,Bulgaria,Russia,4,17,22,19,25,9,11,,
2021,final,Bulgaria,San Marino,23,22,25,15,16,19,18,,
2021,final,Bulgaria,Serbia,6,21,24,14,11,24,21,,
2021,final,Bulgaria,Spain,22,7,14,17,9,3,2,,
2021,final,Bulgaria,Sweden,10,11,6,11,15,14,14,,
2021,final,Bulgaria,Switzerland,8,13,7,10,13,23,13,,
2021,final,Bulgaria,Ukraine,5,18,19,8,17,17,24,,
2021,final,Bulgaria,United Kingdom,25,14,11,21,12,6,23,,
2021,final,Croatia,Albania,10,12,12,9,10,14,13,,
2021,final,Croatia,Azerbaijan,9,19,16,18,19,20,21,,
2021,final,Croatia,Belgium,23,14,9,14,15,24,16,,
2021,final,Croatia,Bulgaria,17,17,15,15,16,23,12,,
2021,final,Croatia,Cyprus,15,11,17,13,5,15,6,,
2021,final,Croatia,Finland,5,15,14,19,21,9,17,,
2021,final,Croatia,France,4,5,2,5,2,8,7,,
2021,final,Croatia,Germany,19,23,23,22,26,17,25,,
2021,final,Croatia,Greece,21,24,22,24,23,21,20,,
2021,final,Croatia,Iceland,7,2,4,3,14,1,3,,
2021,final,Croatia,Israel,20,6,6,7,4,6,4,,
2021,final,Croatia,Italy,2,1,3,4,1,2,2,,
2021,final,Croatia,Lithuania,12,9,8,6,11,5,11,,
2021,final,Croatia,Malta,14,8,13,11,7,3,8,,
2021,final,Croatia,Moldova,22,25,26,23,24,22,26,,
2021,final,Croatia,Netherlands,26,18,18,20,18,13,18,,
2021,final,Croatia,Norway,13,22,21,26,20,18,23,,
2021,final,Croatia,Portugal,18,10,10,10,13,4,10,,
2021,final,Croatia,Russia,8,7,5,8,3,11,9,,
2021,final,Croatia,San Marino,16,21,24,21,17,19,22,,
2021,final,Croatia,Serbia,1,4,7,2,6,7,1,,
2021,final,Croatia,Spain,25,20,19,16,22,25,19,,
2021,final,Croatia,Sweden,11,16,20,17,12,12,15,,
2021,final,Croatia,Switzerland,6,3,1,1,9,10,5,,
2021,final,Croatia,Ukraine,3,13,11,12,8,16,14,,
2021,final,Croatia,United Kingdom,24,26,25,25,25,26,24,,
2021,final,Cyprus,Albania,21,20,17,17,19,20,17,,
2021,final,Cyprus,Azerbaijan,14,19,16,14,17,17,19,,
2021,final,Cyprus,Belgium,20,7,18,15,11,1,14,,
2021,final,Cyprus,Bulgaria,4,6,23,2,14,8,9,,
2021,final,Cyprus,Finland,7,8,2,8,22,9,24,,
2021,final,Cyprus,France,3,4,5,6,3,7,8,,
2021,final,Cyprus,Germany,18,25,22,25,24,25,21,,
2021,final,Cyprus,Greece,1,1,1,1,1,2,1,,
2021,final,Cyprus,Iceland,15,15,19,11,10,6,18,,
2021,final,Cyprus,Israel,9,17,11,16,9,12,13,,
2021,final,Cyprus,Italy,2,3,4,5,4,4,5,,
2021,final,Cyprus,Lithuania,6,13,7,20,6,16,15,,
2021,final,Cyprus,Malta,10,2,3,3,2,3,4,,
2021,final,Cyprus,Moldova,25,16,14,10,12,11,10,,
2021,final,Cyprus,Netherlands,23,24,25,22,23,23,22,,
2021,final,Cyprus,Norway,16,18,8,18,16,18,16,,
2021,final,Cyprus,Portugal,17,10,24,19,7,13,3,,
2021,final,Cyprus,Russia,8,5,6,7,5,5,6,,
2021,final,Cyprus,San Marino,19,12,9,9,13,10,11,,
2021,final,Cyprus,Serbia,12,22,13,21,25,21,23,,
2021,final,Cyprus,Spain,22,21,20,23,21,24,12,,
2021,final,Cyprus,Sweden,13,11,12,13,8,15,7,,
2021,final,Cyprus,Switzerland,11,9,15,12,15,14,2,,
2021,final,Cyprus,Ukraine,5,14,10,4,18,22,25,,
2021,final,Cyprus,United Kingdom,24,23,21,24,20,19,20,,
2021,final,Czechia,Albania,23,25,21,26,18,19,25,,
2021,final,Czechia,Azerbaijan,17,23,19,20,19,22,19,,
2021,final,Czechia,Belgium,19,8,22,7,10,10,4,,
2021,final,Czechia,Bulgaria,12,7,11,9,9,4,2,,
2021,final,Czechia,Cyprus,20,22,15,17,24,20,21,,
2021,final,Czechia,Finland,7,10,8,8,8,8,12,,
2021,final,Czechia,France,9,2,6,1,1,1,11,,
2021,final,Czechia,Germany,18,14,25,22,15,25,6,,
2021,final,Czechia,Greece,3,12,16,12,13,15,9,,
2021,final,Czechia,Iceland,4,3,4,4,5,5,1,,
2021,final,Czechia,Israel,15,17,14,14,16,12,23,,
2021,final,Czechia,Italy,5,5,1,3,7,7,14,,
2021,final,Czechia,Lithuania,10,21,12,25,14,24,20,,
2021,final,Czechia,Malta,14,4,2,6,3,3,16,,
2021,final,Czechia,Moldova,1,26,24,24,26,26,26,,
2021,final,Czechia,Netherlands,25,19,17,13,20,14,15,,
2021,final,Czechia,Norway,13,20,26,19,23,21,10,,
2021,final,Czechia,Portugal,21,1,3,2,2,2,3,,
2021,final,Czechia,Russia,6,9,7,10,4,11,22,,
2021,final,Czechia,San Marino,22,24,23,21,21,18,18,,
2021,final,Czechia,Serbia,11,16,9,16,17,13,24,,
2021,final,Czechia,Spain,24,15,10,23,11,17,13,,
2021,final,Czechia,Sweden,16,18,20,18,22,9,17,,
2021,final,Czechia,Switzerland,8,6,5,5,6,6,7,,
2021,final,Czechia,Ukraine,2,11,13,15,12,23,5,,
2021,final,Czechia,United Kingdom,26,13,18,11,25,16,8,,
2021,final,Denmark,Albania,25,4,1,21,2,11,16,,
2021,final,Denmark,Azerbaijan,17,20,12,12,21,9,23,,
2021,final,Denmark,Belgium,16,23,24,19,9,21,17,,
2021,final,Denmark,Bulgaria,18,5,16,2,3,20,9,,
2021,final,Denmark,Cyprus,13,13,7,13,12,7,10,,
2021,final,Denmark,Finland,4,3,8,3,4,14,5,,
2021,final,Denmark,France,8,18,10,14,23,19,7,,
2021,final,Denmark,Germany,14,26,13,26,22,26,25,,
2021,final,Denmark,Greece,15,14,18,20,8,3,21,,
2021,final,Denmark,Iceland,1,2,3,8,11,4,2,,
2021,final,Denmark,Israel,21,10,20,9,25,2,18,,
2021,final,Denmark,Italy,6,24,23,22,10,23,14,,
2021,final,Denmark,Lithuania,7,25,21,18,16,13,19,,
2021,final,Denmark,Malta,9,7,15,16,14,5,3,,
2021,final,Denmark,Moldova,24,19,11,10,13,15,26,,
2021,final,Denmark,Netherlands,19,12,4,15,17,24,6,,
2021,final,Denmark,Norway,3,8,25,5,7,6,20,,
2021,final,Denmark,Portugal,11,16,14,7,24,18,8,,
2021,final,Denmark,Russia,12,17,17,25,26,22,4,,
2021,final,Denmark,San Marino,20,6,2,17,6,12,13,,
2021,final,Denmark,Serbia,23,22,9,24,18,16,22,,
2021,final,Denmark,Spain,26,15,22,23,5,10,11,,
2021,final,Denmark,Sweden,2,9,6,6,20,8,15,,
2021,final,Denmark,Switzerland,5,1,5,4,1,1,1,,
2021,final,Denmark,Ukraine,10,11,26,1,19,17,24,,
2021,final,Denmark,United Kingdom,22,21,19,11,15,25,12,,
2021,final,Estonia,Albania,25,21,20,18,14,20,16,,
2021,final,Estonia,Azerbaijan,14,23,18,26,22,18,12,,
2021,final,Estonia,Belgium,15,19,10,16,16,21,15,,
2021,final,Estonia,Bulgaria,11,5,6,2,6,8,4,,
2021,final,Estonia,Cyprus,16,14,8,12,20,24,10,,
2021,final,Estonia,Finland,1,4,7,6,3,1,9,,
2021,final,Estonia,France,4,2,1,4,5,2,3,,
2021,final,Estonia,Germany,18,24,25,24,26,11,26,,
2021,final,Estonia,Greece,17,18,17,9,9,22,18,,
2021,final,Estonia,Iceland,8,3,4,3,2,7,8,,
2021,final,Estonia,Israel,21,13,11,8,13,13,14,,
2021,final,Estonia,Italy,3,8,5,21,15,4,13,,
2021,final,Estonia,Lithuania,2,9,12,10,12,10,7,,
2021,final,Estonia,Malta,13,10,9,7,18,9,17,,
2021,final,Estonia,Moldova,19,26,26,25,25,26,25,,
2021,final,Estonia,Netherlands,26,15,21,15,21,5,24,,
2021,final,Estonia,Norway,7,22,19,23,11,25,21,,
2021,final,Estonia,Portugal,12,6,3,5,17,6,11,,
2021,final,Estonia,Russia,5,17,23,22,23,12,6,,
2021,final,Estonia,San Marino,20,20,16,14,24,15,19,,
2021,final,Estonia,Serbia,23,11,14,19,10,16,5,,
2021,final,Estonia,Spain,24,12,24,13,4,19,23,,
2021,final,Estonia,Sweden,10,16,15,11,8,14,22,,
2021,final,Estonia,Switzerland,9,1,2,1,1,3,2,,
2021,final,Estonia,Ukraine,6,7,13,20,7,23,1,,
2021,final,Estonia,United Kingdom,22,25,22,17,19,17,20,,
2021,final,Finland,Albania,18,14,9,9,11,16,24,,
2021,final,Finland,Azerbaijan,15,21,24,13,24,24,16,,
2021,final,Finland,Belgium,14,15,13,15,12,9,17,,
2021,final,Finland,Bulgaria,16,2,1,2,2,2,5,,
2021,final,Finland,Cyprus,17,22,22,20,16,22,15,,
2021,final,Finland,France,5,4,18,1,3,4,6,,
2021,final,Finland,Germany,19,23,16,22,18,17,20,,
2021,final,Finland,Greece,13,9,7,8,14,8,10,,
2021,final,Finland,Iceland,1,3,10,5,5,3,1,,
2021,final,Finland,Israel,21,11,6,17,7,15,13,,
2021,final,Finland,Italy,3,5,4,3,4,10,4,,
2021,final,Finland,Lithuania,6,8,5,10,20,11,7,,
2021,final,Finland,Malta,11,10,11,6,6,21,22,,
2021,final,Finland,Moldova,9,25,20,23,25,25,21,,
2021,final,Finland,Netherlands,23,19,8,18,21,20,19,,
2021,final,Finland,Norway,7,16,23,16,23,6,14,,
2021,final,Finland,Portugal,12,13,15,11,10,12,8,,
2021,final,Finland,Russia,10,7,3,24,8,18,9,,
2021,final,Finland,San Marino,20,24,19,14,22,19,23,,
2021,final,Finland,Serbia,22,18,21,12,9,14,25,,
2021,final,Finland,Spain,25,17,17,21,13,7,18,,
2021,final,Finland,Sweden,8,6,14,7,19,13,2,,
2021,final,Finland,Switzerland,4,1,2,4,1,1,3,,
2021,final,Finland,Ukraine,2,12,12,25,15,5,11,,
2021,final,Finland,United Kingdom,24,20,25,19,17,23,12,,
2021,final,France,Albania,15,15,16,16,22,4,11,,
2021,final,France,Azerbaijan,18,25,24,22,17,13,16,,
2021,final,France,Belgium,21,5,17,11,3,2,13,,
2021,final,France,Bulgaria,17,13,14,18,2,12,25,,
2021,final,France,Cyprus,22,9,8,12,12,15,3,,
2021,final,France,Finland,10,12,19,1,20,16,19,,
2021,final,France,Germany,13,16,18,13,24,9,5,,
2021,final,France,Greece,20,1,2,4,5,23,1,,
2021,final,France,Iceland,7,8,20,7,9,7,4,,
2021,final,France,Israel,6,6,4,10,7,5,15,,
2021,final,France,Italy,2,11,23,3,8,10,22,,
2021,final,France,Lithuania,11,14,21,6,19,21,6,,
2021,final,France,Malta,16,18,9,25,13,11,9,,
2021,final,France,Moldova,4,17,6,14,21,22,8,,
2021,final,France,Netherlands,23,20,7,19,14,19,24,,
2021,final,France,Norway,14,23,15,23,18,20,12,,
2021,final,France,Portugal,3,3,1,8,4,6,21,,
2021,final,France,Russia,12,2,5,5,1,3,18,,
2021,final,France,San Marino,24,7,13,9,6,17,2,,
2021,final,France,Serbia,8,22,25,17,16,25,10,,
2021,final,France,Spain,19,21,11,20,15,14,23,,
2021,final,France,Sweden,9,10,10,2,11,18,17,,
2021,final,France,Switzerland,5,4,3,15,10,1,20,,
2021,final,France,Ukraine,1,19,22,24,25,8,7,,
2021,final,France,United Kingdom,25,24,12,21,23,24,14,,
2021,final,Georgia,Albania,22,23,22,19,23,19,23,,
2021,final,Georgia,Azerbaijan,8,6,2,6,6,8,14,,
2021,final,Georgia,Belgium,18,17,20,20,18,14,13,,
2021,final,Georgia,Bulgaria,13,7,12,4,4,7,7,,
2021,final,Georgia,Cyprus,16,18,18,14,26,15,20,,
2021,final,Georgia,Finland,15,12,9,25,13,11,9,,
2021,final,Georgia,France,6,13,16,10,11,26,12,,
2021,final,Georgia,Germany,17,15,13,11,12,23,15,,
2021,final,Georgia,Greece,1,20,15,22,21,21,25,,
2021,final,Georgia,Iceland,10,5,10,7,8,3,3,,
2021,final,Georgia,Israel,14,16,11,15,15,13,16,,
2021,final,Georgia,Italy,3,1,3,3,1,1,1,,
2021,final,Georgia,Lithuania,2,8,5,8,10,4,6,,
2021,final,Georgia,Malta,12,10,7,9,16,12,10,,
2021,final,Georgia,Moldova,9,26,17,23,25,24,24,,
2021,final,Georgia,Netherlands,24,9,14,18,7,9,8,,
2021,final,Georgia,Norway,19,14,19,12,9,16,19,,
2021,final,Georgia,Portugal,21,3,6,1,3,5,4,,
2021,final,Georgia,Russia,7,21,26,16,17,25,26,,
2021,final,Georgia,San Marino,4,25,24,24,24,18,21,,
2021,final,Georgia,Serbia,25,24,23,21,20,20,22,,
2021,final,Georgia,Spain,23,19,21,17,22,17,18,,
2021,final,Georgia,Sweden,20,11,8,13,14,10,11,,
2021,final,Georgia,Switzerland,11,2,1,2,2,2,2,,
2021,final,Georgia,Ukraine,5,4,4,5,5,6,5,,
2021,final,Georgia,United Kingdom,26,22,25,26,19,22,17,,
2021,final,Germany,Albania,16,23,18,23,22,21,25,,
2021,final,Germany,Azerbaijan,17,15,7,15,10,19,19,,
2021,final,Germany,Belgium,21,11,6,19,19,15,5,,
2021,final,Germany,Bulgaria,15,16,15,10,7,20,23,,
2021,final,Germany,Cyprus,19,4,16,4,1,6,8,,
2021,final,Germany,Finland,3,18,19,13,17,18,7,,
2021,final,Germany,France,2,1,3,6,2,4,3,,
2021,final,Germany,Greece,14,22,20,21,20,23,13,,
2021,final,Germany,Iceland,5,8,5,8,9,12,4,,
2021,final,Germany,Israel,18,14,22,12,11,10,10,,
2021,final,Germany,Italy,4,5,13,7,3,1,16,,
2021,final,Germany,Lithuania,1,10,8,5,8,13,9,,
2021,final,Germany,Malta,12,3,1,11,4,7,2,,
2021,final,Germany,Moldova,25,24,21,25,24,22,18,,
2021,final,Germany,Netherlands,20,13,24,17,16,5,15,,
2021,final,Germany,Norway,10,19,12,18,15,17,17,,
2021,final,Germany,Portugal,11,12,14,14,6,14,21,,
2021,final,Germany,Russia,6,9,9,2,12,9,11,,
2021,final,Germany,San Marino,23,17,11,20,14,8,14,,
2021,final,Germany,Serbia,8,21,17,24,21,11,22,,
2021,final,Germany,Spain,22,25,25,22,25,24,24,,
2021,final,Germany,Sweden,13,7,10,3,18,16,1,,
2021,final,Germany,Switzerland,9,2,4,1,5,2,12,,
2021,final,Germany,Ukraine,7,6,2,16,13,3,6,,
2021,final,Germany,United Kingdom,24,20,23,9,23,25,20,,
2021,final,Greece,Albania,4,17,9,12,10,12,11,,
2021,final,Greece,Azerbaijan,9,12,10,10,6,11,8,,
2021,final,Greece,Belgium,18,8,1,14,23,14,10,,
2021,final,Greece,Bulgaria,12,3,5,6,9,5,2,,
2021,final,Greece,Cyprus,1,1,2,3,1,1,3,,
2021,final,Greece,Finland,5,22,25,19,18,19,17,,
2021,final,Greece,France,3,6,13,1,14,10,13,,
2021,final,Greece,Germany,20,25,19,24,22,24,25,,
2021,final,Greece,Iceland,11,13,18,2,15,16,14,,
2021,final,Greece,Israel,22,15,3,9,19,21,21,,
2021,final,Greece,Italy,2,7,15,15,12,13,1,,
2021,final,Greece,Lithuania,13,11,7,20,8,4,22,,
2021,final,Greece,Malta,8,5,8,8,4,9,6,,
2021,final,Greece,Moldova,21,2,4,5,3,6,5,,
2021,final,Greece,Netherlands,25,23,20,25,13,25,24,,
2021,final,Greece,Norway,14,21,14,22,20,22,20,,
2021,final,Greece,Portugal,19,16,21,17,24,2,19,,
2021,final,Greece,Russia,10,9,16,4,7,8,12,,
2021,final,Greece,San Marino,17,4,6,7,5,7,4,,
2021,final,Greece,Serbia,16,19,12,13,17,18,16,,
2021,final,Greece,Spain,23,20,24,21,11,20,18,,
2021,final,Greece,Sweden,15,18,11,18,25,23,9,,
2021,final,Greece,Switzerland,7,14,17,11,16,3,15,,
2021,final,Greece,Ukraine,6,10,23,16,2,17,7,,
2021,final,Greece,United Kingdom,24,24,22,23,21,15,23,,
2021,final,Iceland,Albania,24,11,11,13,5,20,17,,
2021,final,Iceland,Azerbaijan,15,23,22,21,23,23,16,,
2021,final,Iceland,Belgium,19,14,10,19,15,9,15,,
2021,final,Iceland,Bulgaria,16,3,2,3,8,2,6,,
2021,final,Iceland,Cyprus,13,19,20,11,20,21,14,,
2021,final,Iceland,Finland,1,6,6,10,7,4,5,,
2021,final,Iceland,France,4,5,7,2,1,10,8,,
2021,final,Iceland,Germany,17,24,24,22,24,24,25,,
2021,final,Iceland,Greece,12,7,18,4,10,6,3,,
2021,final,Iceland,Israel,18,20,12,25,16,15,18,,
2021,final,Iceland,Italy,6,4,17,5,2,5,2,,
2021,final,Iceland,Lithuania,7,13,13,12,12,8,19,,
2021,final,Iceland,Malta,8,10,5,16,6,22,9,,
2021,final,Iceland,Moldova,23,22,23,20,18,16,20,,
2021,final,Iceland,Netherlands,22,17,19,7,22,19,23,,
2021,final,Iceland,Norway,10,21,16,24,19,17,11,,
2021,final,Iceland,Portugal,9,2,3,9,3,1,4,,
2021,final,Iceland,Russia,11,9,9,18,4,7,12,,
2021,final,Iceland,San Marino,14,18,15,15,13,18,13,,
2021,final,Iceland,Serbia,21,16,21,8,21,12,21,,
2021,final,Iceland,Spain,25,15,8,17,17,14,22,,
2021,final,Iceland,Sweden,2,12,14,14,11,11,7,,
2021,final,Iceland,Switzerland,5,1,1,1,9,3,1,,
2021,final,Iceland,Ukraine,3,8,4,6,14,13,10,,
2021,final,Iceland,United Kingdom,20,25,25,23,25,25,24,,
2021,final,Ireland,Albania,26,26,24,19,25,26,24,,
2021,final,Ireland,Azerbaijan,22,9,3,13,11,10,9,,
2021,final,Ireland,Belgium,24,8,26,2,14,22,5,,
2021,final,Ireland,Bulgaria,11,10,16,4,15,6,19,,
2021,final,Ireland,Cyprus,13,13,5,24,13,9,13,,
2021,final,Ireland,Finland,6,24,19,22,19,12,17,,
2021,final,Ireland,France,4,1,18,1,9,2,1,,
2021,final,Ireland,Germany,16,19,25,15,8,16,25,,
2021,final,Ireland,Greece,19,11,8,7,17,7,14,,
2021,final,Ireland,Iceland,2,3,2,16,2,3,6,,
2021,final,Ireland,Israel,20,20,20,9,22,15,20,,
2021,final,Ireland,Italy,5,17,15,21,24,24,4,,
2021,final,Ireland,Lithuania,1,7,10,11,26,5,3,,
2021,final,Ireland,Malta,7,2,9,5,6,1,2,,
2021,final,Ireland,Moldova,15,25,22,25,21,11,26,,
2021,final,Ireland,Netherlands,23,14,7,20,5,18,18,,
2021,final,Ireland,Norway,12,4,4,8,4,4,15,,
2021,final,Ireland,Portugal,9,12,23,6,7,13,11,,
2021,final,Ireland,Russia,14,15,6,14,12,21,8,,
2021,final,Ireland,San Marino,17,18,11,18,23,14,10,,
2021,final,Ireland,Serbia,18,22,21,12,16,19,16,,
2021,final,Ireland,Spain,25,21,13,26,10,23,21,,
2021,final,Ireland,Sweden,10,16,14,3,18,17,23,,
2021,final,Ireland,Switzerland,8,6,12,17,1,8,7,,
2021,final,Ireland,Ukraine,3,5,1,23,3,20,12,,
2021,final,Ireland,United Kingdom,21,23,17,10,20,25,22,,
2021,final,Israel,Albania,23,21,13,23,17,24,21,,
2021,final,Israel,Azerbaijan,9,9,4,14,15,16,7,,
2021,final,Israel,Belgium,20,5,7,12,2,4,6,,
2021,final,Israel,Bulgaria,17,10,15,16,6,5,20,,
2021,final,Israel,Cyprus,12,8,8,11,9,6,8,,
2021,final,Israel,Finland,7,12,12,10,8,11,14,,
2021,final,Israel,France,3,3,3,2,5,7,2,,
2021,final,Israel,Germany,14,24,24,24,23,22,22,,
2021,final,Israel,Greece,15,17,20,17,18,10,23,,
2021,final,Israel,Iceland,10,11,10,7,12,12,13,,
2021,final,Israel,Italy,4,15,17,8,19,18,11,,
2021,final,Israel,Lithuania,8,2,6,3,3,2,1,,
2021,final,Israel,Malta,6,6,9,4,11,3,5,,
2021,final,Israel,Moldova,21,14,11,18,10,21,9,,
2021,final,Israel,Netherlands,22,18,18,13,22,13,17,,
2021,final,Israel,Norway,11,19,21,15,14,17,15,,
2021,final,Israel,Portugal,19,16,22,20,16,9,12,,
2021,final,Israel,Russia,2,4,5,6,4,8,3,,
2021,final,Israel,San Marino,16,20,16,19,24,15,18,,
2021,final,Israel,Serbia,18,22,19,22,20,20,19,,
2021,final,Israel,Spain,24,23,23,21,21,19,24,,
2021,final,Israel,Sweden,13,13,14,9,7,23,16,,
2021,final,Israel,Switzerland,5,1,1,1,1,1,4,,
2021,final,Israel,Ukraine,1,7,2,5,13,14,10,,
2021,final,Israel,United Kingdom,25,25,25,25,25,25,25,,
2021,final,Italy,Albania,2,21,25,14,18,20,20,,
2021,final,Italy,Azerbaijan,18,20,11,24,22,15,23,,
2021,final,Italy,Belgium,20,6,13,6,3,7,3,,
2021,final,Italy,Bulgaria,15,14,7,8,24,23,13,,
2021,final,Italy,Cyprus,21,15,19,12,15,19,8,,
2021,final,Italy,Finland,3,2,3,3,10,1,4,,
2021,final,Italy,France,10,8,10,15,1,12,12,,
2021,final,Italy,Germany,17,22,17,23,25,14,25,,
2021,final,Italy,Greece,22,17,21,17,16,17,10,,
2021,final,Italy,Iceland,5,3,6,4,2,8,2,,
2021,final,Italy,Israel,19,7,15,5,4,13,7,,
2021,final,Italy,Lithuania,6,1,1,1,8,5,1,,
2021,final,Italy,Malta,14,4,2,2,12,3,6,,
2021,final,Italy,Moldova,9,23,24,20,17,22,18,,
2021,final,Italy,Netherlands,23,16,14,11,19,16,16,,
2021,final,Italy,Norway,11,9,8,10,11,4,9,,
2021,final,Italy,Portugal,16,5,4,7,9,2,5,,
2021,final,Italy,Russia,4,11,12,16,6,9,19,,
2021,final,Italy,San Marino,8,13,20,22,5,11,15,,
2021,final,Italy,Serbia,7,25,23,19,23,25,17,,
2021,final,Italy,Spain,24,19,18,13,14,21,22,,
2021,final,Italy,Sweden,13,12,9,9,20,10,11,,
2021,final,Italy,Switzerland,12,24,16,21,21,24,21,,
2021,final,Italy,Ukraine,1,10,5,25,7,6,24,,
2021,final,Italy,United Kingdom,25,18,22,18,13,18,14,,
2021,final,Latvia,Albania,24,23,17,23,23,17,22,,
2021,final,Latvia,Azerbaijan,12,20,15,24,12,22,15,,
2021,final,Latvia,Belgium,13,12,9,8,6,19,10,,
2021,final,Latvia,Bulgaria,15,6,11,17,13,3,3,,
2021,final,Latvia,Cyprus,20,25,21,22,25,25,24,,
2021,final,Latvia,Finland,3,7,12,5,7,8,5,,
2021,final,Latvia,France,8,8,6,7,11,4,9,,
2021,final,Latvia,Germany,18,17,24,20,10,11,14,,
2021,final,Latvia,Greece,16,14,13,18,15,6,16,,
2021,final,Latvia,Iceland,6,2,7,3,4,1,2,,
2021,final,Latvia,Israel,19,21,19,19,20,16,18,,
2021,final,Latvia,Italy,4,3,2,4,2,12,11,,
2021,final,Latvia,Lithuania,1,5,5,2,3,10,19,,
2021,final,Latvia,Malta,17,9,3,9,21,15,7,,
2021,final,Latvia,Moldova,11,22,23,25,18,24,13,,
2021,final,Latvia,Netherlands,22,16,16,15,14,9,20,,
2021,final,Latvia,Norway,9,11,25,14,24,5,4,,
2021,final,Latvia,Portugal,14,13,14,11,8,7,12,,
2021,final,Latvia,Russia,2,10,10,10,5,18,6,,
2021,final,Latvia,San Marino,21,18,8,16,17,23,23,,
2021,final,Latvia,Serbia,25,26,20,26,26,26,25,,
2021,final,Latvia,Spain,26,24,22,21,16,20,26,,
2021,final,Latvia,Sweden,10,19,18,12,19,13,21,,
2021,final,Latvia,Switzerland,7,1,4,1,9,2,1,,
2021,final,Latvia,Ukraine,5,4,1,13,1,14,8,,
2021,final,Latvia,United Kingdom,23,15,26,6,22,21,17,,
2021,final,Lithuania,Albania,25,23,24,22,23,24,19,,
2021,final,Lithuania,Azerbaijan,14,21,22,18,21,20,22,,
2021,final,Lithuania,Belgium,9,4,1,4,6,3,3,,
2021,final,Lithuania,Bulgaria,18,9,15,13,7,8,11,,
2021,final,Lithuania,Cyprus,11,18,17,15,13,21,15,,
2021,final,Lithuania,Finland,4,11,10,10,12,10,12,,
2021,final,Lithuania,France,3,6,14,5,2,6,7,,
2021,final,Lithuania,Germany,13,12,8,12,14,14,10,,
2021,final,Lithuania,Greece,17,15,16,14,8,19,13,,
2021,final,Lithuania,Iceland,8,7,9,7,10,11,5,,
2021,final,Lithuania,Israel,16,10,7,16,11,7,20,,
2021,final,Lithuania,Italy,2,2,4,2,1,4,6,,
2021,final,Lithuania,Malta,15,8,5,8,15,9,8,,
2021,final,Lithuania,Moldova,22,25,23,25,25,23,25,,
2021,final,Lithuania,Netherlands,23,14,11,11,19,15,9,,
2021,final,Lithuania,Norway,6,13,6,20,9,17,17,,
2021,final,Lithuania,Portugal,12,5,12,1,4,5,4,,
2021,final,Lithuania,Russia,7,19,19,21,16,16,24,,
2021,final,Lithuania,San Marino,19,22,20,24,18,22,21,,
2021,final,Lithuania,Serbia,21,24,21,23,24,25,23,,
2021,final,Lithuania,Spain,24,17,13,19,22,12,16,,
2021,final,Lithuania,Sweden,10,16,18,9,17,13,14,,
2021,final,Lithuania,Switzerland,5,3,2,6,5,2,2,,
2021,final,Lithuania,Ukraine,1,1,3,3,3,1,1,,
2021,final,Lithuania,United Kingdom,20,20,25,17,20,18,18,,
2021,final,Malta,Albania,18,1,3,3,3,22,19,,
2021,final,Malta,Azerbaijan,12,14,10,7,12,23,5,,
2021,final,Malta,Belgium,22,21,11,18,18,18,14,,
2021,final,Malta,Bulgaria,11,16,25,16,6,7,10,,
2021,final,Malta,Cyprus,9,7,16,6,2,21,7,,
2021,final,Malta,Finland,4,9,5,22,11,2,22,,
2021,final,Malta,France,8,8,23,15,1,12,6,,
2021,final,Malta,Germany,19,22,8,19,24,25,23,,
2021,final,Malta,Greece,17,5,20,1,4,11,11,,
2021,final,Malta,Iceland,6,12,2,9,16,19,18,,
2021,final,Malta,Israel,21,24,14,17,17,20,13,,
2021,final,Malta,Italy,1,11,18,4,13,9,8,,
2021,final,Malta,Lithuania,5,17,19,13,7,8,15,,
2021,final,Malta,Moldova,24,13,15,2,22,14,12,,
2021,final,Malta,Netherlands,25,20,17,10,8,13,21,,
2021,final,Malta,Norway,2,19,7,8,15,24,25,,
2021,final,Malta,Portugal,15,4,22,12,19,1,2,,
2021,final,Malta,Russia,16,23,13,14,21,16,16,,
2021,final,Malta,San Marino,20,10,4,23,9,5,17,,
2021,final,Malta,Serbia,7,18,6,20,25,17,9,,
2021,final,Malta,Spain,23,25,24,21,20,10,24,,
2021,final,Malta,Sweden,3,3,21,5,5,15,1,,
2021,final,Malta,Switzerland,13,2,1,25,14,6,4,,
2021,final,Malta,Ukraine,10,6,9,24,10,4,3,,
2021,final,Malta,United Kingdom,14,15,12,11,23,3,20,,
2021,final,Moldova,Albania,22,14,11,12,13,17,8,,
2021,final,Moldova,Azerbaijan,10,5,8,5,23,4,6,,
2021,final,Moldova,Belgium,20,12,22,4,16,8,24,,
2021,final,Moldova,Bulgaria,12,1,2,1,3,1,1,,
2021,final,Moldova,Cyprus,13,10,4,11,8,14,25,,
2021,final,Moldova,Finland,6,16,21,21,7,19,23,,
2021,final,Moldova,France,5,7,1,8,20,18,9,,
2021,final,Moldova,Germany,17,20,16,20,11,25,13,,
2021,final,Moldova,Greece,4,3,6,2,5,3,3,,
2021,final,Moldova,Iceland,11,6,15,18,1,10,7,,
2021,final,Moldova,Israel,18,22,14,14,21,15,17,,
2021,final,Moldova,Italy,3,21,18,24,25,9,18,,
2021,final,Moldova,Lithuania,9,15,20,6,18,23,22,,
2021,final,Moldova,Malta,14,4,3,13,2,6,11,,
2021,final,Moldova,Netherlands,23,23,23,25,15,21,14,,
2021,final,Moldova,Norway,15,18,17,17,14,22,10,,
2021,final,Moldova,Portugal,16,9,13,10,6,12,5,,
2021,final,Moldova,Russia,1,2,5,3,4,2,2,,
2021,final,Moldova,San Marino,19,13,9,22,12,5,16,,
2021,final,Moldova,Serbia,21,17,12,15,19,13,15,,
2021,final,Moldova,Spain,24,19,19,19,9,16,19,,
2021,final,Moldova,Sweden,8,25,24,23,24,20,21,,
2021,final,Moldova,Switzerland,7,8,7,9,10,11,4,,
2021,final,Moldova,Ukraine,2,11,10,7,22,7,12,,
2021,final,Moldova,United Kingdom,25,24,25,16,17,24,20,,
2021,final,Netherlands,Albania,22,10,11,8,9,11,20,,
2021,final,Netherlands,Azerbaijan,16,9,8,13,18,6,11,,
2021,final,Netherlands,Belgium,15,5,6,3,6,3,6,,
2021,final,Netherlands,Bulgaria,14,17,15,19,16,12,17,,
2021,final,Netherlands,Cyprus,20,21,13,22,21,24,24,,
2021,final,Netherlands,Finland,7,14,19,10,13,14,15,,
2021,final,Netherlands,France,1,1,2,2,2,2,3,,
2021,final,Netherlands,Germany,18,25,23,25,24,25,23,,
2021,final,Netherlands,Greece,2,18,20,18,11,18,19,,
2021,final,Netherlands,Iceland,3,2,1,4,1,10,1,,
2021,final,Netherlands,Israel,17,7,9,5,3,4,7,,
2021,final,Netherlands,Italy,9,13,12,12,17,13,12,,
2021,final,Netherlands,Lithuania,8,15,18,11,14,15,13,,
2021,final,Netherlands,Malta,10,4,3,7,4,5,2,,
2021,final,Netherlands,Moldova,25,24,25,24,23,23,25,,
2021,final,Netherlands,Norway,13,16,16,16,20,17,10,,
2021,final,Netherlands,Portugal,5,12,5,17,12,16,14,,
2021,final,Netherlands,Russia,11,3,4,6,5,1,4,,
2021,final,Netherlands,San Marino,21,20,21,14,19,21,16,,
2021,final,Netherlands,Serbia,19,23,24,23,22,22,22,,
2021,final,Netherlands,Spain,24,19,14,21,15,19,18,,
2021,final,Netherlands,Sweden,12,11,17,15,10,8,9,,
2021,final,Netherlands,Switzerland,4,6,7,1,7,7,5,,
2021,final,Netherlands,Ukraine,6,8,10,9,8,9,8,,
2021,final,Netherlands,United Kingdom,23,22,22,20,25,20,21,,
2021,final,North Macedonia,Albania,2,12,11,11,18,5,18,,
2021,final,North Macedonia,Azerbaijan,8,18,22,10,11,16,15,,
2021,final,North Macedonia,Belgium,23,14,14,25,16,12,6,,
2021,final,North Macedonia,Bulgaria,11,15,9,20,22,15,8,,
2021,final,North Macedonia,Cyprus,5,9,4,15,9,10,12,,
2021,final,North Macedonia,Finland,9,22,18,21,17,20,17,,
2021,final,North Macedonia,France,6,4,10,6,7,2,2,,
2021,final,North Macedonia,Germany,24,25,26,19,21,24,21,,
2021,final,North Macedonia,Greece,16,17,17,12,10,14,16,,
2021,final,North Macedonia,Iceland,12,7,16,5,3,26,9,,
2021,final,North Macedonia,Israel,22,3,5,1,8,4,7,,
2021,final,North Macedonia,Italy,3,2,6,3,1,7,1,,
2021,final,North Macedonia,Lithuania,17,26,20,26,23,25,22,,
2021,final,North Macedonia,Malta,13,6,7,2,5,9,5,,
2021,final,North Macedonia,Moldova,15,24,23,17,26,22,20,,
2021,final,North Macedonia,Netherlands,26,23,24,18,25,13,24,,
2021,final,North Macedonia,Norway,18,19,19,8,19,18,23,,
2021,final,North Macedonia,Portugal,21,13,8,7,15,11,26,,
2021,final,North Macedonia,Russia,10,10,21,4,13,8,11,,
2021,final,North Macedonia,San Marino,19,21,25,22,20,17,14,,
2021,final,North Macedonia,Serbia,1,1,2,9,2,1,3,,
2021,final,North Macedonia,Spain,25,20,13,14,24,23,19,,
2021,final,North Macedonia,Sweden,14,8,1,16,14,19,13,,
2021,final,North Macedonia,Switzerland,4,5,3,23,4,3,4,,
2021,final,North Macedonia,Ukraine,7,11,15,24,6,6,25,,
2021,final,North Macedonia,United Kingdom,20,16,12,13,12,21,10,,
2021,final,Norway,Albania,21,19,11,13,20,18,22,,
2021,final,Norway,Azerbaijan,10,11,6,8,16,11,11,,
2021,final,Norway,Belgium,22,22,18,21,22,19,18,,
2021,final,Norway,Bulgaria,16,5,19,23,1,4,7,,
2021,final,Norway,Cyprus,13,15,23,12,17,8,9,,
2021,final,Norway,Finland,5,13,4,16,9,16,15,,
2021,final,Norway,France,7,7,9,6,8,6,8,,
2021,final,Norway,Germany,14,25,24,24,25,22,24,,
2021,final,Norway,Greece,19,10,13,10,23,7,5,,
2021,final,Norway,Iceland,2,9,15,4,7,13,14,,
2021,final,Norway,Israel,18,3,3,2,13,5,3,,
2021,final,Norway,Italy,4,6,12,7,3,20,6,,
2021,final,Norway,Lithuania,1,18,10,25,15,14,16,,
2021,final,Norway,Malta,8,1,1,1,2,2,4,,
2021,final,Norway,Moldova,25,23,25,17,19,24,25,,
2021,final,Norway,Netherlands,20,12,16,11,4,10,17,,
2021,final,Norway,Portugal,12,17,14,14,11,15,10,,
2021,final,Norway,Russia,11,16,8,9,18,12,23,,
2021,final,Norway,San Marino,17,20,21,15,21,17,12,,
2021,final,Norway,Serbia,15,24,22,19,24,25,20,,
2021,final,Norway,Spain,23,21,20,22,14,23,19,,
2021,final,Norway,Sweden,3,2,17,3,6,1,1,,
2021,final,Norway,Switzerland,9,4,5,18,5,3,2,,
2021,final,Norway,Ukraine,6,8,2,5,10,21,21,,
2021,final,Norway,United Kingdom,24,14,7,20,12,9,13,,
2021,final,Poland,Albania,23,18,25,18,14,9,15,,
2021,final,Poland,Azerbaijan,12,26,23,22,21,21,20,,
2021,final,Poland,Belgium,19,8,17,6,26,17,1,,
2021,final,Poland,Bulgaria,15,21,14,13,22,12,24,,
2021,final,Poland,Cyprus,16,19,11,15,13,20,17,,
2021,final,Poland,Finland,5,9,8,7,10,11,10,,
2021,final,Poland,France,6,13,6,16,20,14,19,,
2021,final,Poland,Germany,18,20,18,24,8,25,21,,
2021,final,Poland,Greece,14,15,19,8,15,19,14,,
2021,final,Poland,Iceland,3,2,4,1,2,1,4,,
2021,final,Poland,Israel,22,5,5,10,5,4,9,,
2021,final,Poland,Italy,2,6,7,2,17,22,5,,
2021,final,Poland,Lithuania,7,24,24,14,23,24,23,,
2021,final,Poland,Malta,11,7,12,9,6,5,7,,
2021,final,Poland,Moldova,21,16,26,17,24,23,6,,
2021,final,Poland,Netherlands,25,12,10,19,16,6,22,,
2021,final,Poland,Norway,8,25,15,26,25,26,26,,
2021,final,Poland,Portugal,17,3,3,5,4,7,2,,
2021,final,Poland,Russia,9,10,21,25,3,8,13,,
2021,final,Poland,San Marino,13,1,1,3,1,2,3,,
2021,final,Poland,Serbia,20,23,20,21,18,16,25,,
2021,final,Poland,Spain,24,22,13,23,19,18,11,,
2021,final,Poland,Sweden,10,17,16,11,11,15,18,,
2021,final,Poland,Switzerland,4,4,2,4,7,3,8,,
2021,final,Poland,Ukraine,1,14,22,20,9,13,12,,
2021,final,Poland,United Kingdom,26,11,9,12,12,10,16,,
2021,final,Portugal,Albania,24,19,17,17,18,21,13,,
2021,final,Portugal,Azerbaijan,21,15,11,14,14,11,14,,
2021,final,Portugal,Belgium,18,6,3,2,9,9,9,,
2021,final,Portugal,Bulgaria,13,1,10,1,1,2,5,,
2021,final,Portugal,Cyprus,19,16,12,18,16,16,23,,
2021,final,Portugal,Finland,6,11,20,13,6,22,3,,
2021,final,Portugal,France,1,5,8,5,7,12,1,,
2021,final,Portugal,Germany,17,20,25,12,22,23,15,,
2021,final,Portugal,Greece,9,22,22,22,17,15,22,,
2021,final,Portugal,Iceland,8,3,4,6,3,5,7,,
2021,final,Portugal,Israel,16,14,18,8,8,14,10,,
2021,final,Portugal,Italy,4,8,16,3,12,1,11,,
2021,final,Portugal,Lithuania,14,12,14,20,20,4,8,,
2021,final,Portugal,Malta,15,7,7,9,4,6,4,,
2021,final,Portugal,Moldova,3,21,23,24,19,13,16,,
2021,final,Portugal,Netherlands,22,10,5,4,10,19,20,,
2021,final,Portugal,Norway,11,25,24,21,23,18,24,,
2021,final,Portugal,Russia,10,2,2,11,5,3,6,,
2021,final,Portugal,San Marino,23,18,15,25,24,17,12,,
2021,final,Portugal,Serbia,20,13,9,10,11,7,17,,
2021,final,Portugal,Spain,12,23,19,19,15,25,25,,
2021,final,Portugal,Sweden,7,17,13,23,13,20,18,,
2021,final,Portugal,Switzerland,5,4,6,15,2,8,2,,
2021,final,Portugal,Ukraine,2,9,1,7,21,10,19,,
2021,final,Portugal,United Kingdom,25,24,21,16,25,24,21,,
2021,final,Romania,Albania,20,16,17,26,18,10,9,,
2021,final,Romania,Azerbaijan,7,24,24,19,16,20,19,,
2021,final,Romania,Belgium,24,12,26,6,26,16,12,,
2021,final,Romania,Bulgaria,14,9,6,15,13,4,10,,
2021,final,Romania,Cyprus,16,17,19,20,8,13,16,,
2021,final,Romania,Finland,5,3,3,4,11,3,3,,
2021,final,Romania,France,3,7,9,7,5,6,6,,
2021,final,Romania,Germany,23,10,15,10,12,7,20,,
2021,final,Romania,Greece,21,23,16,18,15,21,15,,
2021,final,Romania,Iceland,12,18,13,9,14,26,26,,
2021,final,Romania,Israel,10,11,10,16,19,12,8,,
2021,final,Romania,Italy,2,8,18,12,3,18,4,,
2021,final,Romania,Lithuania,8,15,20,11,7,24,22,,
2021,final,Romania,Malta,9,1,1,1,2,1,1,,
2021,final,Romania,Moldova,1,5,7,5,10,5,5,,
2021,final,Romania,Netherlands,26,14,14,21,17,15,7,,
2021,final,Romania,Norway,13,21,25,17,23,9,18,,
2021,final,Romania,Portugal,22,2,4,3,4,2,2,,
2021,final,Romania,Russia,18,19,12,22,9,19,23,,
2021,final,Romania,San Marino,17,26,21,24,20,25,25,,
2021,final,Romania,Serbia,11,22,11,25,22,23,13,,
2021,final,Romania,Spain,19,20,23,14,25,8,24,,
2021,final,Romania,Sweden,15,13,8,13,21,14,14,,
2021,final,Romania,Switzerland,6,4,2,8,1,22,11,,
2021,final,Romania,Ukraine,4,6,5,2,6,11,21,,
2021,final,Romania,United Kingdom,25,25,22,23,24,17,17,,
2021,final,Russia,Albania,18,12,14,6,15,23,16,,
2021,final,Russia,Azerbaijan,7,3,4,5,1,8,3,,
2021,final,Russia,Belgium,16,8,9,22,13,4,9,,
2021,final,Russia,Bulgaria,20,5,3,2,8,6,10,,
2021,final,Russia,Cyprus,1,9,7,8,6,14,25,,
2021,final,Russia,Finland,3,14,11,12,11,20,13,,
2021,final,Russia,France,5,20,17,16,14,18,18,,
2021,final,Russia,Germany,14,18,24,25,25,19,8,,
2021,final,Russia,Greece,15,4,2,10,3,3,7,,
2021,final,Russia,Iceland,10,16,13,18,19,11,22,,
2021,final,Russia,Israel,19,6,6,4,4,10,4,,
2021,final,Russia,Italy,2,2,5,7,5,2,1,,
2021,final,Russia,Lithuania,9,22,20,23,18,15,15,,
2021,final,Russia,Malta,13,7,10,3,7,7,5,,
2021,final,Russia,Moldova,8,1,1,1,2,1,2,,
2021,final,Russia,Netherlands,24,21,23,15,17,17,14,,
2021,final,Russia,Norway,11,24,22,14,23,25,17,,
2021,final,Russia,Portugal,22,15,15,20,12,9,20,,
2021,final,Russia,San Marino,21,19,12,24,22,22,11,,
2021,final,Russia,Serbia,17,23,16,17,16,24,23,,
2021,final,Russia,Spain,23,25,19,19,21,21,19,,
2021,final,Russia,Sweden,12,11,18,21,9,12,6,,
2021,final,Russia,Switzerland,6,10,21,11,10,5,24,,
2021,final,Russia,Ukraine,4,13,8,13,24,13,12,,
2021,final,Russia,United Kingdom,25,17,25,9,20,16,21,,
2021,final,San Marino,Albania,19,9,14,6,11,7,10,,
2021,final,San Marino,Azerbaijan,15,23,19,15,18,21,20,,
2021,final,San Marino,Belgium,23,13,12,20,22,8,6,,
2021,final,San Marino,Bulgaria,9,8,6,11,9,13,5,,
2021,final,San Marino,Cyprus,3,17,16,14,13,11,9,,
2021,final,San Marino,Finland,7,10,10,3,24,16,14,,
2021,final,San Marino,France,2,1,3,2,1,1,1,,
2021,final,San Marino,Germany,21,19,9,21,25,19,24,,
2021,final,San Marino,Greece,4,3,4,9,4,2,4,,
2021,final,San Marino,Iceland,13,12,8,8,16,10,16,,
2021,final,San Marino,Israel,18,20,17,23,15,17,13,,
2021,final,San Marino,Italy,1,2,1,1,5,4,2,,
2021,final,San Marino,Lithuania,12,5,15,10,8,6,3,,
2021,final,San Marino,Malta,17,4,20,4,2,3,7,,
2021,final,San Marino,Moldova,5,6,18,5,12,5,8,,
2021,final,San Marino,Netherlands,25,21,13,25,19,20,18,,
2021,final,San Marino,Norway,14,24,21,22,20,25,19,,
2021,final,San Marino,Portugal,20,15,7,19,6,24,23,,
2021,final,San Marino,Russia,10,14,5,16,17,15,11,,
2021,final,San Marino,Serbia,16,11,2,24,21,14,25,,
2021,final,San Marino,Spain,22,25,25,18,23,23,22,,
2021,final,San Marino,Sweden,11,16,11,12,7,18,17,,
2021,final,San Marino,Switzerland,8,7,23,7,3,9,12,,
2021,final,San Marino,Ukraine,6,18,24,13,10,12,15,,
2021,final,San Marino,United Kingdom,24,22,22,17,14,22,21,,
2021,final,Serbia,Albania,11,23,20,23,23,21,17,,
2021,final,Serbia,Azerbaijan,7,20,21,13,20,19,12,,
2021,final,Serbia,Belgium,21,24,22,18,22,22,23,,
2021,final,Serbia,Bulgaria,12,5,19,1,8,7,9,,
2021,final,Serbia,Cyprus,9,22,25,20,15,18,22,,
2021,final,Serbia,Finland,4,2,1,2,4,4,14,,
2021,final,Serbia,France,2,1,5,8,3,1,1,,
2021,final,Serbia,Germany,18,25,24,17,24,25,25,,
2021,final,Serbia,Greece,8,8,7,4,6,14,15,,
2021,final,Serbia,Iceland,6,4,2,11,2,12,4,,
2021,final,Serbia,Israel,20,9,3,22,7,13,8,,
2021,final,Serbia,Italy,1,3,9,7,1,3,6,,
2021,final,Serbia,Lithuania,13,18,17,21,14,10,18,,
2021,final,Serbia,Malta,16,11,11,10,11,5,10,,
2021,final,Serbia,Moldova,22,16,16,5,18,20,24,,
2021,final,Serbia,Netherlands,25,21,18,15,21,16,16,,
2021,final,Serbia,Norway,17,15,13,14,9,6,21,,
2021,final,Serbia,Portugal,19,6,4,3,16,8,19,,
2021,final,Serbia,Russia,5,17,14,19,13,17,7,,
2021,final,Serbia,San Marino,15,13,12,9,19,9,5,,
2021,final,Serbia,Spain,23,19,10,12,25,24,20,,
2021,final,Serbia,Sweden,14,7,15,16,5,2,13,,
2021,final,Serbia,Switzerland,10,10,8,24,10,15,3,,
2021,final,Serbia,Ukraine,3,12,23,25,12,11,2,,
2021,final,Serbia,United Kingdom,24,14,6,6,17,23,11,,
2021,final,Slovenia,Albania,12,11,5,12,15,9,10,,
2021,final,Slovenia,Azerbaijan,16,16,9,16,17,14,9,,
2021,final,Slovenia,Belgium,19,5,4,17,20,4,6,,
2021,final,Slovenia,Bulgaria,20,20,20,18,19,16,19,,
2021,final,Slovenia,Cyprus,15,15,12,9,7,15,13,,
2021,final,Slovenia,Finland,7,7,6,14,3,13,12,,
2021,final,Slovenia,France,5,9,16,8,8,5,7,,
2021,final,Slovenia,Germany,17,24,24,24,24,22,24,,
2021,final,Slovenia,Greece,3,8,2,10,11,10,18,,
2021,final,Slovenia,Iceland,8,2,8,6,1,3,1,,
2021,final,Slovenia,Israel,22,10,7,11,14,8,5,,
2021,final,Slovenia,Italy,2,1,1,7,2,2,3,,
2021,final,Slovenia,Lithuania,14,18,10,22,16,20,21,,
2021,final,Slovenia,Malta,13,6,17,3,5,12,11,,
2021,final,Slovenia,Moldova,26,23,19,26,22,24,23,,
2021,final,Slovenia,Netherlands,24,26,25,23,25,23,25,,
2021,final,Slovenia,Norway,9,14,14,4,13,17,17,,
2021,final,Slovenia,Portugal,18,19,18,20,18,19,14,,
2021,final,Slovenia,Russia,10,3,13,1,9,1,2,,
2021,final,Slovenia,San Marino,21,22,22,19,21,26,26,,
2021,final,Slovenia,Serbia,1,13,15,5,10,11,16,,
2021,final,Slovenia,Spain,23,21,21,21,23,21,22,,
2021,final,Slovenia,Sweden,11,17,23,13,6,18,15,,
2021,final,Slovenia,Switzerland,6,4,3,2,4,6,4,,
2021,final,Slovenia,Ukraine,4,12,11,15,12,7,8,,
2021,final,Slovenia,United Kingdom,25,25,26,25,26,25,20,,
2021,final,Spain,Albania,25,17,17,13,12,16,19,,
2021,final,Spain,Azerbaijan,17,14,11,18,24,12,15,,
2021,final,Spain,Belgium,22,19,18,15,22,18,12,,
2021,final,Spain,Bulgaria,3,7,8,5,7,13,4,,
2021,final,Spain,Cyprus,13,5,6,10,6,7,2,,
2021,final,Spain,Finland,9,23,22,20,19,21,17,,
2021,final,Spain,France,1,1,1,1,1,1,3,,
2021,final,Spain,Germany,15,20,24,14,18,15,18,,
2021,final,Spain,Greece,21,10,19,6,8,8,9,,
2021,final,Spain,Iceland,6,4,5,4,3,6,11,,
2021,final,Spain,Israel,20,8,9,9,10,3,6,,
2021,final,Spain,Italy,2,13,12,21,11,17,14,,
2021,final,Spain,Lithuania,7,9,4,12,14,11,7,,
2021,final,Spain,Malta,8,3,3,2,4,5,8,,
2021,final,Spain,Moldova,19,21,21,16,17,20,21,,
2021,final,Spain,Netherlands,24,11,10,7,16,24,13,,
2021,final,Spain,Norway,11,24,25,25,15,23,23,,
2021,final,Spain,Portugal,10,6,7,8,5,4,5,,
2021,final,Spain,Russia,14,22,14,24,23,19,22,,
2021,final,Spain,San Marino,16,18,15,22,20,9,20,,
2021,final,Spain,Serbia,18,15,20,17,9,14,24,,
2021,final,Spain,Sweden,12,12,16,11,13,25,10,,
2021,final,Spain,Switzerland,4,2,2,3,2,2,1,,
2021,final,Spain,Ukraine,5,25,23,23,21,22,25,,
2021,final,Spain,United Kingdom,23,16,13,19,25,10,16,,
2021,final,Sweden,Albania,15,25,20,21,22,23,22,,
2021,final,Sweden,Azerbaijan,18,13,6,12,21,5,14,,
2021,final,Sweden,Belgium,16,10,13,3,23,10,7,,
2021,final,Sweden,Bulgaria,19,12,8,10,7,7,17,,
2021,final,Sweden,Cyprus,14,16,11,14,9,6,16,,
2021,final,Sweden,Finland,1,14,12,5,8,18,19,,
2021,final,Sweden,France,5,5,2,8,4,9,10,,
2021,final,Sweden,Germany,21,20,21,24,13,12,20,,
2021,final,Sweden,Greece,17,23,24,19,20,17,23,,
2021,final,Sweden,Iceland,2,4,3,7,12,13,2,,
2021,final,Sweden,Israel,20,7,15,16,15,1,4,,
2021,final,Sweden,Italy,8,2,5,6,1,20,3,,
2021,final,Sweden,Lithuania,4,15,9,22,10,19,5,,
2021,final,Sweden,Malta,9,1,7,1,3,2,6,,
2021,final,Sweden,Moldova,13,24,18,25,18,24,21,,
2021,final,Sweden,Netherlands,22,18,14,15,19,14,12,,
2021,final,Sweden,Norway,3,9,19,9,6,3,11,,
2021,final,Sweden,Portugal,11,11,16,2,17,8,15,,
2021,final,Sweden,Russia,12,8,4,13,5,11,9,,
2021,final,Sweden,San Marino,23,19,22,11,11,22,18,,
2021,final,Sweden,Serbia,10,21,17,20,24,21,13,,
2021,final,Sweden,Spain,24,22,25,17,25,16,24,,
2021,final,Sweden,Switzerland,6,6,10,4,2,15,8,,
2021,final,Sweden,Ukraine,7,3,1,23,14,25,1,,
2021,final,Sweden,United Kingdom,25,17,23,18,16,4,25,,
2021,final,Switzerland,Albania,4,11,6,10,13,10,14,,
2021,final,Switzerland,Azerbaijan,19,9,1,19,11,19,10,,
2021,final,Switzerland,Belgium,21,20,22,17,17,16,11,,
2021,final,Switzerland,Bulgaria,16,2,5,3,7,1,4,,
2021,final,Switzerland,Cyprus,20,13,18,14,21,5,9,,
2021,final,Switzerland,Finland,7,10,9,5,9,11,7,,
2021,final,Switzerland,France,5,1,8,1,1,3,2,,
2021,final,Switzerland,Germany,14,23,20,22,22,25,18,,
2021,final,Switzerland,Greece,13,14,11,15,18,6,15,,
2021,final,Switzerland,Iceland,6,6,21,4,5,15,6,,
2021,final,Switzerland,Israel,18,16,7,8,23,17,20,,
2021,final,Switzerland,Italy,2,3,14,2,2,14,1,,
2021,final,Switzerland,Lithuania,10,7,3,13,14,7,8,,
2021,final,Switzerland,Malta,12,5,4,7,3,8,5,,
2021,final,Switzerland,Moldova,23,24,17,25,24,24,24,,
2021,final,Switzerland,Netherlands,22,15,24,12,8,9,16,,
2021,final,Switzerland,Norway,15,25,25,23,25,20,25,,
2021,final,Switzerland,Portugal,3,4,16,6,4,2,3,,
2021,final,Switzerland,Russia,11,8,2,11,6,21,17,,
2021,final,Switzerland,San Marino,24,18,12,16,20,13,12,,
2021,final,Switzerland,Serbia,1,19,10,24,15,12,22,,
2021,final,Switzerland,Spain,17,21,13,20,16,18,19,,
2021,final,Switzerland,Sweden,8,12,23,18,10,4,13,,
2021,final,Switzerland,Ukraine,9,17,15,9,12,23,21,,
2021,final,Switzerland,United Kingdom,25,22,19,21,19,22,23,,
2021,final,Ukraine,Albania,21,24,24,23,15,22,22,,
2021,final,Ukraine,Azerbaijan,8,8,8,9,11,15,3,,
2021,final,Ukraine,Belgium,10,5,5,3,3,10,20,,
2021,final,Ukraine,Bulgaria,17,14,10,14,16,9,16,,
2021,final,Ukraine,Cyprus,15,16,18,8,13,12,24,,
2021,final,Ukraine,Finland,3,17,14,19,9,14,14,,
2021,final,Ukraine,France,6,2,2,12,10,1,2,,
2021,final,Ukraine,Germany,14,20,21,18,19,21,13,,
2021,final,Ukraine,Greece,16,15,13,16,20,6,21,,
2021,final,Ukraine,Iceland,5,7,7,11,5,8,6,,
2021,final,Ukraine,Israel,13,4,17,4,2,5,4,,
2021,final,Ukraine,Italy,1,1,1,1,4,2,1,,
2021,final,Ukraine,Lithuania,2,11,9,13,8,11,7,,
2021,final,Ukraine,Malta,11,6,6,6,6,3,10,,
2021,final,Ukraine,Moldova,18,19,20,15,24,13,19,,
2021,final,Ukraine,Netherlands,24,23,23,20,17,24,18,,
2021,final,Ukraine,Norway,12,10,19,2,14,19,11,,
2021,final,Ukraine,Portugal,19,9,12,7,7,17,5,,
2021,final,Ukraine,Russia,7,22,15,17,25,25,25,,
2021,final,Ukraine,San Marino,20,25,25,25,23,18,17,,
2021,final,Ukraine,Serbia,22,21,16,24,22,16,23,,
2021,final,Ukraine,Spain,25,13,4,21,18,20,15,,
2021,final,Ukraine,Sweden,9,12,11,10,12,7,8,,
2021,final,Ukraine,Switzerland,4,3,3,5,1,4,12,,
2021,final,Ukraine,United Kingdom,23,18,22,22,21,23,9,,
2021,final,United Kingdom,Albania,21,22,21,18,19,16,15,,
2021,final,United Kingdom,Azerbaijan,19,19,25,22,17,19,9,,
2021,final,United Kingdom,Belgium,25,10,11,6,22,9,6,,
2021,final,United Kingdom,Bulgaria,3,6,13,7,5,6,4,,
2021,final,United Kingdom,Cyprus,13,21,15,14,13,17,23,,
2021,final,United Kingdom,Finland,4,7,3,13,8,4,16,,
2021,final,United Kingdom,France,6,1,4,2,2,3,1,,
2021,final,United Kingdom,Germany,15,24,16,23,15,24,25,,
2021,final,United Kingdom,Greece,16,20,18,12,23,22,12,,
2021,final,United Kingdom,Iceland,2,2,5,1,1,2,14,,
2021,final,United Kingdom,Israel,18,5,1,11,12,11,5,,
2021,final,United Kingdom,Italy,8,17,14,15,9,14,24,,
2021,final,United Kingdom,Lithuania,1,23,22,20,25,21,13,,
2021,final,United Kingdom,Malta,5,16,12,10,11,15,18,,
2021,final,United Kingdom,Moldova,20,13,23,17,21,23,2,,
2021,final,United Kingdom,Netherlands,22,11,6,21,6,8,20,,
2021,final,United Kingdom,Norway,9,25,20,25,16,25,22,,
2021,final,United Kingdom,Portugal,11,4,2,9,3,5,19,,
2021,final,United Kingdom,Russia,14,15,17,16,18,13,7,,
2021,final,United Kingdom,San Marino,17,8,10,4,10,10,10,,
2021,final,United Kingdom,Serbia,23,12,19,8,4,18,11,,
2021,final,United Kingdom,Spain,24,9,8,5,7,12,17,,
2021,final,United Kingdom,Sweden,12,14,7,19,24,7,21,,
2021,final,United Kingdom,Switzerland,10,3,9,3,14,1,3,,
2021,final,United Kingdom,Ukraine,7,18,24,24,20,20,8,,
2022,semi-final-1,Albania,Armenia,4,4,3,5,4,2,8,,
2022,semi-final-1,Albania,Austria,7,16,12,15,12,15,15,,
2022,semi-final-1,Albania,Bulgaria,1,10,14,16,5,16,6,,
2022,semi-final-1,Albania,Croatia,5,8,1,9,9,10,13,,
2022,semi-final-1,Albania,Denmark,12,11,6,13,10,9,14,,
2022,semi-final-1,Albania,Greece,2,3,7,4,1,3,5,,
2022,semi-final-1,Albania,Iceland,14,6,4,8,11,12,1,,
2022,semi-final-1,Albania,Latvia,16,13,15,11,15,7,9,,
2022,semi-final-1,Albania,Lithuania,10,14,13,7,14,11,12,,
2022,semi-final-1,Albania,Moldova,11,15,10,14,13,14,10,,
2022,semi-final-1,Albania,Netherlands,8,2,5,2,2,4,2,,
2022,semi-final-1,Albania,Norway,9,9,9,12,7,8,11,,
2022,semi-final-1,Albania,Portugal,6,7,8,3,6,6,16,,
2022,semi-final-1,Albania,Slovenia,15,12,16,10,16,13,4,,
2022,semi-final-1,Albania,Switzerland,13,5,2,6,8,5,7,,
2022,semi-final-1,Albania,Ukraine,3,1,11,1,3,1,3,,
2022,semi-final-1,Armenia,Albania,9,16,12,16,10,15,12,,
2022,semi-final-1,Armenia,Austria,6,11,14,7,13,11,9,,
2022,semi-final-1,Armenia,Bulgaria,14,12,13,11,6,13,14,,
2022,semi-final-1,Armenia,Croatia,11,7,15,9,7,6,6,,
2022,semi-final-1,Armenia,Denmark,15,15,16,8,11,16,15,,
2022,semi-final-1,Armenia,Greece,2,3,3,5,1,2,3,,
2022,semi-final-1,Armenia,Iceland,12,8,9,6,9,7,16,,
2022,semi-final-1,Armenia,Latvia,16,9,5,15,16,14,8,,
2022,semi-final-1,Armenia,Lithuania,4,14,10,14,15,10,13,,
2022,semi-final-1,Armenia,Moldova,5,10,7,10,12,12,10,,
2022,semi-final-1,Armenia,Netherlands,7,1,2,1,3,1,4,,
2022,semi-final-1,Armenia,Norway,8,5,8,2,2,4,7,,
2022,semi-final-1,Armenia,Portugal,3,2,1,3,5,3,1,,
2022,semi-final-1,Armenia,Slovenia,13,13,11,12,14,9,11,,
2022,semi-final-1,Armenia,Switzerland,10,6,6,13,8,8,5,,
2022,semi-final-1,Armenia,Ukraine,1,4,4,4,4,5,2,,
2022,semi-final-1,Austria,Albania,9,16,16,16,16,16,15,,
2022,semi-final-1,Austria,Armenia,3,1,4,1,8,1,3,,
2022,semi-final-1,Austria,Bulgaria,15,13,12,10,13,11,14,,
2022,semi-final-1,Austria,Croatia,5,8,6,6,10,4,7,,
2022,semi-final-1,Austria,Denmark,14,6,7,2,6,5,10,,
2022,semi-final-1,Austria,Greece,13,5,3,8,9,3,6,,
2022,semi-final-1,Austria,Iceland,11,9,10,12,4,10,8,,
2022,semi-final-1,Austria,Latvia,16,10,14,7,3,14,13,,
2022,semi-final-1,Austria,Lithuania,7,12,15,13,11,6,9,,
2022,semi-final-1,Austria,Moldova,2,14,11,15,12,12,16,,
2022,semi-final-1,Austria,Netherlands,6,3,1,3,7,8,2,,
2022,semi-final-1,Austria,Norway,4,7,2,9,5,15,5,,
2022,semi-final-1,Austria,Portugal,10,2,9,5,1,2,1,,
2022,semi-final-1,Austria,Slovenia,12,15,13,14,15,13,12,,
2022,semi-final-1,Austria,Switzerland,8,4,8,4,2,9,4,,
2022,semi-final-1,Austria,Ukraine,1,11,5,11,14,7,11,,
2022,semi-final-1,Bulgaria,Albania,10,16,16,16,16,16,16,,
2022,semi-final-1,Bulgaria,Armenia,2,3,3,2,3,3,2,,
2022,semi-final-1,Bulgaria,Austria,11,13,13,15,12,11,14,,
2022,semi-final-1,Bulgaria,Croatia,9,5,6,5,5,7,5,,
2022,semi-final-1,Bulgaria,Denmark,13,9,11,6,9,6,6,,
2022,semi-final-1,Bulgaria,Greece,4,2,2,7,4,1,1,,
2022,semi-final-1,Bulgaria,Iceland,15,14,12,10,15,15,15,,
2022,semi-final-1,Bulgaria,Latvia,16,8,10,12,6,2,8,,
2022,semi-final-1,Bulgaria,Lithuania,6,12,14,14,14,14,9,,
2022,semi-final-1,Bulgaria,Moldova,3,10,8,11,8,10,10,,
2022,semi-final-1,Bulgaria,Netherlands,8,7,5,3,11,8,7,,
2022,semi-final-1,Bulgaria,Norway,7,4,4,8,2,4,13,,
2022,semi-final-1,Bulgaria,Portugal,5,6,9,4,7,9,4,,
2022,semi-final-1,Bulgaria,Slovenia,14,15,15,13,13,13,12,,
2022,semi-final-1,Bulgaria,Switzerland,12,1,1,1,1,5,3,,
2022,semi-final-1,Bulgaria,Ukraine,1,11,7,9,10,12,11,,
2022,semi-final-1,Croatia,Albania,9,14,16,12,16,14,9,,
2022,semi-final-1,Croatia,Armenia,6,10,9,11,10,10,10,,
2022,semi-final-1,Croatia,Austria,7,15,13,13,13,13,16,,
2022,semi-final-1,Croatia,Bulgaria,14,16,15,14,15,15,15,,
2022,semi-final-1,Croatia,Denmark,12,8,6,6,8,9,6,,
2022,semi-final-1,Croatia,Greece,11,3,2,5,2,4,1,,
2022,semi-final-1,Croatia,Iceland,15,7,8,3,9,8,7,,
2022,semi-final-1,Croatia,Latvia,13,11,11,10,11,12,11,,
2022,semi-final-1,Croatia,Lithuania,5,2,3,2,1,2,4,,
2022,semi-final-1,Croatia,Moldova,2,13,12,9,14,16,13,,
2022,semi-final-1,Croatia,Netherlands,8,9,4,15,5,7,12,,
2022,semi-final-1,Croatia,Norway,4,12,14,8,12,11,14,,
2022,semi-final-1,Croatia,Portugal,10,1,5,1,3,1,2,,
2022,semi-final-1,Croatia,Slovenia,3,6,10,4,4,6,8,,
2022,semi-final-1,Croatia,Switzerland,16,5,1,16,7,5,5,,
2022,semi-final-1,Croatia,Ukraine,1,4,7,7,6,3,3,,
2022,semi-final-1,Denmark,Albania,15,16,16,15,16,10,15,,
2022,semi-final-1,Denmark,Armenia,6,9,8,11,5,6,13,,
2022,semi-final-1,Denmark,Austria,9,13,10,8,11,14,10,,
2022,semi-final-1,Denmark,Bulgaria,14,15,13,14,9,13,14,,
2022,semi-final-1,Denmark,Croatia,13,12,12,9,12,11,8,,
2022,semi-final-1,Denmark,Greece,11,2,6,5,3,1,2,,
2022,semi-final-1,Denmark,Iceland,4,7,5,6,8,7,6,,
2022,semi-final-1,Denmark,Latvia,12,10,15,13,14,12,4,,
2022,semi-final-1,Denmark,Lithuania,3,6,2,10,10,4,11,,
2022,semi-final-1,Denmark,Moldova,5,11,4,16,13,16,12,,
2022,semi-final-1,Denmark,Netherlands,7,1,1,1,2,3,7,,
2022,semi-final-1,Denmark,Norway,2,8,9,12,6,9,3,,
2022,semi-final-1,Denmark,Portugal,8,3,11,2,1,2,5,,
2022,semi-final-1,Denmark,Slovenia,16,14,14,7,15,15,16,,
2022,semi-final-1,Denmark,Switzerland,10,5,3,4,4,5,9,,
2022,semi-final-1,Denmark,Ukraine,1,4,7,3,7,8,1,,
2022,semi-final-1,France,Albania,6,17,17,17,12,17,17,,
2022,semi-final-1,France,Armenia,1,4,7,5,1,9,3,,
2022,semi-final-1,France,Austria,11,10,11,13,10,4,10,,
2022,semi-final-1,France,Bulgaria,16,15,13,12,14,14,11,,
2022,semi-final-1,France,Croatia,15,11,4,14,7,15,14,,
2022,semi-final-1,France,Denmark,14,12,9,7,15,8,13,,
2022,semi-final-1,France,Greece,10,1,1,1,3,7,6,,
2022,semi-final-1,France,Iceland,8,7,14,6,6,2,7,,
2022,semi-final-1,France,Latvia,12,14,15,9,13,12,9,,
2022,semi-final-1,France,Lithuania,5,9,6,8,16,6,12,,
2022,semi-final-1,France,Moldova,4,13,12,15,11,16,4,,
2022,semi-final-1,France,Netherlands,7,3,2,11,2,3,8,,
2022,semi-final-1,France,Norway,9,8,8,10,4,5,16,,
2022,semi-final-1,France,Portugal,3,5,5,4,8,10,1,,
2022,semi-final-1,France,Slovenia,13,16,16,16,17,13,15,,
2022,semi-final-1,France,Switzerland,17,6,3,3,5,11,5,,
2022,semi-final-1,France,Ukraine,2,2,10,2,9,1,2,,
2022,semi-final-1,Greece,Albania,1,1,1,7,9,1,5,,
2022,semi-final-1,Greece,Armenia,3,11,8,5,10,9,8,,
2022,semi-final-1,Greece,Austria,9,9,10,8,16,8,3,,
2022,semi-final-1,Greece,Bulgaria,10,2,12,2,7,2,2,,
2022,semi-final-1,Greece,Croatia,11,3,14,1,2,4,13,,
2022,semi-final-1,Greece,Denmark,12,12,11,10,4,13,6,,
2022,semi-final-1,Greece,Iceland,14,15,13,9,8,16,12,,
2022,semi-final-1,Greece,Latvia,13,7,6,4,14,10,4,,
2022,semi-final-1,Greece,Lithuania,6,14,3,12,15,15,15,,
2022,semi-final-1,Greece,Moldova,5,4,5,3,1,14,9,,
2022,semi-final-1,Greece,Netherlands,7,5,2,16,5,3,16,,
2022,semi-final-1,Greece,Norway,4,10,16,15,3,5,11,,
2022,semi-final-1,Greece,Portugal,8,6,4,14,13,11,1,,
2022,semi-final-1,Greece,Slovenia,16,16,9,11,12,12,14,,
2022,semi-final-1,Greece,Switzerland,15,13,15,6,11,7,10,,
2022,semi-final-1,Greece,Ukraine,2,8,7,13,6,6,7,,
2022,semi-final-1,Iceland,Albania,16,14,10,16,8,15,14,,
2022,semi-final-1,Iceland,Armenia,8,8,4,10,9,5,12,,
2022,semi-final-1,Iceland,Austria,7,11,15,14,6,11,10,,
2022,semi-final-1,Iceland,Bulgaria,12,13,8,12,14,12,13,,
2022,semi-final-1,Iceland,Croatia,14,12,9,13,12,10,11,,
2022,semi-final-1,Iceland,Denmark,5,10,13,7,13,9,8,,
2022,semi-final-1,Iceland,Greece,13,9,11,6,4,14,7,,
2022,semi-final-1,Iceland,Latvia,11,7,14,8,5,3,9,,
2022,semi-final-1,Iceland,Lithuania,6,3,3,3,11,8,1,,
2022,semi-final-1,Iceland,Moldova,4,15,16,11,10,13,16,,
2022,semi-final-1,Iceland,Netherlands,3,4,7,5,1,6,6,,
2022,semi-final-1,Iceland,Norway,2,1,1,1,2,1,4,,
2022,semi-final-1,Iceland,Portugal,9,5,6,2,7,7,3,,
2022,semi-final-1,Iceland,Slovenia,15,16,12,15,16,16,15,,
2022,semi-final-1,Iceland,Switzerland,10,6,5,9,15,4,5,,
2022,semi-final-1,Iceland,Ukraine,1,2,2,4,3,2,2,,
2022,semi-final-1,Italy,Albania,3,14,11,17,11,5,11,,
2022,semi-final-1,Italy,Armenia,4,3,14,1,8,6,2,,
2022,semi-final-1,Italy,Austria,9,8,10,10,13,9,3,,
2022,semi-final-1,Italy,Bulgaria,16,15,8,16,6,10,15,,
2022,semi-final-1,Italy,Croatia,14,7,16,4,14,7,4,,
2022,semi-final-1,Italy,Denmark,12,17,6,12,16,11,12,,
2022,semi-final-1,Italy,Greece,8,1,1,13,1,8,1,,
2022,semi-final-1,Italy,Iceland,15,16,5,14,15,14,10,,
2022,semi-final-1,Italy,Latvia,11,10,17,2,10,15,17,,
2022,semi-final-1,Italy,Lithuania,10,9,15,15,12,4,5,,
2022,semi-final-1,Italy,Moldova,2,6,7,6,9,1,9,,
2022,semi-final-1,Italy,Netherlands,7,2,4,5,2,2,8,,
2022,semi-final-1,Italy,Norway,6,13,13,9,5,12,13,,
2022,semi-final-1,Italy,Portugal,5,11,12,11,3,13,14,,
2022,semi-final-1,Italy,Slovenia,17,12,9,3,17,17,16,,
2022,semi-final-1,Italy,Switzerland,13,5,2,7,4,16,6,,
2022,semi-final-1,Italy,Ukraine,1,4,3,8,7,3,7,,
2022,semi-final-1,Latvia,Albania,16,16,16,15,16,16,15,,
2022,semi-final-1,Latvia,Armenia,7,9,7,5,10,3,9,,
2022,semi-final-1,Latvia,Austria,10,13,11,14,12,12,16,,
2022,semi-final-1,Latvia,Bulgaria,15,15,15,11,14,14,12,,
2022,semi-final-1,Latvia,Croatia,14,11,10,4,11,11,10,,
2022,semi-final-1,Latvia,Denmark,9,5,3,12,8,5,3,,
2022,semi-final-1,Latvia,Greece,13,2,5,1,2,4,5,,
2022,semi-final-1,Latvia,Iceland,6,3,1,2,13,6,8,,
2022,semi-final-1,Latvia,Lithuania,2,10,13,7,5,10,4,,
2022,semi-final-1,Latvia,Moldova,3,14,14,10,15,13,14,,
2022,semi-final-1,Latvia,Netherlands,8,8,8,3,4,8,11,,
2022,semi-final-1,Latvia,Norway,4,4,4,16,3,2,6,,
2022,semi-final-1,Latvia,Portugal,5,6,6,9,9,7,2,,
2022,semi-final-1,Latvia,Slovenia,12,12,12,13,6,15,13,,
2022,semi-final-1,Latvia,Switzerland,11,7,2,8,7,9,7,,
2022,semi-final-1,Latvia,Ukraine,1,1,9,6,1,1,1,,
2022,semi-final-1,Lithuania,Albania,16,14,14,16,16,13,11,,
2022,semi-final-1,Lithuania,Armenia,7,11,9,12,7,12,14,,
2022,semi-final-1,Lithuania,Austria,12,16,16,14,15,16,15,,
2022,semi-final-1,Lithuania,Bulgaria,15,12,11,10,14,11,9,,
2022,semi-final-1,Lithuania,Croatia,13,13,13,13,11,14,16,,
2022,semi-final-1,Lithuania,Denmark,10,6,2,8,6,9,13,,
2022,semi-final-1,Lithuania,Greece,11,5,5,7,4,6,1,,
2022,semi-final-1,Lithuania,Iceland,9,7,7,4,9,10,7,,
2022,semi-final-1,Lithuania,Latvia,2,9,10,5,12,7,8,,
2022,semi-final-1,Lithuania,Moldova,4,10,12,11,10,8,10,,
2022,semi-final-1,Lithuania,Netherlands,5,3,6,3,5,2,5,,
2022,semi-final-1,Lithuania,Norway,6,8,8,9,8,5,6,,
2022,semi-final-1,Lithuania,Portugal,3,4,4,6,3,4,4,,
2022,semi-final-1,Lithuania,Slovenia,14,15,15,15,13,15,12,,
2022,semi-final-1,Lithuania,Switzerland,8,2,1,1,2,3,3,,
2022,semi-final-1,Lithuania,Ukraine,1,1,3,2,1,1,2,,
2022,semi-final-1,Moldova,Albania,16,15,16,16,15,16,9,,
2022,semi-final-1,Moldova,Armenia,4,5,5,4,7,7,3,,
2022,semi-final-1,Moldova,Austria,9,16,14,14,16,13,16,,
2022,semi-final-1,Moldova,Bulgaria,6,13,15,9,14,14,12,,
2022,semi-final-1,Moldova,Croatia,11,14,13,12,10,15,14,,
2022,semi-final-1,Moldova,Denmark,8,12,11,13,12,8,15,,
2022,semi-final-1,Moldova,Greece,10,3,6,3,9,3,2,,
2022,semi-final-1,Moldova,Iceland,12,8,8,7,11,9,6,,
2022,semi-final-1,Moldova,Latvia,14,7,4,10,3,6,10,,
2022,semi-final-1,Moldova,Lithuania,5,11,12,15,8,10,13,,
2022,semi-final-1,Moldova,Netherlands,3,9,10,8,6,12,7,,
2022,semi-final-1,Moldova,Norway,2,4,7,5,4,4,4,,
2022,semi-final-1,Moldova,Portugal,7,6,3,6,5,5,8,,
2022,semi-final-1,Moldova,Slovenia,13,10,9,11,13,11,11,,
2022,semi-final-1,Moldova,Switzerland,15,2,2,2,1,2,5,,
2022,semi-final-1,Moldova,Ukraine,1,1,1,1,2,1,1,,
2022,semi-final-1,Netherlands,Albania,14,14,14,16,13,10,8,,
2022,semi-final-1,Netherlands,Armenia,3,7,3,4,11,4,9,,
2022,semi-final-1,Netherlands,Austria,16,13,13,13,15,6,16,,
2022,semi-final-1,Netherlands,Bulgaria,15,15,15,12,10,15,10,,
2022,semi-final-1,Netherlands,Croatia,12,8,8,10,5,5,6,,
2022,semi-final-1,Netherlands,Denmark,11,12,10,11,8,8,12,,
2022,semi-final-1,Netherlands,Greece,8,1,2,1,6,14,1,,
2022,semi-final-1,Netherlands,Iceland,7,6,7,6,2,16,3,,
2022,semi-final-1,Netherlands,Latvia,10,16,16,14,14,9,15,,
2022,semi-final-1,Netherlands,Lithuania,6,9,6,9,16,11,5,,
2022,semi-final-1,Netherlands,Moldova,2,11,9,7,7,12,13,,
2022,semi-final-1,Netherlands,Norway,4,5,11,8,1,1,11,,
2022,semi-final-1,Netherlands,Portugal,5,2,1,3,3,13,4,,
2022,semi-final-1,Netherlands,Slovenia,13,10,12,15,12,3,14,,
2022,semi-final-1,Netherlands,Switzerland,9,4,5,2,9,7,2,,
2022,semi-final-1,Netherlands,Ukraine,1,3,4,5,4,2,7,,
2022,semi-final-1,Norway,Albania,13,13,12,13,15,7,15,,
2022,semi-final-1,Norway,Armenia,6,4,10,3,1,5,5,,
2022,semi-final-1,Norway,Austria,8,11,7,14,11,15,12,,
2022,semi-final-1,Norway,Bulgaria,15,16,9,15,12,14,16,,
2022,semi-final-1,Norway,Croatia,14,15,11,11,14,16,11,,
2022,semi-final-1,Norway,Denmark,7,8,3,7,5,10,10,,
2022,semi-final-1,Norway,Greece,1,1,1,5,2,6,1,,
2022,semi-final-1,Norway,Iceland,4,9,14,6,7,9,13,,
2022,semi-final-1,Norway,Latvia,12,12,13,9,16,11,9,,
2022,semi-final-1,Norway,Lithuania,3,6,4,8,10,2,14,,
2022,semi-final-1,Norway,Moldova,5,10,8,16,8,13,6,,
2022,semi-final-1,Norway,Netherlands,10,3,5,2,4,4,2,,
2022,semi-final-1,Norway,Portugal,9,2,6,1,3,1,7,,
2022,semi-final-1,Norway,Slovenia,16,14,15,12,13,12,8,,
2022,semi-final-1,Norway,Switzerland,11,7,16,4,6,8,4,,
2022,semi-final-1,Norway,Ukraine,2,5,2,10,9,3,3,,
2022,semi-final-1,Portugal,Albania,14,16,12,16,16,16,12,,
2022,semi-final-1,Portugal,Armenia,6,8,9,7,7,6,7,,
2022,semi-final-1,Portugal,Austria,15,11,13,12,15,15,3,,
2022,semi-final-1,Portugal,Bulgaria,16,15,16,13,11,13,16,,
2022,semi-final-1,Portugal,Croatia,10,13,14,11,10,7,10,,
2022,semi-final-1,Portugal,Denmark,8,12,11,14,6,11,9,,
2022,semi-final-1,Portugal,Greece,7,6,4,9,5,3,6,,
2022,semi-final-1,Portugal,Iceland,9,2,3,5,1,10,1,,
2022,semi-final-1,Portugal,Latvia,12,1,1,1,3,2,5,,
2022,semi-final-1,Portugal,Lithuania,5,5,2,10,4,12,2,,
2022,semi-final-1,Portugal,Moldova,2,10,8,4,14,14,15,,
2022,semi-final-1,Portugal,Netherlands,3,3,7,6,2,5,4,,
2022,semi-final-1,Portugal,Norway,4,9,10,8,13,4,11,,
2022,semi-final-1,Portugal,Slovenia,13,14,15,15,9,9,13,,
2022,semi-final-1,Portugal,Switzerland,11,7,6,2,8,8,14,,
2022,semi-final-1,Portugal,Ukraine,1,4,5,3,12,1,8,,
2022,semi-final-1,Slovenia,Albania,5,15,16,15,12,15,13,,
2022,semi-final-1,Slovenia,Armenia,11,10,13,9,10,11,14,,
2022,semi-final-1,Slovenia,Austria,13,14,15,14,14,13,12,,
2022,semi-final-1,Slovenia,Bulgaria,16,16,14,16,16,16,16,,
2022,semi-final-1,Slovenia,Croatia,1,3,5,2,6,3,3,,
2022,semi-final-1,Slovenia,Denmark,10,12,8,13,13,14,11,,
2022,semi-final-1,Slovenia,Greece,3,6,2,7,4,5,4,,
2022,semi-final-1,Slovenia,Iceland,12,13,12,11,11,10,15,,
2022,semi-final-1,Slovenia,Latvia,15,8,9,8,9,8,9,,
2022,semi-final-1,Slovenia,Lithuania,6,1,7,3,1,1,2,,
2022,semi-final-1,Slovenia,Moldova,4,11,11,10,15,12,10,,
2022,semi-final-1,Slovenia,Netherlands,8,2,3,6,2,6,1,,
2022,semi-final-1,Slovenia,Norway,7,9,10,12,8,7,8,,
2022,semi-final-1,Slovenia,Portugal,9,5,1,4,3,9,7,,
2022,semi-final-1,Slovenia,Switzerland,14,7,4,5,7,2,5,,
2022,semi-final-1,Slovenia,Ukraine,2,4,6,1,5,4,6,,
2022,semi-final-1,Switzerland,Albania,3,16,16,12,16,16,13,,
2022,semi-final-1,Switzerland,Armenia,6,10,7,5,14,7,8,,
2022,semi-final-1,Switzerland,Austria,7,15,15,16,12,14,10,,
2022,semi-final-1,Switzerland,Bulgaria,15,14,11,15,11,9,15,,
2022,semi-final-1,Switzerland,Croatia,5,11,8,13,6,8,9,,
2022,semi-final-1,Switzerland,Denmark,13,6,12,2,8,4,11,,
2022,semi-final-1,Switzerland,Greece,12,2,5,3,2,3,4,,
2022,semi-final-1,Switzerland,Iceland,10,5,4,7,7,5,6,,
2022,semi-final-1,Switzerland,Latvia,14,9,13,9,1,13,12,,
2022,semi-final-1,Switzerland,Lithuania,8,8,10,10,5,6,5,,
2022,semi-final-1,Switzerland,Moldova,4,12,14,8,10,15,7,,
2022,semi-final-1,Switzerland,Netherlands,9,1,1,1,4,1,3,,
2022,semi-final-1,Switzerland,Norway,11,4,9,4,3,12,2,,
2022,semi-final-1,Switzerland,Portugal,1,7,3,11,15,2,14,,
2022,semi-final-1,Switzerland,Slovenia,16,13,6,14,13,11,16,,
2022,semi-final-1,Switzerland,Ukraine,2,3,2,6,9,10,1,,
2022,semi-final-1,Ukraine,Albania,16,16,16,16,11,16,15,,
2022,semi-final-1,Ukraine,Armenia,9,2,1,2,7,1,3,,
2022,semi-final-1,Ukraine,Austria,8,13,7,14,10,15,12,,
2022,semi-final-1,Ukraine,Bulgaria,14,11,13,6,12,11,7,,
2022,semi-final-1,Ukraine,Croatia,13,8,12,7,5,9,9,,
2022,semi-final-1,Ukraine,Denmark,11,6,6,8,3,5,8,,
2022,semi-final-1,Ukraine,Greece,10,4,3,11,6,3,5,,
2022,semi-final-1,Ukraine,Iceland,3,7,8,9,8,6,6,,
2022,semi-final-1,Ukraine,Latvia,6,12,10,13,9,7,13,,
2022,semi-final-1,Ukraine,Lithuania,1,14,14,12,13,12,14,,
2022,semi-final-1,Ukraine,Moldova,2,9,9,3,16,14,11,,
2022,semi-final-1,Ukraine,Netherlands,5,1,2,1,1,4,4,,
2022,semi-final-1,Ukraine,Norway,4,10,11,10,4,13,10,,
2022,semi-final-1,Ukraine,Portugal,7,3,4,4,2,2,1,,
2022,semi-final-1,Ukraine,Slovenia,15,15,15,15,15,10,16,,
2022,semi-final-1,Ukraine,Switzerland,12,5,5,5,14,8,2,,
2022,semi-final-2,Australia,Azerbaijan,16,8,10,5,3,12,9,,
2022,semi-final-2,Australia,Belgium,15,3,9,7,2,3,3,,
2022,semi-final-2,Australia,Cyprus,12,17,16,17,11,17,15,,
2022,semi-final-2,Australia,Czechia,4,9,8,8,7,8,6,,
2022,semi-final-2,Australia,Estonia,8,6,4,3,6,9,11,,
2022,semi-final-2,Australia,Finland,9,12,17,6,17,6,16,,
2022,semi-final-2,Australia,Georgia,10,10,14,14,13,1,10,,
2022,semi-final-2,Australia,Ireland,3,5,5,2,4,15,13,,
2022,semi-final-2,Australia,Israel,11,2,2,1,16,13,2,,
2022,semi-final-2,Australia,Malta,14,13,15,10,14,16,5,,
2022,semi-final-2,Australia,Montenegro,17,14,13,12,8,14,8,,
2022,semi-final-2,Australia,North Macedonia,13,4,7,13,5,5,1,,
2022,semi-final-2,Australia,Poland,5,11,12,9,9,7,12,,
2022,semi-final-2,Australia,Romania,7,16,11,15,10,10,14,,
2022,semi-final-2,Australia,San Marino,6,15,6,16,12,11,17,,
2022,semi-final-2,Australia,Serbia,1,7,3,11,15,4,7,,
2022,semi-final-2,Australia,Sweden,2,1,1,4,1,2,4,,
2022,semi-final-2,Azerbaijan,Australia,4,,,,,,,,
2022,semi-final-2,Azerbaijan,Belgium,7,,,,,,,,
2022,semi-final-2,Azerbaijan,Cyprus,1,,,,,,,,
2022,semi-final-2,Azerbaijan,Czechia,9,,,,,,,,
2022,semi-final-2,Azerbaijan,Estonia,16,,,,,,,,
2022,semi-final-2,Azerbaijan,Finland,6,,,,,,,,
2022,semi-final-2,Azerbaijan,Georgia,12,,,,,,,,
2022,semi-final-2,Azerbaijan,Ireland,15,,,,,,,,
2022,semi-final-2,Azerbaijan,Israel,2,,,,,,,,
2022,semi-final-2,Azerbaijan,Malta,8,,,,,,,,
2022,semi-final-2,Azerbaijan,Montenegro,13,,,,,,,,
2022,semi-final-2,Azerbaijan,North Macedonia,17,,,,,,,,
2022,semi-final-2,Azerbaijan,Poland,10,,,,,,,,
2022,semi-final-2,Azerbaijan,Romania,5,,,,,,,,
2022,semi-final-2,Azerbaijan,San Marino,14,,,,,,,,
2022,semi-final-2,Azerbaijan,Serbia,11,,,,,,,,
2022,semi-final-2,Azerbaijan,Sweden,3,,,,,,,,
2022,semi-final-2,Belgium,Australia,8,3,5,2,8,5,3,,
2022,semi-final-2,Belgium,Azerbaijan,14,8,16,1,14,12,5,,
2022,semi-final-2,Belgium,Cyprus,12,13,7,15,9,15,9,,
2022,semi-final-2,Belgium,Czechia,6,7,4,7,12,2,12,,
2022,semi-final-2,Belgium,Estonia,4,12,14,6,11,7,10,,
2022,semi-final-2,Belgium,Finland,7,6,1,9,7,14,6,,
2022,semi-final-2,Belgium,Georgia,15,11,15,16,3,8,16,,
2022,semi-final-2,Belgium,Ireland,10,10,13,4,10,9,13,,
2022,semi-final-2,Belgium,Israel,11,4,8,8,1,3,7,,
2022,semi-final-2,Belgium,Malta,9,14,12,5,15,16,11,,
2022,semi-final-2,Belgium,Montenegro,17,17,11,14,17,11,17,,
2022,semi-final-2,Belgium,North Macedonia,16,15,10,12,16,13,8,,
2022,semi-final-2,Belgium,Poland,1,5,3,11,6,6,4,,
2022,semi-final-2,Belgium,Romania,3,16,9,10,13,17,15,,
2022,semi-final-2,Belgium,San Marino,13,1,6,3,4,1,2,,
2022,semi-final-2,Belgium,Serbia,5,9,17,17,2,10,14,,
2022,semi-final-2,Belgium,Sweden,2,2,2,13,5,4,1,,
2022,semi-final-2,Cyprus,Australia,7,2,2,3,3,3,4,,
2022,semi-final-2,Cyprus,Azerbaijan,13,5,1,17,10,1,12,,
2022,semi-final-2,Cyprus,Belgium,5,8,5,8,8,5,15,,
2022,semi-final-2,Cyprus,Czechia,6,7,16,6,6,7,6,,
2022,semi-final-2,Cyprus,Estonia,8,4,7,5,4,4,5,,
2022,semi-final-2,Cyprus,Finland,9,9,11,7,7,12,11,,
2022,semi-final-2,Cyprus,Georgia,16,14,14,11,14,15,7,,
2022,semi-final-2,Cyprus,Ireland,14,10,10,12,11,6,10,,
2022,semi-final-2,Cyprus,Israel,11,11,9,13,16,8,9,,
2022,semi-final-2,Cyprus,Malta,10,12,6,16,13,10,13,,
2022,semi-final-2,Cyprus,Montenegro,17,13,15,10,9,16,8,,
2022,semi-final-2,Cyprus,North Macedonia,15,17,17,9,17,17,16,,
2022,semi-final-2,Cyprus,Poland,3,3,4,2,2,9,3,,
2022,semi-final-2,Cyprus,Romania,2,16,13,14,12,13,17,,
2022,semi-final-2,Cyprus,San Marino,12,15,8,15,15,11,14,,
2022,semi-final-2,Cyprus,Serbia,1,6,12,4,5,14,2,,
2022,semi-final-2,Cyprus,Sweden,4,1,3,1,1,2,1,,
2022,semi-final-2,Czechia,Australia,6,3,5,3,2,3,6,,
2022,semi-final-2,Czechia,Azerbaijan,15,7,7,8,10,8,4,,
2022,semi-final-2,Czechia,Belgium,13,5,4,6,7,5,8,,
2022,semi-final-2,Czechia,Cyprus,12,13,10,15,15,16,11,,
2022,semi-final-2,Czechia,Estonia,3,4,3,4,6,4,3,,
2022,semi-final-2,Czechia,Finland,2,9,12,10,3,10,16,,
2022,semi-final-2,Czechia,Georgia,11,6,6,7,9,6,5,,
2022,semi-final-2,Czechia,Ireland,10,11,13,13,14,9,7,,
2022,semi-final-2,Czechia,Israel,8,12,9,9,12,12,15,,
2022,semi-final-2,Czechia,Malta,14,10,11,11,5,11,10,,
2022,semi-final-2,Czechia,Montenegro,17,15,17,12,16,13,12,,
2022,semi-final-2,Czechia,North Macedonia,9,2,2,2,4,2,2,,
2022,semi-final-2,Czechia,Poland,4,8,8,5,8,7,9,,
2022,semi-final-2,Czechia,Romania,7,16,16,14,17,15,13,,
2022,semi-final-2,Czechia,San Marino,16,17,15,17,13,17,17,,
2022,semi-final-2,Czechia,Serbia,1,14,14,16,11,14,14,,
2022,semi-final-2,Czechia,Sweden,5,1,1,1,1,1,1,,
2022,semi-final-2,Estonia,Australia,6,2,2,3,2,2,2,,
2022,semi-final-2,Estonia,Azerbaijan,16,5,3,13,4,12,3,,
2022,semi-final-2,Estonia,Belgium,4,6,11,7,10,6,5,,
2022,semi-final-2,Estonia,Cyprus,12,13,15,8,8,15,11,,
2022,semi-final-2,Estonia,Czechia,3,4,5,9,3,4,8,,
2022,semi-final-2,Estonia,Finland,1,3,4,2,7,5,4,,
2022,semi-final-2,Estonia,Georgia,10,8,17,15,6,3,15,,
2022,semi-final-2,Estonia,Ireland,14,7,12,5,5,11,13,,
2022,semi-final-2,Estonia,Israel,15,12,13,16,12,7,6,,
2022,semi-final-2,Estonia,Malta,8,10,14,4,9,14,10,,
2022,semi-final-2,Estonia,Montenegro,17,16,16,12,15,8,16,,
2022,semi-final-2,Estonia,North Macedonia,13,14,9,10,16,10,14,,
2022,semi-final-2,Estonia,Poland,5,15,10,11,14,13,12,,
2022,semi-final-2,Estonia,Romania,9,9,8,6,13,9,9,,
2022,semi-final-2,Estonia,San Marino,11,11,6,14,11,16,7,,
2022,semi-final-2,Estonia,Serbia,7,17,7,17,17,17,17,,
2022,semi-final-2,Estonia,Sweden,2,1,1,1,1,1,1,,
2022,semi-final-2,Finland,Australia,5,2,3,6,2,5,2,,
2022,semi-final-2,Finland,Azerbaijan,14,4,8,4,4,8,9,,
2022,semi-final-2,Finland,Belgium,10,11,14,17,10,7,3,,
2022,semi-final-2,Finland,Cyprus,12,8,5,7,13,4,15,,
2022,semi-final-2,Finland,Czechia,4,5,7,8,12,1,12,,
2022,semi-final-2,Finland,Estonia,1,7,2,15,5,13,10,,
2022,semi-final-2,Finland,Georgia,9,15,12,5,15,14,17,,
2022,semi-final-2,Finland,Ireland,13,12,16,9,11,12,4,,
2022,semi-final-2,Finland,Israel,11,13,9,12,14,9,6,,
2022,semi-final-2,Finland,Malta,16,14,4,10,16,15,16,,
2022,semi-final-2,Finland,Montenegro,17,16,17,13,7,16,14,,
2022,semi-final-2,Finland,North Macedonia,15,9,11,14,3,6,13,,
2022,semi-final-2,Finland,Poland,6,10,6,11,6,11,8,,
2022,semi-final-2,Finland,Romania,8,17,10,16,17,17,11,,
2022,semi-final-2,Finland,San Marino,7,6,13,2,9,10,7,,
2022,semi-final-2,Finland,Serbia,3,3,15,1,8,2,5,,
2022,semi-final-2,Finland,Sweden,2,1,1,3,1,3,1,,
2022,semi-final-2,Georgia,Australia,9,,,,,,,,
2022,semi-final-2,Georgia,Azerbaijan,11,,,,,,,,
2022,semi-final-2,Georgia,Belgium,12,,,,,,,,
2022,semi-final-2,Georgia,Cyprus,10,,,,,,,,
2022,semi-final-2,Georgia,Czechia,7,,,,,,,,
2022,semi-final-2,Georgia,Estonia,4,,,,,,,,
2022,semi-final-2,Georgia,Finland,5,,,,,,,,
2022,semi-final-2,Georgia,Ireland,14,,,,,,,,
2022,semi-final-2,Georgia,Israel,2,,,,,,,,
2022,semi-final-2,Georgia,Malta,13,,,,,,,,
2022,semi-final-2,Georgia,Montenegro,17,,,,,,,,
2022,semi-final-2,Georgia,North Macedonia,16,,,,,,,,
2022,semi-final-2,Georgia,Poland,8,,,,,,,,
2022,semi-final-2,Georgia,Romania,6,,,,,,,,
2022,semi-final-2,Georgia,San Marino,15,,,,,,,,
2022,semi-final-2,Georgia,Serbia,1,,,,,,,,
2022,semi-final-2,Georgia,Sweden,3,,,,,,,,
2022,semi-final-2,Germany,Australia,8,5,5,10,9,1,6,,
2022,semi-final-2,Germany,Azerbaijan,16,2,4,8,2,11,2,,
2022,semi-final-2,Germany,Belgium,10,6,7,15,5,2,5,,
2022,semi-final-2,Germany,Cyprus,12,15,13,14,7,14,13,,
2022,semi-final-2,Germany,Czechia,5,13,8,16,8,12,10,,
2022,semi-final-2,Germany,Estonia,7,7,9,2,6,7,7,,
2022,semi-final-2,Germany,Finland,4,10,6,7,10,5,11,,
2022,semi-final-2,Germany,Georgia,13,8,17,1,18,3,8,,
2022,semi-final-2,Germany,Ireland,14,18,18,18,17,16,16,,
2022,semi-final-2,Germany,Israel,9,9,2,11,15,4,9,,
2022,semi-final-2,Germany,Malta,17,14,15,9,12,6,17,,
2022,semi-final-2,Germany,Montenegro,18,16,11,17,16,10,14,,
2022,semi-final-2,Germany,North Macedonia,15,1,1,3,4,8,4,,
2022,semi-final-2,Germany,Poland,1,11,14,6,11,9,12,,
2022,semi-final-2,Germany,Romania,6,3,3,12,3,17,1,,
2022,semi-final-2,Germany,San Marino,11,12,12,4,13,15,18,,
2022,semi-final-2,Germany,Serbia,2,17,10,13,14,18,15,,
2022,semi-final-2,Germany,Sweden,3,4,16,5,1,13,3,,
2022,semi-final-2,Ireland,Australia,4,6,4,4,12,10,6,,
2022,semi-final-2,Ireland,Azerbaijan,15,13,12,7,17,7,13,,
2022,semi-final-2,Ireland,Belgium,9,9,5,3,7,14,12,,
2022,semi-final-2,Ireland,Cyprus,13,7,10,10,6,3,7,,
2022,semi-final-2,Ireland,Czechia,3,2,2,15,4,1,4,,
2022,semi-final-2,Ireland,Estonia,5,3,7,2,3,8,10,,
2022,semi-final-2,Ireland,Finland,10,16,16,12,11,13,15,,
2022,semi-final-2,Ireland,Georgia,12,15,11,16,10,17,14,,
2022,semi-final-2,Ireland,Israel,14,8,3,6,16,4,17,,
2022,semi-final-2,Ireland,Malta,8,5,13,9,1,6,11,,
2022,semi-final-2,Ireland,Montenegro,17,17,15,17,9,15,16,,
2022,semi-final-2,Ireland,North Macedonia,16,10,14,8,8,11,3,,
2022,semi-final-2,Ireland,Poland,1,12,8,11,13,12,5,,
2022,semi-final-2,Ireland,Romania,6,14,9,14,14,9,8,,
2022,semi-final-2,Ireland,San Marino,11,11,6,13,15,5,9,,
2022,semi-final-2,Ireland,Serbia,7,4,17,5,5,16,2,,
2022,semi-final-2,Ireland,Sweden,2,1,1,1,2,2,1,,
2022,semi-final-2,Israel,Australia,5,2,2,2,3,1,3,,
2022,semi-final-2,Israel,Azerbaijan,15,12,10,11,11,9,12,,
2022,semi-final-2,Israel,Belgium,10,4,4,3,4,3,6,,
2022,semi-final-2,Israel,Cyprus,12,16,16,16,17,13,11,,
2022,semi-final-2,Israel,Czechia,2,5,6,5,5,8,9,,
2022,semi-final-2,Israel,Estonia,7,8,5,7,13,15,7,,
2022,semi-final-2,Israel,Finland,11,6,9,9,8,4,5,,
2022,semi-final-2,Israel,Georgia,6,14,11,13,10,16,17,,
2022,semi-final-2,Israel,Ireland,8,15,12,10,14,14,16,,
2022,semi-final-2,Israel,Malta,14,9,13,6,6,10,10,,
2022,semi-final-2,Israel,Montenegro,17,17,14,15,12,17,15,,
2022,semi-final-2,Israel,North Macedonia,16,11,15,14,9,6,14,,
2022,semi-final-2,Israel,Poland,4,3,3,4,2,7,2,,
2022,semi-final-2,Israel,Romania,9,7,8,8,7,5,8,,
2022,semi-final-2,Israel,San Marino,13,13,7,12,15,12,13,,
2022,semi-final-2,Israel,Serbia,3,10,17,17,16,11,4,,
2022,semi-final-2,Israel,Sweden,1,1,1,1,1,2,1,,
2022,semi-final-2,Malta,Australia,4,2,3,1,2,6,2,,
2022,semi-final-2,Malta,Azerbaijan,15,7,2,12,13,15,8,,
2022,semi-final-2,Malta,Belgium,12,14,4,16,15,14,16,,
2022,semi-final-2,Malta,Cyprus,10,15,8,13,17,17,9,,
2022,semi-final-2,Malta,Czechia,9,4,6,3,9,3,4,,
2022,semi-final-2,Malta,Estonia,11,3,5,6,3,4,3,,
2022,semi-final-2,Malta,Finland,5,8,14,4,11,8,14,,
2022,semi-final-2,Malta,Georgia,16,10,15,9,8,7,13,,
2022,semi-final-2,Malta,Ireland,8,16,9,17,14,9,17,,
2022,semi-final-2,Malta,Israel,14,9,10,10,12,5,11,,
2022,semi-final-2,Malta,Montenegro,17,13,16,8,7,10,15,,
2022,semi-final-2,Malta,North Macedonia,13,6,13,7,5,12,5,,
2022,semi-final-2,Malta,Poland,7,5,7,5,6,2,6,,
2022,semi-final-2,Malta,Romania,6,12,11,11,10,13,7,,
2022,semi-final-2,Malta,San Marino,3,17,12,14,16,16,10,,
2022,semi-final-2,Malta,Serbia,1,11,17,15,4,11,12,,
2022,semi-final-2,Malta,Sweden,2,1,1,2,1,1,1,,
2022,semi-final-2,Montenegro,Australia,8,,,,,,,,
2022,semi-final-2,Montenegro,Azerbaijan,11,,,,,,,,
2022,semi-final-2,Montenegro,Belgium,6,,,,,,,,
2022,semi-final-2,Montenegro,Cyprus,3,,,,,,,,
2022,semi-final-2,Montenegro,Czechia,7,,,,,,,,
2022,semi-final-2,Montenegro,Estonia,4,,,,,,,,
2022,semi-final-2,Montenegro,Finland,16,,,,,,,,
2022,semi-final-2,Montenegro,Georgia,14,,,,,,,,
2022,semi-final-2,Montenegro,Ireland,17,,,,,,,,
2022,semi-final-2,Montenegro,Israel,12,,,,,,,,
2022,semi-final-2,Montenegro,Malta,10,,,,,,,,
2022,semi-final-2,Montenegro,North Macedonia,2,,,,,,,,
2022,semi-final-2,Montenegro,Poland,9,,,,,,,,
2022,semi-final-2,Montenegro,Romania,13,,,,,,,,
2022,semi-final-2,Montenegro,San Marino,15,,,,,,,,
2022,semi-final-2,Montenegro,Serbia,1,,,,,,,,
2022,semi-final-2,Montenegro,Sweden,5,,,,,,,,
2022,semi-final-2,North Macedonia,Australia,14,6,9,1,3,13,15,,
2022,semi-final-2,North Macedonia,Azerbaijan,16,10,7,14,7,6,14,,
2022,semi-final-2,North Macedonia,Belgium,7,2,2,4,5,4,2,,
2022,semi-final-2,North Macedonia,Cyprus,6,17,14,12,11,14,17,,
2022,semi-final-2,North Macedonia,Czechia,5,12,13,15,8,9,8,,
2022,semi-final-2,North Macedonia,Estonia,10,9,11,9,12,5,7,,
2022,semi-final-2,North Macedonia,Finland,3,7,3,16,16,3,6,,
2022,semi-final-2,North Macedonia,Georgia,17,15,16,13,10,12,11,,
2022,semi-final-2,North Macedonia,Ireland,11,16,15,8,15,16,12,,
2022,semi-final-2,North Macedonia,Israel,13,11,6,7,14,7,16,,
2022,semi-final-2,North Macedonia,Malta,8,5,12,3,2,11,4,,
2022,semi-final-2,North Macedonia,Montenegro,2,8,5,5,6,10,13,,
2022,semi-final-2,North Macedonia,Poland,9,3,4,2,4,8,3,,
2022,semi-final-2,North Macedonia,Romania,12,13,10,10,13,17,10,,
2022,semi-final-2,North Macedonia,San Marino,15,14,17,17,17,15,5,,
2022,semi-final-2,North Macedonia,Serbia,1,1,1,11,1,1,9,,
2022,semi-final-2,North Macedonia,Sweden,4,4,8,6,9,2,1,,
2022,semi-final-2,Poland,Australia,9,,,,,,,,
2022,semi-final-2,Poland,Azerbaijan,16,,,,,,,,
2022,semi-final-2,Poland,Belgium,10,,,,,,,,
2022,semi-final-2,Poland,Cyprus,8,,,,,,,,
2022,semi-final-2,Poland,Czechia,3,,,,,,,,
2022,semi-final-2,Poland,Estonia,2,,,,,,,,
2022,semi-final-2,Poland,Finland,5,,,,,,,,
2022,semi-final-2,Poland,Georgia,14,,,,,,,,
2022,semi-final-2,Poland,Ireland,11,,,,,,,,
2022,semi-final-2,Poland,Israel,12,,,,,,,,
2022,semi-final-2,Poland,Malta,15,,,,,,,,
2022,semi-final-2,Poland,Montenegro,17,,,,,,,,
2022,semi-final-2,Poland,North Macedonia,13,,,,,,,,
2022,semi-final-2,Poland,Romania,6,,,,,,,,
2022,semi-final-2,Poland,San Marino,7,,,,,,,,
2022,semi-final-2,Poland,Serbia,4,,,,,,,,
2022,semi-final-2,Poland,Sweden,1,,,,,,,,
2022,semi-final-2,Romania,Australia,8,,,,,,,,
2022,semi-final-2,Romania,Azerbaijan,14,,,,,,,,
2022,semi-final-2,Romania,Belgium,6,,,,,,,,
2022,semi-final-2,Romania,Cyprus,4,,,,,,,,
2022,semi-final-2,Romania,Czechia,5,,,,,,,,
2022,semi-final-2,Romania,Estonia,3,,,,,,,,
2022,semi-final-2,Romania,Finland,7,,,,,,,,
2022,semi-final-2,Romania,Georgia,17,,,,,,,,
2022,semi-final-2,Romania,Ireland,11,,,,,,,,
2022,semi-final-2,Romania,Israel,13,,,,,,,,
2022,semi-final-2,Romania,Malta,12,,,,,,,,
2022,semi-final-2,Romania,Montenegro,16,,,,,,,,
2022,semi-final-2,Romania,North Macedonia,15,,,,,,,,
2022,semi-final-2,Romania,Poland,10,,,,,,,,
2022,semi-final-2,Romania,San Marino,9,,,,,,,,
2022,semi-final-2,Romania,Serbia,2,,,,,,,,
2022,semi-final-2,Romania,Sweden,1,,,,,,,,
2022,semi-final-2,San Marino,Australia,4,,,,,,,,
2022,semi-final-2,San Marino,Azerbaijan,15,,,,,,,,
2022,semi-final-2,San Marino,Belgium,10,,,,,,,,
2022,semi-final-2,San Marino,Cyprus,7,,,,,,,,
2022,semi-final-2,San Marino,Czechia,5,,,,,,,,
2022,semi-final-2,San Marino,Estonia,12,,,,,,,,
2022,semi-final-2,San Marino,Finland,8,,,,,,,,
2022,semi-final-2,San Marino,Georgia,14,,,,,,,,
2022,semi-final-2,San Marino,Ireland,13,,,,,,,,
2022,semi-final-2,San Marino,Israel,9,,,,,,,,
2022,semi-final-2,San Marino,Malta,11,,,,,,,,
2022,semi-final-2,San Marino,Montenegro,17,,,,,,,,
2022,semi-final-2,San Marino,North Macedonia,16,,,,,,,,
2022,semi-final-2,San Marino,Poland,6,,,,,,,,
2022,semi-final-2,San Marino,Romania,3,,,,,,,,
2022,semi-final-2,San Marino,Serbia,1,,,,,,,,
2022,semi-final-2,San Marino,Sweden,2,,,,,,,,
2022,semi-final-2,Serbia,Australia,11,9,9,5,6,12,10,,
2022,semi-final-2,Serbia,Azerbaijan,17,3,7,2,3,4,5,,
2022,semi-final-2,Serbia,Belgium,8,5,3,10,7,3,4,,
2022,semi-final-2,Serbia,Cyprus,2,12,13,13,9,13,13,,
2022,semi-final-2,Serbia,Czechia,4,7,4,4,5,9,9,,
2022,semi-final-2,Serbia,Estonia,7,2,6,3,2,5,2,,
2022,semi-final-2,Serbia,Finland,10,6,11,8,4,1,7,,
2022,semi-final-2,Serbia,Georgia,13,13,14,12,11,15,14,,
2022,semi-final-2,Serbia,Ireland,14,14,15,16,15,10,12,,
2022,semi-final-2,Serbia,Israel,15,15,16,11,12,14,15,,
2022,semi-final-2,Serbia,Malta,9,16,12,15,16,16,16,,
2022,semi-final-2,Serbia,Montenegro,1,4,1,14,14,2,3,,
2022,semi-final-2,Serbia,North Macedonia,3,10,5,7,10,11,11,,
2022,semi-final-2,Serbia,Poland,16,8,8,6,8,7,6,,
2022,semi-final-2,Serbia,Romania,5,11,10,9,13,6,8,,
2022,semi-final-2,Serbia,San Marino,12,17,17,17,17,17,17,,
2022,semi-final-2,Serbia,Sweden,6,1,2,1,1,8,1,,
2022,semi-final-2,Spain,Australia,11,2,2,5,2,1,2,,
2022,semi-final-2,Spain,Azerbaijan,16,1,1,1,1,5,1,,
2022,semi-final-2,Spain,Belgium,12,3,3,3,3,2,5,,
2022,semi-final-2,Spain,Cyprus,10,17,17,14,18,16,12,,
2022,semi-final-2,Spain,Czechia,2,11,14,7,11,13,7,,
2022,semi-final-2,Spain,Estonia,9,12,10,9,9,17,8,,
2022,semi-final-2,Spain,Finland,5,9,7,10,7,6,16,,
2022,semi-final-2,Spain,Georgia,15,15,18,11,17,12,15,,
2022,semi-final-2,Spain,Ireland,4,16,16,15,14,15,13,,
2022,semi-final-2,Spain,Israel,13,8,6,17,8,4,11,,
2022,semi-final-2,Spain,Malta,14,14,12,16,16,11,10,,
2022,semi-final-2,Spain,Montenegro,17,10,15,13,13,3,18,,
2022,semi-final-2,Spain,North Macedonia,18,13,9,12,12,14,17,,
2022,semi-final-2,Spain,Poland,7,4,4,4,5,8,4,,
2022,semi-final-2,Spain,Romania,1,7,8,8,10,9,3,,
2022,semi-final-2,Spain,San Marino,8,18,13,18,15,18,14,,
2022,semi-final-2,Spain,Serbia,6,6,5,6,6,7,9,,
2022,semi-final-2,Spain,Sweden,3,5,11,2,4,10,6,,
2022,semi-final-2,Sweden,Australia,7,1,1,14,1,3,1,,
2022,semi-final-2,Sweden,Azerbaijan,16,6,9,13,3,7,3,,
2022,semi-final-2,Sweden,Belgium,6,3,5,1,8,12,4,,
2022,semi-final-2,Sweden,Cyprus,10,9,11,4,6,4,15,,
2022,semi-final-2,Sweden,Czechia,5,5,8,2,5,6,13,,
2022,semi-final-2,Sweden,Estonia,3,2,4,10,4,1,9,,
2022,semi-final-2,Sweden,Finland,1,7,3,6,7,14,5,,
2022,semi-final-2,Sweden,Georgia,13,17,17,17,17,11,17,,
2022,semi-final-2,Sweden,Ireland,11,14,14,8,9,9,16,,
2022,semi-final-2,Sweden,Israel,14,8,2,12,12,5,7,,
2022,semi-final-2,Sweden,Malta,9,4,16,9,10,2,2,,
2022,semi-final-2,Sweden,Montenegro,17,16,15,15,13,17,14,,
2022,semi-final-2,Sweden,North Macedonia,15,12,7,5,14,15,10,,
2022,semi-final-2,Sweden,Poland,4,10,6,16,2,10,11,,
2022,semi-final-2,Sweden,Romania,8,11,13,3,11,8,12,,
2022,semi-final-2,Sweden,San Marino,12,13,12,7,16,16,6,,
2022,semi-final-2,Sweden,Serbia,2,15,10,11,15,13,8,,
2022,semi-final-2,United Kingdom,Australia,11,8,16,1,18,4,10,,
2022,semi-final-2,United Kingdom,Azerbaijan,17,3,15,6,14,1,3,,
2022,semi-final-2,United Kingdom,Belgium,15,9,11,7,7,6,4,,
2022,semi-final-2,United Kingdom,Cyprus,10,18,8,17,15,14,16,,
2022,semi-final-2,United Kingdom,Czechia,3,2,3,8,1,7,8,,
2022,semi-final-2,United Kingdom,Estonia,9,7,6,5,9,18,2,,
2022,semi-final-2,United Kingdom,Finland,7,17,9,14,16,12,13,,
2022,semi-final-2,United Kingdom,Georgia,12,12,12,11,17,2,14,,
2022,semi-final-2,United Kingdom,Ireland,1,11,4,16,10,9,7,,
2022,semi-final-2,United Kingdom,Israel,14,10,13,3,11,5,12,,
2022,semi-final-2,United Kingdom,Malta,13,16,18,15,13,17,6,,
2022,semi-final-2,United Kingdom,Montenegro,18,15,17,18,6,16,9,,
2022,semi-final-2,United Kingdom,North Macedonia,16,4,7,4,2,8,17,,
2022,semi-final-2,United Kingdom,Poland,2,5,14,9,4,3,5,,
2022,semi-final-2,United Kingdom,Romania,4,14,10,13,8,13,11,,
2022,semi-final-2,United Kingdom,San Marino,8,13,5,12,12,15,18,,
2022,semi-final-2,United Kingdom,Serbia,5,6,2,10,3,10,15,,
2022,semi-final-2,United Kingdom,Sweden,6,1,1,2,5,11,1,,
2022,final,Albania,Armenia,17,7,8,9,10,5,9,,
2022,final,Albania,Australia,21,13,12,16,7,13,23,,
2022,final,Albania,Azerbaijan,18,8,6,12,6,17,17,,
2022,final,Albania,Belgium,14,9,13,11,16,7,8,,
2022,final,Albania,Czechia,24,21,19,20,18,14,21,,
2022,final,Albania,Estonia,6,12,10,17,12,8,24,,
2022,final,Albania,Finland,9,16,21,19,20,19,5,,
2022,final,Albania,France,22,24,23,23,21,23,18,,
2022,final,Albania,Germany,20,17,9,10,19,16,16,,
2022,final,Albania,Greece,1,11,15,8,8,10,19,,
2022,final,Albania,Iceland,25,14,14,13,14,21,7,,
2022,final,Albania,Italy,3,1,1,1,2,2,2,,
2022,final,Albania,Lithuania,19,15,16,14,23,18,6,,
2022,final,Albania,Moldova,10,23,25,22,24,22,14,,
2022,final,Albania,Netherlands,5,5,5,3,3,6,11,,
2022,final,Albania,Norway,16,20,17,18,15,20,15,,
2022,final,Albania,Poland,13,19,11,21,17,15,25,,
2022,final,Albania,Portugal,15,10,20,5,11,12,13,,
2022,final,Albania,Romania,12,25,18,25,22,25,22,,
2022,final,Albania,Serbia,8,22,24,24,25,24,12,,
2022,final,Albania,Spain,4,6,3,7,9,9,10,,
2022,final,Albania,Sweden,11,3,7,4,5,1,4,,
2022,final,Albania,Switzerland,23,18,22,15,13,11,20,,
2022,final,Albania,Ukraine,2,4,4,6,4,3,3,,
2022,final,Albania,United Kingdom,7,2,2,2,1,4,1,,
2022,final,Armenia,Australia,21,22,17,23,20,17,21,,
2022,final,Armenia,Azerbaijan,24,24,24,24,24,24,24,,
2022,final,Armenia,Belgium,16,17,19,22,10,20,13,,
2022,final,Armenia,Czechia,22,14,12,13,9,15,23,,
2022,final,Armenia,Estonia,1,8,5,11,5,7,5,,
2022,final,Armenia,Finland,11,23,22,21,16,21,19,,
2022,final,Armenia,France,12,4,9,6,3,4,9,,
2022,final,Armenia,Germany,13,18,23,18,12,16,12,,
2022,final,Armenia,Greece,8,9,14,8,6,11,6,,
2022,final,Armenia,Iceland,23,21,16,17,17,23,22,,
2022,final,Armenia,Italy,14,2,2,2,1,2,3,,
2022,final,Armenia,Lithuania,9,20,20,19,14,22,14,,
2022,final,Armenia,Moldova,6,10,15,9,8,14,8,,
2022,final,Armenia,Netherlands,15,7,7,4,7,6,7,,
2022,final,Armenia,Norway,17,11,13,7,18,10,16,,
2022,final,Armenia,Poland,18,19,11,15,23,18,20,,
2022,final,Armenia,Portugal,7,3,1,3,13,8,1,,
2022,final,Armenia,Romania,19,12,21,12,19,9,10,,
2022,final,Armenia,Serbia,5,13,10,10,21,12,17,,
2022,final,Armenia,Spain,3,1,3,1,2,1,2,,
2022,final,Armenia,Sweden,4,6,4,14,4,3,18,,
2022,final,Armenia,Switzerland,20,16,18,20,15,13,11,,
2022,final,Armenia,Ukraine,2,5,6,5,11,5,4,,
2022,final,Armenia,United Kingdom,10,15,8,16,22,19,15,,
2022,final,Australia,Armenia,20,21,21,22,22,18,12,,
2022,final,Australia,Azerbaijan,23,9,4,23,14,8,6,,
2022,final,Australia,Belgium,21,6,3,14,13,13,5,,
2022,final,Australia,Czechia,18,7,10,5,17,4,11,,
2022,final,Australia,Estonia,14,10,8,15,8,5,17,,
2022,final,Australia,Finland,15,19,24,19,19,7,20,,
2022,final,Australia,France,13,24,23,18,20,21,24,,
2022,final,Australia,Germany,22,11,20,7,18,22,4,,
2022,final,Australia,Greece,11,20,14,12,24,19,16,,
2022,final,Australia,Iceland,19,17,19,13,12,10,13,,
2022,final,Australia,Italy,10,8,5,24,10,24,3,,
2022,final,Australia,Lithuania,9,14,13,20,6,9,10,,
2022,final,Australia,Moldova,7,13,18,11,3,17,23,,
2022,final,Australia,Netherlands,12,23,12,21,23,23,22,,
2022,final,Australia,Norway,2,18,22,17,9,11,15,,
2022,final,Australia,Poland,8,22,16,16,21,20,18,,
2022,final,Australia,Portugal,16,5,11,3,5,15,7,,
2022,final,Australia,Romania,17,16,17,6,16,12,21,,
2022,final,Australia,Serbia,3,3,7,10,2,3,8,,
2022,final,Australia,Spain,5,1,1,2,1,1,1,,
2022,final,Australia,Sweden,6,2,2,8,4,2,2,,
2022,final,Australia,Switzerland,24,12,9,4,15,16,19,,
2022,final,Australia,Ukraine,1,4,6,1,7,14,9,,
2022,final,Australia,United Kingdom,4,15,15,9,11,6,14,,
2022,final,Austria,Armenia,15,5,7,3,8,3,8,,
2022,final,Austria,Australia,20,18,13,17,15,19,19,,
2022,final,Austria,Azerbaijan,25,16,25,10,23,21,10,,
2022,final,Austria,Belgium,23,20,23,14,13,25,16,,
2022,final,Austria,Czechia,21,15,10,11,17,15,21,,
2022,final,Austria,Estonia,17,13,8,15,16,12,12,,
2022,final,Austria,Finland,13,22,19,23,21,16,20,,
2022,final,Austria,France,14,24,24,22,25,17,24,,
2022,final,Austria,Germany,9,11,17,16,12,22,4,,
2022,final,Austria,Greece,22,7,6,7,9,6,6,,
2022,final,Austria,Iceland,24,12,16,13,11,14,7,,
2022,final,Austria,Italy,8,8,12,4,3,18,9,,
2022,final,Austria,Lithuania,18,17,20,20,14,11,15,,
2022,final,Austria,Moldova,4,21,22,19,20,13,23,,
2022,final,Austria,Netherlands,12,3,3,5,5,5,2,,
2022,final,Austria,Norway,6,6,4,12,6,8,5,,
2022,final,Austria,Poland,7,19,11,18,18,24,18,,
2022,final,Austria,Portugal,19,2,9,1,4,2,1,,
2022,final,Austria,Romania,11,25,18,24,24,23,22,,
2022,final,Austria,Serbia,2,23,21,25,19,20,25,,
2022,final,Austria,Spain,10,9,5,8,10,10,13,,
2022,final,Austria,Sweden,5,4,2,6,1,4,14,,
2022,final,Austria,Switzerland,16,10,15,9,7,9,11,,
2022,final,Austria,Ukraine,1,14,14,21,22,7,17,,
2022,final,Austria,United Kingdom,3,1,1,2,2,1,3,,
2022,final,Azerbaijan,Armenia,24,,,,,,,,
2022,final,Azerbaijan,Australia,9,,,,,,,,
2022,final,Azerbaijan,Belgium,16,,,,,,,,
2022,final,Azerbaijan,Czechia,21,,,,,,,,
2022,final,Azerbaijan,Estonia,20,,,,,,,,
2022,final,Azerbaijan,Finland,12,,,,,,,,
2022,final,Azerbaijan,France,17,,,,,,,,
2022,final,Azerbaijan,Germany,18,,,,,,,,
2022,final,Azerbaijan,Greece,8,,,,,,,,
2022,final,Azerbaijan,Iceland,23,,,,,,,,
2022,final,Azerbaijan,Italy,6,,,,,,,,
2022,final,Azerbaijan,Lithuania,14,,,,,,,,
2022,final,Azerbaijan,Moldova,11,,,,,,,,
2022,final,Azerbaijan,Netherlands,13,,,,,,,,
2022,final,Azerbaijan,Norway,4,,,,,,,,
2022,final,Azerbaijan,Poland,10,,,,,,,,
2022,final,Azerbaijan,Portugal,19,,,,,,,,
2022,final,Azerbaijan,Romania,15,,,,,,,,
2022,final,Azerbaijan,Serbia,5,,,,,,,,
2022,final,Azerbaijan,Spain,2,,,,,,,,
2022,final,Azerbaijan,Sweden,7,,,,,,,,
2022,final,Azerbaijan,Switzerland,22,,,,,,,,
2022,final,Azerbaijan,Ukraine,1,,,,,,,,
2022,final,Azerbaijan,United Kingdom,3,,,,,,,,
2022,final,Belgium,Armenia,13,22,13,14,16,21,23,,
2022,final,Belgium,Australia,17,10,5,10,8,8,10,,
2022,final,Belgium,Azerbaijan,22,8,1,12,19,15,9,,
2022,final,Belgium,Czechia,23,9,6,20,22,12,2,,
2022,final,Belgium,Estonia,12,16,7,18,17,18,11,,
2022,final,Belgium,Finland,18,14,23,9,15,7,18,,
2022,final,Belgium,France,16,19,21,19,13,9,20,,
2022,final,Belgium,Germany,20,21,18,15,18,10,22,,
2022,final,Belgium,Greece,19,13,10,5,12,16,15,,
2022,final,Belgium,Iceland,24,24,22,23,21,22,21,,
2022,final,Belgium,Italy,7,3,3,3,5,4,12,,
2022,final,Belgium,Lithuania,15,11,11,22,11,23,3,,
2022,final,Belgium,Moldova,3,20,20,21,10,17,13,,
2022,final,Belgium,Netherlands,2,15,19,6,20,14,14,,
2022,final,Belgium,Norway,14,17,16,13,9,11,17,,
2022,final,Belgium,Poland,4,18,14,8,23,13,16,,
2022,final,Belgium,Portugal,10,6,17,17,3,5,7,,
2022,final,Belgium,Romania,11,23,12,24,24,20,24,,
2022,final,Belgium,Serbia,9,7,24,16,2,24,4,,
2022,final,Belgium,Spain,5,2,4,1,4,3,8,,
2022,final,Belgium,Sweden,6,4,8,4,7,6,6,,
2022,final,Belgium,Switzerland,21,12,9,11,14,19,5,,
2022,final,Belgium,Ukraine,1,5,15,7,6,2,19,,
2022,final,Belgium,United Kingdom,8,1,2,2,1,1,1,,
2022,final,Bulgaria,Armenia,6,6,8,7,18,3,4,,
2022,final,Bulgaria,Australia,18,12,21,11,6,18,11,,
2022,final,Bulgaria,Azerbaijan,23,8,14,6,7,4,12,,
2022,final,Bulgaria,Belgium,20,5,10,9,4,7,3,,
2022,final,Bulgaria,Czechia,24,13,12,21,10,6,20,,
2022,final,Bulgaria,Estonia,11,18,16,15,23,14,14,,
2022,final,Bulgaria,Finland,14,15,23,5,16,19,18,,
2022,final,Bulgaria,France,17,24,24,22,19,20,16,,
2022,final,Bulgaria,Germany,21,16,13,12,22,21,8,,
2022,final,Bulgaria,Greece,5,1,1,2,8,1,1,,
2022,final,Bulgaria,Iceland,22,25,25,25,24,22,23,,
2022,final,Bulgaria,Italy,9,10,4,19,20,10,9,,
2022,final,Bulgaria,Lithuania,15,17,22,18,14,11,13,,
2022,final,Bulgaria,Moldova,4,19,19,16,21,23,10,,
2022,final,Bulgaria,Netherlands,19,14,9,8,12,24,17,,
2022,final,Bulgaria,Norway,10,9,7,17,5,9,15,,
2022,final,Bulgaria,Poland,16,22,15,24,17,17,22,,
2022,final,Bulgaria,Portugal,13,7,11,4,9,5,7,,
2022,final,Bulgaria,Romania,7,21,20,20,13,15,19,,
2022,final,Bulgaria,Serbia,2,20,18,14,15,16,25,,
2022,final,Bulgaria,Spain,3,3,3,23,1,2,6,,
2022,final,Bulgaria,Sweden,12,11,6,10,11,12,21,,
2022,final,Bulgaria,Switzerland,25,4,5,1,3,8,5,,
2022,final,Bulgaria,Ukraine,1,23,17,13,25,25,24,,
2022,final,Bulgaria,United Kingdom,8,2,2,3,2,13,2,,
2022,final,Croatia,Armenia,19,17,8,19,16,22,16,,
2022,final,Croatia,Australia,22,20,18,17,22,13,13,,
2022,final,Croatia,Azerbaijan,25,13,25,8,19,17,10,,
2022,final,Croatia,Belgium,18,23,24,23,17,20,18,,
2022,final,Croatia,Czechia,20,15,14,9,12,19,17,,
2022,final,Croatia,Estonia,9,21,20,10,21,18,21,,
2022,final,Croatia,Finland,16,25,21,21,24,24,24,,
2022,final,Croatia,France,10,22,15,15,23,14,25,,
2022,final,Croatia,Germany,17,12,3,20,20,21,19,,
2022,final,Croatia,Greece,21,8,12,7,5,10,6,,
2022,final,Croatia,Iceland,24,18,13,14,18,15,14,,
2022,final,Croatia,Italy,5,7,16,4,11,7,3,,
2022,final,Croatia,Lithuania,8,4,10,3,4,4,8,,
2022,final,Croatia,Moldova,3,24,23,16,25,25,22,,
2022,final,Croatia,Netherlands,11,9,6,24,7,8,5,,
2022,final,Croatia,Norway,6,11,9,13,13,6,20,,
2022,final,Croatia,Poland,13,14,19,12,15,9,15,,
2022,final,Croatia,Portugal,12,2,11,2,2,2,1,,
2022,final,Croatia,Romania,15,16,22,11,8,23,23,,
2022,final,Croatia,Serbia,1,1,1,1,3,1,2,,
2022,final,Croatia,Spain,4,5,2,6,6,5,11,,
2022,final,Croatia,Sweden,7,6,4,22,1,11,7,,
2022,final,Croatia,Switzerland,23,10,7,25,10,12,9,,
2022,final,Croatia,Ukraine,2,3,5,5,9,3,4,,
2022,final,Croatia,United Kingdom,14,19,17,18,14,16,12,,
2022,final,Cyprus,Armenia,10,22,18,17,17,23,14,,
2022,final,Cyprus,Australia,16,3,3,2,3,11,3,,
2022,final,Cyprus,Azerbaijan,22,2,1,11,4,2,4,,
2022,final,Cyprus,Belgium,19,9,8,10,10,13,6,,
2022,final,Cyprus,Czechia,24,13,20,6,11,9,19,,
2022,final,Cyprus,Estonia,17,16,17,20,8,12,10,,
2022,final,Cyprus,Finland,14,14,15,7,7,21,17,,
2022,final,Cyprus,France,20,15,22,12,19,4,23,,
2022,final,Cyprus,Germany,15,18,14,9,14,24,21,,
2022,final,Cyprus,Greece,2,1,4,5,1,3,2,,
2022,final,Cyprus,Iceland,25,24,25,25,15,25,25,,
2022,final,Cyprus,Italy,6,10,10,22,9,5,16,,
2022,final,Cyprus,Lithuania,9,23,13,24,23,17,20,,
2022,final,Cyprus,Moldova,11,19,11,15,24,18,15,,
2022,final,Cyprus,Netherlands,18,20,21,23,13,10,22,,
2022,final,Cyprus,Norway,13,11,9,16,18,6,9,,
2022,final,Cyprus,Poland,8,12,16,19,5,19,7,,
2022,final,Cyprus,Portugal,21,25,23,21,21,22,24,,
2022,final,Cyprus,Romania,7,21,12,14,25,16,18,,
2022,final,Cyprus,Serbia,4,7,19,4,22,15,1,,
2022,final,Cyprus,Spain,3,5,2,8,16,1,12,,
2022,final,Cyprus,Sweden,12,6,7,3,6,7,11,,
2022,final,Cyprus,Switzerland,23,17,6,18,20,20,13,,
2022,final,Cyprus,Ukraine,1,4,24,1,2,14,5,,
2022,final,Cyprus,United Kingdom,5,8,5,13,12,8,8,,
2022,final,Czechia,Armenia,11,15,12,9,15,15,15,,
2022,final,Czechia,Australia,16,10,14,14,13,6,6,,
2022,final,Czechia,Azerbaijan,18,12,16,18,14,14,5,,
2022,final,Czechia,Belgium,22,13,15,10,10,8,20,,
2022,final,Czechia,Estonia,7,3,9,6,3,5,4,,
2022,final,Czechia,Finland,10,18,17,19,23,21,10,,
2022,final,Czechia,France,14,23,19,22,22,23,23,,
2022,final,Czechia,Germany,17,16,20,12,12,18,13,,
2022,final,Czechia,Greece,19,8,5,7,9,11,7,,
2022,final,Czechia,Iceland,23,20,22,17,18,17,22,,
2022,final,Czechia,Italy,15,14,10,15,11,12,18,,
2022,final,Czechia,Lithuania,13,21,24,21,19,19,19,,
2022,final,Czechia,Moldova,3,24,23,24,24,24,24,,
2022,final,Czechia,Netherlands,12,11,11,13,8,10,14,,
2022,final,Czechia,Norway,8,9,3,11,20,16,9,,
2022,final,Czechia,Poland,4,17,13,16,17,13,17,,
2022,final,Czechia,Portugal,20,6,6,3,6,4,16,,
2022,final,Czechia,Romania,21,22,21,23,21,20,21,,
2022,final,Czechia,Serbia,2,19,18,20,16,22,11,,
2022,final,Czechia,Spain,5,4,7,5,5,7,3,,
2022,final,Czechia,Sweden,6,2,2,2,2,1,1,,
2022,final,Czechia,Switzerland,24,5,4,8,4,3,12,,
2022,final,Czechia,Ukraine,1,7,8,4,7,9,8,,
2022,final,Czechia,United Kingdom,9,1,1,1,1,2,2,,
2022,final,Denmark,Armenia,19,14,6,17,14,20,15,,
2022,final,Denmark,Australia,17,19,25,23,19,11,10,,
2022,final,Denmark,Azerbaijan,25,15,24,14,7,15,16,,
2022,final,Denmark,Belgium,23,16,17,7,17,18,23,,
2022,final,Denmark,Czechia,24,18,9,15,20,22,13,,
2022,final,Denmark,Estonia,8,17,14,10,23,12,18,,
2022,final,Denmark,Finland,13,24,23,18,21,17,19,,
2022,final,Denmark,France,22,25,18,20,24,16,22,,
2022,final,Denmark,Germany,20,23,20,13,15,23,25,,
2022,final,Denmark,Greece,21,1,2,4,3,6,3,,
2022,final,Denmark,Iceland,9,10,7,6,11,19,11,,
2022,final,Denmark,Italy,18,11,22,19,5,5,17,,
2022,final,Denmark,Lithuania,4,8,5,22,9,8,4,,
2022,final,Denmark,Moldova,6,13,4,25,25,25,20,,
2022,final,Denmark,Netherlands,12,2,3,2,2,7,5,,
2022,final,Denmark,Norway,3,12,19,8,13,13,8,,
2022,final,Denmark,Poland,7,22,16,12,16,14,24,,
2022,final,Denmark,Portugal,14,3,12,1,1,4,7,,
2022,final,Denmark,Romania,15,20,10,16,18,24,14,,
2022,final,Denmark,Serbia,11,21,15,24,22,21,9,,
2022,final,Denmark,Spain,10,7,21,21,12,3,2,,
2022,final,Denmark,Sweden,2,4,1,11,6,1,12,,
2022,final,Denmark,Switzerland,16,9,8,3,8,9,21,,
2022,final,Denmark,Ukraine,1,6,13,5,10,10,1,,
2022,final,Denmark,United Kingdom,5,5,11,9,4,2,6,,
2022,final,Estonia,Armenia,14,13,13,8,16,17,8,,
2022,final,Estonia,Australia,22,3,5,3,3,3,3,,
2022,final,Estonia,Azerbaijan,24,8,3,18,20,4,18,,
2022,final,Estonia,Belgium,19,17,14,21,13,11,17,,
2022,final,Estonia,Czechia,20,21,17,17,15,18,14,,
2022,final,Estonia,Finland,3,6,10,2,6,10,10,,
2022,final,Estonia,France,21,15,6,13,19,13,21,,
2022,final,Estonia,Germany,9,19,19,11,14,23,19,,
2022,final,Estonia,Greece,23,5,4,6,12,6,7,,
2022,final,Estonia,Iceland,16,16,22,20,9,22,11,,
2022,final,Estonia,Italy,15,2,2,4,1,2,5,,
2022,final,Estonia,Lithuania,4,9,18,19,10,7,4,,
2022,final,Estonia,Moldova,5,23,23,22,23,21,20,,
2022,final,Estonia,Netherlands,8,10,12,14,17,5,6,,
2022,final,Estonia,Norway,7,20,21,12,22,24,12,,
2022,final,Estonia,Poland,13,18,20,9,18,19,23,,
2022,final,Estonia,Portugal,11,4,11,7,4,15,2,,
2022,final,Estonia,Romania,18,22,16,16,21,14,24,,
2022,final,Estonia,Serbia,12,24,24,23,24,20,22,,
2022,final,Estonia,Spain,10,11,7,10,7,16,16,,
2022,final,Estonia,Sweden,2,1,1,1,2,1,1,,
2022,final,Estonia,Switzerland,17,12,15,24,5,9,13,,
2022,final,Estonia,Ukraine,1,14,8,15,11,12,15,,
2022,final,Estonia,United Kingdom,6,7,9,5,8,8,9,,
2022,final,Finland,Armenia,24,10,7,12,13,12,5,,
2022,final,Finland,Australia,11,3,6,3,4,3,7,,
2022,final,Finland,Azerbaijan,22,8,13,9,11,8,2,,
2022,final,Finland,Belgium,18,17,23,6,18,18,23,,
2022,final,Finland,Czechia,15,12,9,19,5,13,13,,
2022,final,Finland,Estonia,2,18,10,18,16,16,15,,
2022,final,Finland,France,10,19,24,16,20,23,12,,
2022,final,Finland,Germany,20,24,21,22,24,19,24,,
2022,final,Finland,Greece,23,5,4,4,17,2,14,,
2022,final,Finland,Iceland,19,22,18,20,19,24,19,,
2022,final,Finland,Italy,16,9,20,7,8,9,6,,
2022,final,Finland,Lithuania,9,21,19,15,21,20,22,,
2022,final,Finland,Moldova,6,20,22,24,12,22,16,,
2022,final,Finland,Netherlands,12,6,8,5,9,6,3,,
2022,final,Finland,Norway,5,7,3,17,2,15,9,,
2022,final,Finland,Poland,13,15,14,13,15,14,8,,
2022,final,Finland,Portugal,17,16,15,11,14,11,17,,
2022,final,Finland,Romania,14,23,16,23,23,21,20,,
2022,final,Finland,Serbia,4,4,17,8,1,7,1,,
2022,final,Finland,Spain,8,11,11,21,10,5,11,,
2022,final,Finland,Sweden,3,1,1,1,3,1,4,,
2022,final,Finland,Switzerland,21,14,5,14,22,17,21,,
2022,final,Finland,Ukraine,1,13,12,10,6,10,18,,
2022,final,Finland,United Kingdom,7,2,2,2,7,4,10,,
2022,final,France,Armenia,6,4,6,3,4,7,7,,
2022,final,France,Australia,18,15,8,23,16,11,19,,
2022,final,France,Azerbaijan,23,24,23,22,24,22,21,,
2022,final,France,Belgium,16,5,7,5,9,6,3,,
2022,final,France,Czechia,22,9,10,10,11,14,4,,
2022,final,France,Estonia,13,17,18,19,14,9,20,,
2022,final,France,Finland,17,18,22,14,23,15,10,,
2022,final,France,Germany,20,21,13,18,21,20,16,,
2022,final,France,Greece,21,8,5,6,7,21,12,,
2022,final,France,Iceland,19,12,21,9,18,8,5,,
2022,final,France,Italy,8,19,19,17,20,10,18,,
2022,final,France,Lithuania,12,20,15,16,19,16,13,,
2022,final,France,Moldova,2,22,20,21,12,23,23,,
2022,final,France,Netherlands,14,7,9,4,6,19,8,,
2022,final,France,Norway,15,14,17,13,8,18,9,,
2022,final,France,Poland,7,3,12,8,1,1,6,,
2022,final,France,Portugal,5,10,14,7,10,5,17,,
2022,final,France,Romania,10,23,24,20,22,17,22,,
2022,final,France,Serbia,3,13,3,24,13,24,24,,
2022,final,France,Spain,4,6,11,15,3,4,15,,
2022,final,France,Sweden,11,11,4,11,15,13,11,,
2022,final,France,Switzerland,24,16,16,12,17,12,14,,
2022,final,France,Ukraine,1,2,2,1,5,2,1,,
2022,final,France,United Kingdom,9,1,1,2,2,3,2,,
2022,final,Georgia,Armenia,2,,,,,,,,
2022,final,Georgia,Australia,23,,,,,,,,
2022,final,Georgia,Azerbaijan,8,,,,,,,,
2022,final,Georgia,Belgium,24,,,,,,,,
2022,final,Georgia,Czechia,21,,,,,,,,
2022,final,Georgia,Estonia,11,,,,,,,,
2022,final,Georgia,Finland,9,,,,,,,,
2022,final,Georgia,France,19,,,,,,,,
2022,final,Georgia,Germany,17,,,,,,,,
2022,final,Georgia,Greece,10,,,,,,,,
2022,final,Georgia,Iceland,22,,,,,,,,
2022,final,Georgia,Italy,18,,,,,,,,
2022,final,Georgia,Lithuania,6,,,,,,,,
2022,final,Georgia,Moldova,3,,,,,,,,
2022,final,Georgia,Netherlands,16,,,,,,,,
2022,final,Georgia,Norway,13,,,,,,,,
2022,final,Georgia,Poland,14,,,,,,,,
2022,final,Georgia,Portugal,15,,,,,,,,
2022,final,Georgia,Romania,20,,,,,,,,
2022,final,Georgia,Serbia,4,,,,,,,,
2022,final,Georgia,Spain,5,,,,,,,,
2022,final,Georgia,Sweden,12,,,,,,,,
2022,final,Georgia,Switzerland,25,,,,,,,,
2022,final,Georgia,Ukraine,1,,,,,,,,
2022,final,Georgia,United Kingdom,7,,,,,,,,
2022,final,Germany,Armenia,14,20,16,15,19,18,9,,
2022,final,Germany,Australia,20,6,10,1,12,12,20,,
2022,final,Germany,Azerbaijan,23,5,8,2,20,8,8,,
2022,final,Germany,Belgium,21,11,18,5,6,13,13,,
2022,final,Germany,Czechia,22,23,20,12,22,22,16,,
2022,final,Germany,Estonia,15,12,12,14,11,6,7,,
2022,final,Germany,Finland,12,21,22,10,18,19,21,,
2022,final,Germany,France,18,22,24,9,24,20,24,,
2022,final,Germany,Greece,19,17,15,19,14,11,10,,
2022,final,Germany,Iceland,24,24,23,21,13,24,22,,
2022,final,Germany,Italy,8,18,21,16,9,21,12,,
2022,final,Germany,Lithuania,13,19,19,22,8,16,17,,
2022,final,Germany,Moldova,2,15,7,7,23,15,23,,
2022,final,Germany,Netherlands,7,7,14,18,5,3,11,,
2022,final,Germany,Norway,10,8,6,20,15,7,5,,
2022,final,Germany,Poland,3,14,17,23,4,10,14,,
2022,final,Germany,Portugal,11,16,13,17,7,14,15,,
2022,final,Germany,Romania,17,10,11,4,17,23,6,,
2022,final,Germany,Serbia,4,13,9,24,10,4,18,,
2022,final,Germany,Spain,9,3,1,8,2,9,3,,
2022,final,Germany,Sweden,6,4,4,11,16,2,1,,
2022,final,Germany,Switzerland,16,9,5,3,21,17,19,,
2022,final,Germany,Ukraine,1,2,2,13,1,5,2,,
2022,final,Germany,United Kingdom,5,1,3,6,3,1,4,,
2022,final,Greece,Armenia,15,23,18,23,14,19,14,,
2022,final,Greece,Australia,13,3,2,3,7,3,4,,
2022,final,Greece,Azerbaijan,22,1,1,1,1,1,2,,
2022,final,Greece,Belgium,18,12,5,8,12,20,24,,
2022,final,Greece,Czechia,21,9,15,9,8,5,12,,
2022,final,Greece,Estonia,17,15,13,22,20,22,6,,
2022,final,Greece,Finland,11,24,23,21,24,17,23,,
2022,final,Greece,France,10,13,11,6,23,15,21,,
2022,final,Greece,Germany,19,21,16,24,22,13,10,,
2022,final,Greece,Iceland,24,14,12,11,9,23,15,,
2022,final,Greece,Italy,4,10,19,5,5,21,19,,
2022,final,Greece,Lithuania,16,22,20,12,17,12,18,,
2022,final,Greece,Moldova,8,5,8,4,3,16,9,,
2022,final,Greece,Netherlands,12,7,7,16,6,6,16,,
2022,final,Greece,Norway,5,19,22,15,11,10,17,,
2022,final,Greece,Poland,14,2,3,2,2,2,3,,
2022,final,Greece,Portugal,20,8,6,14,13,11,5,,
2022,final,Greece,Romania,9,4,9,7,4,4,8,,
2022,final,Greece,Serbia,3,11,4,18,18,24,7,,
2022,final,Greece,Spain,1,6,17,19,19,7,1,,
2022,final,Greece,Sweden,7,18,24,17,10,9,22,,
2022,final,Greece,Switzerland,23,16,14,10,21,14,11,,
2022,final,Greece,Ukraine,2,17,10,13,16,18,13,,
2022,final,Greece,United Kingdom,6,20,21,20,15,8,20,,
2022,final,Iceland,Armenia,22,15,14,12,15,9,15,,
2022,final,Iceland,Australia,17,11,5,9,18,19,10,,
2022,final,Iceland,Azerbaijan,24,23,19,21,20,23,22,,
2022,final,Iceland,Belgium,13,16,20,18,17,18,6,,
2022,final,Iceland,Czechia,20,9,15,15,2,10,21,,
2022,final,Iceland,Estonia,11,19,17,13,12,16,24,,
2022,final,Iceland,Finland,16,20,18,24,13,14,13,,
2022,final,Iceland,France,21,18,23,11,14,20,14,,
2022,final,Iceland,Germany,19,22,22,19,21,17,20,,
2022,final,Iceland,Greece,23,13,13,8,10,15,19,,
2022,final,Iceland,Italy,12,5,4,16,9,6,2,,
2022,final,Iceland,Lithuania,9,10,6,7,16,11,11,,
2022,final,Iceland,Moldova,5,24,24,22,24,22,17,,
2022,final,Iceland,Netherlands,6,7,8,6,6,7,9,,
2022,final,Iceland,Norway,2,3,1,4,5,4,4,,
2022,final,Iceland,Poland,7,12,7,10,22,13,18,,
2022,final,Iceland,Portugal,14,6,11,2,11,5,8,,
2022,final,Iceland,Romania,18,21,16,23,19,21,16,,
2022,final,Iceland,Serbia,10,17,21,17,7,24,23,,
2022,final,Iceland,Spain,8,8,10,20,4,12,7,,
2022,final,Iceland,Sweden,3,1,2,3,1,2,5,,
2022,final,Iceland,Switzerland,15,14,12,14,23,8,12,,
2022,final,Iceland,Ukraine,1,2,9,1,3,3,1,,
2022,final,Iceland,United Kingdom,4,4,3,5,8,1,3,,
2022,final,Ireland,Armenia,23,17,15,13,22,21,9,,
2022,final,Ireland,Australia,17,9,9,19,6,23,5,,
2022,final,Ireland,Azerbaijan,25,16,19,15,9,17,15,,
2022,final,Ireland,Belgium,22,23,23,16,20,18,20,,
2022,final,Ireland,Czechia,20,4,4,6,3,4,4,,
2022,final,Ireland,Estonia,11,13,17,7,13,9,11,,
2022,final,Ireland,Finland,16,25,25,22,24,24,25,,
2022,final,Ireland,France,18,21,20,21,12,15,24,,
2022,final,Ireland,Germany,15,19,14,12,16,25,23,,
2022,final,Ireland,Greece,19,15,11,8,17,14,12,,
2022,final,Ireland,Iceland,21,10,18,10,19,3,10,,
2022,final,Ireland,Italy,13,5,1,4,14,5,17,,
2022,final,Ireland,Lithuania,3,22,24,17,15,16,21,,
2022,final,Ireland,Moldova,4,24,22,25,25,19,22,,
2022,final,Ireland,Netherlands,12,18,16,18,18,12,16,,
2022,final,Ireland,Norway,7,12,12,24,5,22,7,,
2022,final,Ireland,Poland,2,11,5,9,7,20,14,,
2022,final,Ireland,Portugal,14,7,10,3,8,8,13,,
2022,final,Ireland,Romania,9,14,13,23,11,13,6,,
2022,final,Ireland,Serbia,10,6,6,14,23,1,18,,
2022,final,Ireland,Spain,6,1,3,5,2,2,1,,
2022,final,Ireland,Sweden,8,2,2,2,4,6,2,,
2022,final,Ireland,Switzerland,24,20,21,20,21,10,19,,
2022,final,Ireland,Ukraine,1,8,7,11,10,7,8,,
2022,final,Ireland,United Kingdom,5,3,8,1,1,11,3,,
2022,final,Israel,Armenia,16,22,19,24,19,24,18,,
2022,final,Israel,Australia,18,6,8,4,7,6,12,,
2022,final,Israel,Azerbaijan,23,16,21,12,14,12,14,,
2022,final,Israel,Belgium,22,7,17,14,4,3,11,,
2022,final,Israel,Czechia,19,9,15,7,8,8,6,,
2022,final,Israel,Estonia,12,18,11,15,18,15,22,,
2022,final,Israel,Finland,13,11,14,13,9,9,8,,
2022,final,Israel,France,15,17,16,9,15,20,19,,
2022,final,Israel,Germany,21,14,20,23,13,7,16,,
2022,final,Israel,Greece,20,15,9,21,21,17,10,,
2022,final,Israel,Iceland,24,25,22,25,23,22,23,,
2022,final,Israel,Italy,8,3,1,6,11,4,1,,
2022,final,Israel,Lithuania,11,23,18,20,22,23,24,,
2022,final,Israel,Moldova,5,24,24,19,25,21,25,,
2022,final,Israel,Netherlands,9,10,10,17,20,10,5,,
2022,final,Israel,Norway,7,13,7,16,10,14,9,,
2022,final,Israel,Poland,10,5,4,3,5,5,13,,
2022,final,Israel,Portugal,14,12,12,11,12,11,7,,
2022,final,Israel,Romania,17,19,23,10,17,19,15,,
2022,final,Israel,Serbia,4,20,13,18,24,25,20,,
2022,final,Israel,Spain,3,8,3,8,6,16,17,,
2022,final,Israel,Sweden,6,1,5,1,2,1,2,,
2022,final,Israel,Switzerland,25,21,25,22,16,18,21,,
2022,final,Israel,Ukraine,1,4,6,2,3,13,3,,
2022,final,Israel,United Kingdom,2,2,2,5,1,2,4,,
2022,final,Italy,Armenia,11,3,23,2,5,3,2,,
2022,final,Italy,Australia,21,9,4,22,24,17,3,,
2022,final,Italy,Azerbaijan,16,22,14,20,18,24,13,,
2022,final,Italy,Belgium,17,4,2,1,17,6,6,,
2022,final,Italy,Czechia,23,15,10,10,20,11,17,,
2022,final,Italy,Estonia,19,23,18,23,23,22,18,,
2022,final,Italy,Finland,15,10,22,11,7,4,10,,
2022,final,Italy,France,22,20,21,14,11,21,23,,
2022,final,Italy,Germany,18,17,16,12,16,10,16,,
2022,final,Italy,Greece,14,2,3,15,1,7,1,,
2022,final,Italy,Iceland,24,21,15,21,13,18,19,,
2022,final,Italy,Lithuania,13,14,20,16,12,5,15,,
2022,final,Italy,Moldova,2,6,6,5,14,2,5,,
2022,final,Italy,Netherlands,9,1,11,3,2,1,4,,
2022,final,Italy,Norway,7,16,19,9,21,13,12,,
2022,final,Italy,Poland,8,19,13,19,10,23,21,,
2022,final,Italy,Portugal,10,12,17,8,6,12,14,,
2022,final,Italy,Romania,3,24,24,24,22,16,22,,
2022,final,Italy,Serbia,4,7,5,6,9,9,8,,
2022,final,Italy,Spain,12,18,8,13,19,20,24,,
2022,final,Italy,Sweden,6,13,12,18,4,19,20,,
2022,final,Italy,Switzerland,20,8,9,4,8,15,7,,
2022,final,Italy,Ukraine,1,11,7,17,15,8,9,,
2022,final,Italy,United Kingdom,5,5,1,7,3,14,11,,
2022,final,Latvia,Armenia,16,13,10,6,19,9,14,,
2022,final,Latvia,Australia,18,9,4,21,14,14,5,,
2022,final,Latvia,Azerbaijan,22,17,18,7,17,22,9,,
2022,final,Latvia,Belgium,23,19,16,19,10,21,24,,
2022,final,Latvia,Czechia,24,16,12,14,13,23,7,,
2022,final,Latvia,Estonia,3,18,17,18,12,11,16,,
2022,final,Latvia,Finland,10,22,21,22,20,19,13,,
2022,final,Latvia,France,14,20,23,16,25,12,23,,
2022,final,Latvia,Germany,19,14,11,8,9,15,12,,
2022,final,Latvia,Greece,25,4,9,2,5,5,6,,
2022,final,Latvia,Iceland,17,15,7,11,15,13,19,,
2022,final,Latvia,Italy,13,11,15,10,6,6,21,,
2022,final,Latvia,Lithuania,2,10,19,12,4,10,10,,
2022,final,Latvia,Moldova,4,23,24,20,23,18,15,,
2022,final,Latvia,Netherlands,12,7,14,9,8,4,8,,
2022,final,Latvia,Norway,6,6,3,13,1,20,11,,
2022,final,Latvia,Poland,15,21,20,17,18,16,18,,
2022,final,Latvia,Portugal,11,5,5,5,11,8,3,,
2022,final,Latvia,Romania,20,25,22,25,24,24,25,,
2022,final,Latvia,Serbia,9,24,25,24,22,25,22,,
2022,final,Latvia,Spain,7,12,13,23,21,17,2,,
2022,final,Latvia,Sweden,5,2,8,4,2,2,4,,
2022,final,Latvia,Switzerland,21,8,2,15,16,7,20,,
2022,final,Latvia,Ukraine,1,1,6,1,3,1,1,,
2022,final,Latvia,United Kingdom,8,3,1,3,7,3,17,,
2022,final,Lithuania,Armenia,19,18,13,17,9,21,21,,
2022,final,Lithuania,Australia,21,12,11,10,13,9,17,,
2022,final,Lithuania,Azerbaijan,24,13,15,13,15,10,10,,
2022,final,Lithuania,Belgium,17,17,12,15,19,15,11,,
2022,final,Lithuania,Czechia,22,20,24,16,23,16,16,,
2022,final,Lithuania,Estonia,3,14,17,6,17,14,22,,
2022,final,Lithuania,Finland,13,23,21,24,20,19,23,,
2022,final,Lithuania,France,16,22,22,19,22,20,19,,
2022,final,Lithuania,Germany,14,16,19,18,11,18,8,,
2022,final,Lithuania,Greece,23,11,8,21,7,22,14,,
2022,final,Lithuania,Iceland,20,9,10,4,14,23,15,,
2022,final,Lithuania,Italy,8,7,7,14,4,5,7,,
2022,final,Lithuania,Moldova,6,21,20,22,21,17,18,,
2022,final,Lithuania,Netherlands,10,5,9,3,10,4,5,,
2022,final,Lithuania,Norway,9,15,14,20,12,13,9,,
2022,final,Lithuania,Poland,11,19,16,12,18,12,20,,
2022,final,Lithuania,Portugal,4,3,5,5,2,3,3,,
2022,final,Lithuania,Romania,15,24,23,23,24,24,24,,
2022,final,Lithuania,Serbia,12,10,18,8,16,7,13,,
2022,final,Lithuania,Spain,5,6,3,9,6,11,6,,
2022,final,Lithuania,Sweden,2,8,6,11,5,6,12,,
2022,final,Lithuania,Switzerland,18,4,4,2,8,8,4,,
2022,final,Lithuania,Ukraine,1,1,1,1,1,1,1,,
2022,final,Lithuania,United Kingdom,7,2,2,7,3,2,2,,
2022,final,Malta,Armenia,22,20,24,19,13,20,13,,
2022,final,Malta,Australia,12,5,5,6,6,2,6,,
2022,final,Malta,Azerbaijan,24,9,3,11,15,14,15,,
2022,final,Malta,Belgium,18,19,11,18,25,24,14,,
2022,final,Malta,Czechia,20,8,8,9,7,9,10,,
2022,final,Malta,Estonia,13,6,7,7,5,7,8,,
2022,final,Malta,Finland,10,15,15,13,21,10,11,,
2022,final,Malta,France,21,25,25,25,23,19,22,,
2022,final,Malta,Germany,19,24,19,16,24,21,21,,
2022,final,Malta,Greece,14,10,17,8,12,16,7,,
2022,final,Malta,Iceland,25,21,18,24,11,23,25,,
2022,final,Malta,Italy,2,4,6,4,3,8,2,,
2022,final,Malta,Lithuania,15,18,14,14,16,18,12,,
2022,final,Malta,Moldova,11,23,16,17,22,25,23,,
2022,final,Malta,Netherlands,16,17,21,23,9,13,18,,
2022,final,Malta,Norway,7,22,22,20,18,15,24,,
2022,final,Malta,Poland,9,7,10,15,10,6,4,,
2022,final,Malta,Portugal,17,16,20,10,14,12,19,,
2022,final,Malta,Romania,8,11,9,22,8,11,17,,
2022,final,Malta,Serbia,5,12,13,5,19,17,20,,
2022,final,Malta,Spain,4,1,1,3,2,1,5,,
2022,final,Malta,Sweden,6,2,2,2,1,4,3,,
2022,final,Malta,Switzerland,23,14,12,12,17,22,9,,
2022,final,Malta,Ukraine,3,13,23,21,20,5,16,,
2022,final,Malta,United Kingdom,1,3,4,1,4,3,1,,
2022,final,Moldova,Armenia,13,14,15,14,14,13,15,,
2022,final,Moldova,Australia,23,5,3,7,8,2,16,,
2022,final,Moldova,Azerbaijan,19,10,13,8,6,11,14,,
2022,final,Moldova,Belgium,10,7,6,4,11,9,4,,
2022,final,Moldova,Czechia,21,21,21,20,20,20,20,,
2022,final,Moldova,Estonia,4,6,5,6,4,18,5,,
2022,final,Moldova,Finland,15,15,23,13,17,23,9,,
2022,final,Moldova,France,9,24,24,24,24,24,19,,
2022,final,Moldova,Germany,16,19,20,17,19,21,11,,
2022,final,Moldova,Greece,17,16,16,11,21,15,17,,
2022,final,Moldova,Iceland,24,22,18,22,22,22,21,,
2022,final,Moldova,Italy,18,18,10,18,18,19,18,,
2022,final,Moldova,Lithuania,7,20,19,21,16,12,23,,
2022,final,Moldova,Netherlands,14,13,11,9,12,14,13,,
2022,final,Moldova,Norway,5,11,14,16,15,6,8,,
2022,final,Moldova,Poland,22,17,12,19,13,16,22,,
2022,final,Moldova,Portugal,11,9,9,12,9,8,10,,
2022,final,Moldova,Romania,2,12,17,10,10,10,12,,
2022,final,Moldova,Serbia,12,23,22,23,23,17,24,,
2022,final,Moldova,Spain,3,8,7,15,7,7,7,,
2022,final,Moldova,Sweden,6,3,4,3,5,5,2,,
2022,final,Moldova,Switzerland,20,4,8,5,3,4,6,,
2022,final,Moldova,Ukraine,1,1,2,1,1,1,1,,
2022,final,Moldova,United Kingdom,8,2,1,2,2,3,3,,
2022,final,Montenegro,Armenia,19,,,,,,,,
2022,final,Montenegro,Australia,18,,,,,,,,
2022,final,Montenegro,Azerbaijan,20,,,,,,,,
2022,final,Montenegro,Belgium,22,,,,,,,,
2022,final,Montenegro,Czechia,21,,,,,,,,
2022,final,Montenegro,Estonia,8,,,,,,,,
2022,final,Montenegro,Finland,17,,,,,,,,
2022,final,Montenegro,France,12,,,,,,,,
2022,final,Montenegro,Germany,16,,,,,,,,
2022,final,Montenegro,Greece,24,,,,,,,,
2022,final,Montenegro,Iceland,23,,,,,,,,
2022,final,Montenegro,Italy,5,,,,,,,,
2022,final,Montenegro,Lithuania,11,,,,,,,,
2022,final,Montenegro,Moldova,4,,,,,,,,
2022,final,Montenegro,Netherlands,15,,,,,,,,
2022,final,Montenegro,Norway,9,,,,,,,,
2022,final,Montenegro,Poland,7,,,,,,,,
2022,final,Montenegro,Portugal,6,,,,,,,,
2022,final,Montenegro,Romania,14,,,,,,,,
2022,final,Montenegro,Serbia,1,,,,,,,,
2022,final,Montenegro,Spain,3,,,,,,,,
2022,final,Montenegro,Sweden,10,,,,,,,,
2022,final,Montenegro,Switzerland,25,,,,,,,,
2022,final,Montenegro,Ukraine,2,,,,,,,,
2022,final,Montenegro,United Kingdom,13,,,,,,,,
2022,final,Netherlands,Armenia,12,17,8,18,15,11,16,,
2022,final,Netherlands,Australia,14,4,16,6,1,4,5,,
2022,final,Netherlands,Azerbaijan,19,14,17,20,10,5,17,,
2022,final,Netherlands,Belgium,7,5,10,5,3,14,1,,
2022,final,Netherlands,Czechia,24,21,21,19,24,22,21,,
2022,final,Netherlands,Estonia,10,19,19,14,12,18,19,,
2022,final,Netherlands,Finland,20,22,23,22,23,19,22,,
2022,final,Netherlands,France,22,24,24,24,22,24,24,,
2022,final,Netherlands,Germany,18,16,20,7,13,20,10,,
2022,final,Netherlands,Greece,21,1,1,2,2,3,8,,
2022,final,Netherlands,Iceland,23,11,13,9,11,16,4,,
2022,final,Netherlands,Italy,15,18,18,16,19,13,14,,
2022,final,Netherlands,Lithuania,13,13,4,11,9,17,18,,
2022,final,Netherlands,Moldova,2,9,5,10,17,7,9,,
2022,final,Netherlands,Norway,6,8,12,12,14,2,13,,
2022,final,Netherlands,Poland,5,15,7,23,18,9,12,,
2022,final,Netherlands,Portugal,11,3,2,1,4,15,11,,
2022,final,Netherlands,Romania,17,23,22,21,20,23,23,,
2022,final,Netherlands,Serbia,8,20,15,17,21,21,20,,
2022,final,Netherlands,Spain,4,6,6,4,7,8,2,,
2022,final,Netherlands,Sweden,9,10,11,15,6,12,6,,
2022,final,Netherlands,Switzerland,16,2,3,3,5,10,3,,
2022,final,Netherlands,Ukraine,1,12,14,8,8,6,15,,
2022,final,Netherlands,United Kingdom,3,7,9,13,16,1,7,,
2022,final,North Macedonia,Armenia,21,21,10,16,21,16,11,,
2022,final,North Macedonia,Australia,23,6,20,18,1,13,3,,
2022,final,North Macedonia,Azerbaijan,24,7,25,3,6,11,12,,
2022,final,North Macedonia,Belgium,16,8,6,9,16,5,13,,
2022,final,North Macedonia,Czechia,6,22,19,20,25,10,17,,
2022,final,North Macedonia,Estonia,8,14,12,23,7,22,8,,
2022,final,North Macedonia,Finland,15,18,17,12,24,6,25,,
2022,final,North Macedonia,France,19,24,22,17,15,23,16,,
2022,final,North Macedonia,Germany,20,13,7,11,20,24,7,,
2022,final,North Macedonia,Greece,22,11,23,13,8,4,15,,
2022,final,North Macedonia,Iceland,25,25,21,25,22,25,23,,
2022,final,North Macedonia,Italy,5,4,1,15,11,3,21,,
2022,final,North Macedonia,Lithuania,10,17,9,14,18,9,20,,
2022,final,North Macedonia,Moldova,4,16,18,7,9,20,24,,
2022,final,North Macedonia,Netherlands,14,20,15,8,17,19,14,,
2022,final,North Macedonia,Norway,9,23,16,24,12,15,22,,
2022,final,North Macedonia,Poland,11,9,11,22,4,8,9,,
2022,final,North Macedonia,Portugal,17,15,14,5,23,17,18,,
2022,final,North Macedonia,Romania,13,19,13,19,10,14,10,,
2022,final,North Macedonia,Serbia,1,2,24,1,2,2,2,,
2022,final,North Macedonia,Spain,2,1,2,2,5,1,1,,
2022,final,North Macedonia,Sweden,7,5,3,6,19,7,5,,
2022,final,North Macedonia,Switzerland,18,10,5,10,14,18,6,,
2022,final,North Macedonia,Ukraine,3,12,4,21,13,12,19,,
2022,final,North Macedonia,United Kingdom,12,3,8,4,3,21,4,,
2022,final,Norway,Armenia,15,7,21,4,4,10,14,,
2022,final,Norway,Australia,21,13,11,19,7,17,11,,
2022,final,Norway,Azerbaijan,24,16,8,18,22,15,18,,
2022,final,Norway,Belgium,22,18,22,16,12,14,20,,
2022,final,Norway,Czechia,11,12,14,13,16,9,7,,
2022,final,Norway,Estonia,9,11,18,6,15,8,17,,
2022,final,Norway,Finland,17,24,24,20,23,23,21,,
2022,final,Norway,France,14,14,20,14,20,7,12,,
2022,final,Norway,Germany,18,21,23,12,19,22,15,,
2022,final,Norway,Greece,4,1,1,1,1,3,1,,
2022,final,Norway,Iceland,12,22,16,15,14,19,24,,
2022,final,Norway,Italy,23,17,13,17,18,12,16,,
2022,final,Norway,Lithuania,2,9,7,21,10,6,19,,
2022,final,Norway,Moldova,7,20,19,23,21,20,10,,
2022,final,Norway,Netherlands,16,6,9,3,8,13,8,,
2022,final,Norway,Poland,6,15,17,10,11,18,13,,
2022,final,Norway,Portugal,20,2,5,2,2,1,3,,
2022,final,Norway,Romania,19,19,15,11,17,21,22,,
2022,final,Norway,Serbia,8,23,10,24,24,24,23,,
2022,final,Norway,Spain,10,4,2,8,5,2,6,,
2022,final,Norway,Sweden,3,3,3,5,3,4,5,,
2022,final,Norway,Switzerland,13,10,12,7,9,16,9,,
2022,final,Norway,Ukraine,1,8,6,22,13,11,4,,
2022,final,Norway,United Kingdom,5,5,4,9,6,5,2,,
2022,final,Poland,Armenia,17,,,,,,,,
2022,final,Poland,Australia,24,,,,,,,,
2022,final,Poland,Azerbaijan,21,,,,,,,,
2022,final,Poland,Belgium,22,,,,,,,,
2022,final,Poland,Czechia,16,,,,,,,,
2022,final,Poland,Estonia,3,,,,,,,,
2022,final,Poland,Finland,11,,,,,,,,
2022,final,Poland,France,18,,,,,,,,
2022,final,Poland,Germany,14,,,,,,,,
2022,final,Poland,Greece,23,,,,,,,,
2022,final,Poland,Iceland,20,,,,,,,,
2022,final,Poland,Italy,13,,,,,,,,
2022,final,Poland,Lithuania,9,,,,,,,,
2022,final,Poland,Moldova,4,,,,,,,,
2022,final,Poland,Netherlands,12,,,,,,,,
2022,final,Poland,Norway,7,,,,,,,,
2022,final,Poland,Portugal,10,,,,,,,,
2022,final,Poland,Romania,15,,,,,,,,
2022,final,Poland,Serbia,6,,,,,,,,
2022,final,Poland,Spain,5,,,,,,,,
2022,final,Poland,Sweden,2,,,,,,,,
2022,final,Poland,Switzerland,19,,,,,,,,
2022,final,Poland,Ukraine,1,,,,,,,,
2022,final,Poland,United Kingdom,8,,,,,,,,
2022,final,Portugal,Armenia,15,10,13,7,8,15,6,,
2022,final,Portugal,Australia,21,22,22,13,21,23,15,,
2022,final,Portugal,Azerbaijan,24,14,9,21,7,19,11,,
2022,final,Portugal,Belgium,20,18,12,22,11,22,21,,
2022,final,Portugal,Czechia,22,16,16,19,17,11,7,,
2022,final,Portugal,Estonia,12,20,18,14,14,18,20,,
2022,final,Portugal,Finland,16,24,20,12,23,21,22,,
2022,final,Portugal,France,19,19,11,23,18,16,16,,
2022,final,Portugal,Germany,14,21,24,18,22,24,10,,
2022,final,Portugal,Greece,18,7,7,8,5,5,14,,
2022,final,Portugal,Iceland,23,5,5,6,3,20,2,,
2022,final,Portugal,Italy,8,15,21,20,15,8,8,,
2022,final,Portugal,Lithuania,10,6,1,16,4,14,4,,
2022,final,Portugal,Moldova,3,11,14,2,20,17,17,,
2022,final,Portugal,Netherlands,7,4,8,10,1,7,3,,
2022,final,Portugal,Norway,9,13,19,9,16,4,18,,
2022,final,Portugal,Poland,11,17,17,11,19,10,24,,
2022,final,Portugal,Romania,13,23,23,17,24,13,19,,
2022,final,Portugal,Serbia,6,8,4,24,13,6,9,,
2022,final,Portugal,Spain,2,1,2,4,6,2,1,,
2022,final,Portugal,Sweden,4,12,15,15,10,9,5,,
2022,final,Portugal,Switzerland,17,9,10,3,9,12,23,,
2022,final,Portugal,Ukraine,1,3,6,1,12,1,12,,
2022,final,Portugal,United Kingdom,5,2,3,5,2,3,13,,
2022,final,Romania,Armenia,18,,,,,,,,
2022,final,Romania,Australia,13,,,,,,,,
2022,final,Romania,Azerbaijan,23,,,,,,,,
2022,final,Romania,Belgium,16,,,,,,,,
2022,final,Romania,Czechia,22,,,,,,,,
2022,final,Romania,Estonia,6,,,,,,,,
2022,final,Romania,Finland,15,,,,,,,,
2022,final,Romania,France,10,,,,,,,,
2022,final,Romania,Germany,20,,,,,,,,
2022,final,Romania,Greece,14,,,,,,,,
2022,final,Romania,Iceland,24,,,,,,,,
2022,final,Romania,Italy,7,,,,,,,,
2022,final,Romania,Lithuania,12,,,,,,,,
2022,final,Romania,Moldova,1,,,,,,,,
2022,final,Romania,Netherlands,17,,,,,,,,
2022,final,Romania,Norway,9,,,,,,,,
2022,final,Romania,Poland,11,,,,,,,,
2022,final,Romania,Portugal,19,,,,,,,,
2022,final,Romania,Serbia,4,,,,,,,,
2022,final,Romania,Spain,3,,,,,,,,
2022,final,Romania,Sweden,5,,,,,,,,
2022,final,Romania,Switzerland,21,,,,,,,,
2022,final,Romania,Ukraine,2,,,,,,,,
2022,final,Romania,United Kingdom,8,,,,,,,,
2022,final,San Marino,Armenia,13,,,,,,,,
2022,final,San Marino,Australia,17,,,,,,,,
2022,final,San Marino,Azerbaijan,23,,,,,,,,
2022,final,San Marino,Belgium,20,,,,,,,,
2022,final,San Marino,Czechia,22,,,,,,,,
2022,final,San Marino,Estonia,16,,,,,,,,
2022,final,San Marino,Finland,14,,,,,,,,
2022,final,San Marino,France,19,,,,,,,,
2022,final,San Marino,Germany,21,,,,,,,,
2022,final,San Marino,Greece,4,,,,,,,,
2022,final,San Marino,Iceland,25,,,,,,,,
2022,final,San Marino,Italy,6,,,,,,,,
2022,final,San Marino,Lithuania,12,,,,,,,,
2022,final,San Marino,Moldova,7,,,,,,,,
2022,final,San Marino,Netherlands,15,,,,,,,,
2022,final,San Marino,Norway,9,,,,,,,,
2022,final,San Marino,Poland,11,,,,,,,,
2022,final,San Marino,Portugal,18,,,,,,,,
2022,final,San Marino,Romania,10,,,,,,,,
2022,final,San Marino,Serbia,3,,,,,,,,
2022,final,San Marino,Spain,2,,,,,,,,
2022,final,San Marino,Sweden,8,,,,,,,,
2022,final,San Marino,Switzerland,24,,,,,,,,
2022,final,San Marino,Ukraine,1,,,,,,,,
2022,final,San Marino,United Kingdom,5,,,,,,,,
2022,final,Serbia,Armenia,19,12,16,12,15,5,10,,
2022,final,Serbia,Australia,20,14,14,11,18,14,7,,
2022,final,Serbia,Azerbaijan,22,1,4,2,8,2,1,,
2022,final,Serbia,Belgium,14,3,2,6,21,3,2,,
2022,final,Serbia,Czechia,17,8,8,9,9,16,5,,
2022,final,Serbia,Estonia,5,2,3,5,2,13,3,,
2022,final,Serbia,Finland,12,5,1,4,13,9,6,,
2022,final,Serbia,France,9,24,22,24,20,12,24,,
2022,final,Serbia,Germany,21,17,19,16,16,7,11,,
2022,final,Serbia,Greece,15,15,6,13,12,18,22,,
2022,final,Serbia,Iceland,23,16,20,23,24,4,23,,
2022,final,Serbia,Italy,7,19,10,18,11,11,21,,
2022,final,Serbia,Lithuania,8,9,5,19,17,8,8,,
2022,final,Serbia,Moldova,1,23,23,22,22,15,14,,
2022,final,Serbia,Netherlands,13,11,15,17,6,6,17,,
2022,final,Serbia,Norway,3,22,24,20,10,19,15,,
2022,final,Serbia,Poland,18,18,11,8,14,20,16,,
2022,final,Serbia,Portugal,11,4,17,10,4,1,4,,
2022,final,Serbia,Romania,6,13,7,14,23,17,9,,
2022,final,Serbia,Spain,2,7,9,3,3,22,19,,
2022,final,Serbia,Sweden,10,6,13,1,1,23,18,,
2022,final,Serbia,Switzerland,24,21,21,21,19,10,12,,
2022,final,Serbia,Ukraine,4,20,18,15,7,24,20,,
2022,final,Serbia,United Kingdom,16,10,12,7,5,21,13,,
2022,final,Slovenia,Armenia,21,16,18,10,22,19,18,,
2022,final,Slovenia,Australia,23,15,15,16,13,12,15,,
2022,final,Slovenia,Azerbaijan,25,14,7,11,14,13,14,,
2022,final,Slovenia,Belgium,19,13,19,8,7,10,21,,
2022,final,Slovenia,Czechia,22,17,17,18,15,20,13,,
2022,final,Slovenia,Estonia,12,18,24,13,18,16,17,,
2022,final,Slovenia,Finland,11,24,22,25,24,23,24,,
2022,final,Slovenia,France,20,20,16,24,19,24,16,,
2022,final,Slovenia,Germany,15,19,14,19,16,18,19,,
2022,final,Slovenia,Greece,3,7,4,9,8,6,11,,
2022,final,Slovenia,Iceland,24,21,20,22,20,17,20,,
2022,final,Slovenia,Italy,5,1,2,1,1,1,7,,
2022,final,Slovenia,Lithuania,9,2,12,2,3,2,4,,
2022,final,Slovenia,Moldova,4,23,21,21,23,22,23,,
2022,final,Slovenia,Netherlands,10,4,5,7,4,7,1,,
2022,final,Slovenia,Norway,8,12,13,14,17,3,12,,
2022,final,Slovenia,Poland,18,22,23,23,21,15,22,,
2022,final,Slovenia,Portugal,13,8,3,6,9,21,10,,
2022,final,Slovenia,Romania,17,25,25,20,25,25,25,,
2022,final,Slovenia,Serbia,1,5,1,5,2,14,8,,
2022,final,Slovenia,Spain,7,10,10,12,6,9,9,,
2022,final,Slovenia,Sweden,6,11,8,17,10,11,5,,
2022,final,Slovenia,Switzerland,16,6,11,4,12,5,6,,
2022,final,Slovenia,Ukraine,2,3,6,3,5,4,2,,
2022,final,Slovenia,United Kingdom,14,9,9,15,11,8,3,,
2022,final,Spain,Armenia,11,19,18,19,9,21,20,,
2022,final,Spain,Australia,20,3,2,8,8,5,2,,
2022,final,Spain,Azerbaijan,23,1,1,1,1,1,3,,
2022,final,Spain,Belgium,18,6,5,3,15,8,7,,
2022,final,Spain,Czechia,19,18,13,12,16,11,22,,
2022,final,Spain,Estonia,15,15,15,14,11,14,10,,
2022,final,Spain,Finland,14,17,8,18,17,18,15,,
2022,final,Spain,France,13,22,20,21,21,23,18,,
2022,final,Spain,Germany,16,14,17,13,5,17,23,,
2022,final,Spain,Greece,21,9,10,15,3,7,17,,
2022,final,Spain,Iceland,24,23,22,24,24,16,24,,
2022,final,Spain,Italy,6,2,4,4,6,3,4,,
2022,final,Spain,Lithuania,12,13,11,16,19,10,6,,
2022,final,Spain,Moldova,4,24,24,23,23,24,16,,
2022,final,Spain,Netherlands,17,16,19,17,12,20,8,,
2022,final,Spain,Norway,8,21,21,20,20,22,11,,
2022,final,Spain,Poland,10,11,7,10,13,9,9,,
2022,final,Spain,Portugal,7,12,12,6,7,15,21,,
2022,final,Spain,Romania,2,7,14,5,2,12,14,,
2022,final,Spain,Serbia,9,5,6,11,22,4,1,,
2022,final,Spain,Sweden,5,4,9,2,4,2,12,,
2022,final,Spain,Switzerland,22,10,3,7,18,19,13,,
2022,final,Spain,Ukraine,1,20,23,22,14,13,19,,
2022,final,Spain,United Kingdom,3,8,16,9,10,6,5,,
2022,final,Sweden,Armenia,12,9,4,4,23,21,10,,
2022,final,Sweden,Australia,15,2,1,16,2,4,13,,
2022,final,Sweden,Azerbaijan,24,4,3,20,5,6,4,,
2022,final,Sweden,Belgium,13,10,15,2,7,14,21,,
2022,final,Sweden,Czechia,20,6,21,3,16,5,7,,
2022,final,Sweden,Estonia,7,5,20,15,4,2,6,,
2022,final,Sweden,Finland,4,13,6,11,6,18,15,,
2022,final,Sweden,France,21,24,23,19,21,23,20,,
2022,final,Sweden,Germany,17,17,8,17,11,13,17,,
2022,final,Sweden,Greece,23,11,7,21,19,3,8,,
2022,final,Sweden,Iceland,18,21,14,23,17,8,18,,
2022,final,Sweden,Italy,16,12,11,13,22,22,2,,
2022,final,Sweden,Lithuania,8,18,13,14,10,9,22,,
2022,final,Sweden,Moldova,11,20,24,6,24,16,23,,
2022,final,Sweden,Netherlands,10,19,10,9,14,19,14,,
2022,final,Sweden,Norway,2,8,19,12,20,1,9,,
2022,final,Sweden,Poland,6,23,16,22,18,15,12,,
2022,final,Sweden,Portugal,19,14,22,18,9,17,3,,
2022,final,Sweden,Romania,14,16,18,7,12,11,16,,
2022,final,Sweden,Serbia,3,7,17,5,3,7,24,,
2022,final,Sweden,Spain,9,1,5,1,1,24,5,,
2022,final,Sweden,Switzerland,22,22,9,24,15,20,19,,
2022,final,Sweden,Ukraine,1,15,12,10,8,12,11,,
2022,final,Sweden,United Kingdom,5,3,2,8,13,10,1,,
2022,final,Switzerland,Armenia,16,14,10,8,14,13,19,,
2022,final,Switzerland,Australia,18,7,18,2,5,10,6,,
2022,final,Switzerland,Azerbaijan,22,12,5,12,22,15,12,,
2022,final,Switzerland,Belgium,21,19,14,24,17,16,15,,
2022,final,Switzerland,Czechia,24,11,22,11,4,12,21,,
2022,final,Switzerland,Estonia,11,17,17,19,23,17,8,,
2022,final,Switzerland,Finland,14,21,23,15,19,22,16,,
2022,final,Switzerland,France,20,20,20,20,18,23,13,,
2022,final,Switzerland,Germany,9,22,15,18,21,20,24,,
2022,final,Switzerland,Greece,19,1,7,1,2,2,7,,
2022,final,Switzerland,Iceland,23,15,11,14,13,8,17,,
2022,final,Switzerland,Italy,3,9,12,5,7,3,10,,
2022,final,Switzerland,Lithuania,15,13,13,17,8,9,11,,
2022,final,Switzerland,Moldova,7,23,24,22,20,24,14,,
2022,final,Switzerland,Netherlands,13,2,2,3,11,4,4,,
2022,final,Switzerland,Norway,12,10,9,13,6,14,9,,
2022,final,Switzerland,Poland,10,18,16,9,16,19,18,,
2022,final,Switzerland,Portugal,4,6,1,21,12,1,20,,
2022,final,Switzerland,Romania,17,24,21,23,15,21,23,,
2022,final,Switzerland,Serbia,1,16,19,7,24,18,22,,
2022,final,Switzerland,Spain,5,3,4,16,1,7,3,,
2022,final,Switzerland,Sweden,8,4,8,4,3,11,2,,
2022,final,Switzerland,Ukraine,2,8,3,10,10,6,5,,
2022,final,Switzerland,United Kingdom,6,5,6,6,9,5,1,,
2022,final,Ukraine,Armenia,23,9,7,12,13,8,12,,
2022,final,Ukraine,Australia,20,8,24,11,10,17,3,,
2022,final,Ukraine,Azerbaijan,19,6,9,5,8,6,1,,
2022,final,Ukraine,Belgium,18,19,21,20,24,16,9,,
2022,final,Ukraine,Czechia,16,10,3,14,19,18,14,,
2022,final,Ukraine,Estonia,6,15,22,10,20,20,7,,
2022,final,Ukraine,Finland,7,20,13,17,14,19,17,,
2022,final,Ukraine,France,14,14,11,23,7,14,20,,
2022,final,Ukraine,Germany,12,18,16,16,21,15,10,,
2022,final,Ukraine,Greece,24,4,5,6,6,3,4,,
2022,final,Ukraine,Iceland,3,13,19,8,15,10,16,,
2022,final,Ukraine,Italy,21,12,15,21,5,12,21,,
2022,final,Ukraine,Lithuania,2,21,20,19,17,11,24,,
2022,final,Ukraine,Moldova,5,17,18,7,23,23,18,,
2022,final,Ukraine,Netherlands,8,3,2,4,3,4,6,,
2022,final,Ukraine,Norway,9,16,14,18,11,13,15,,
2022,final,Ukraine,Poland,1,11,10,15,12,7,11,,
2022,final,Ukraine,Portugal,13,2,6,3,2,2,5,,
2022,final,Ukraine,Romania,17,22,17,13,16,21,23,,
2022,final,Ukraine,Serbia,15,24,23,24,22,22,19,,
2022,final,Ukraine,Spain,10,23,12,22,18,24,22,,
2022,final,Ukraine,Sweden,11,7,4,9,9,9,13,,
2022,final,Ukraine,Switzerland,22,5,8,2,4,5,8,,
2022,final,Ukraine,United Kingdom,4,1,1,1,1,1,2,,
2022,final,United Kingdom,Armenia,20,22,19,23,15,21,15,,
2022,final,United Kingdom,Australia,19,5,2,20,6,3,9,,
2022,final,United Kingdom,Azerbaijan,22,4,18,9,1,5,4,,
2022,final,United Kingdom,Belgium,21,21,17,17,13,14,22,,
2022,final,United Kingdom,Czechia,18,12,10,11,10,16,7,,
2022,final,United Kingdom,Estonia,9,6,12,8,14,6,2,,
2022,final,United Kingdom,Finland,11,14,4,19,19,22,12,,
2022,final,United Kingdom,France,17,24,23,22,24,23,24,,
2022,final,United Kingdom,Germany,15,23,15,24,17,19,23,,
2022,final,United Kingdom,Greece,13,7,5,5,8,13,8,,
2022,final,United Kingdom,Iceland,23,18,9,10,22,24,18,,
2022,final,United Kingdom,Italy,12,11,21,16,4,8,16,,
2022,final,United Kingdom,Lithuania,4,13,13,4,20,18,17,,
2022,final,United Kingdom,Moldova,3,19,16,12,23,15,11,,
2022,final,United Kingdom,Netherlands,16,20,22,18,11,20,10,,
2022,final,United Kingdom,Norway,5,16,7,13,18,12,20,,
2022,final,United Kingdom,Poland,2,3,6,14,2,4,3,,
2022,final,United Kingdom,Portugal,14,8,8,2,9,10,21,,
2022,final,United Kingdom,Romania,8,17,11,15,12,17,13,,
2022,final,United Kingdom,Serbia,10,10,24,6,21,2,19,,
2022,final,United Kingdom,Spain,6,2,1,3,7,7,5,,
2022,final,United Kingdom,Sweden,7,1,3,1,5,1,1,,
2022,final,United Kingdom,Switzerland,24,9,14,21,3,9,6,,
2022,final,United Kingdom,Ukraine,1,15,20,7,16,11,14,,
2023,semi-final-1,Azerbaijan,Croatia,12,,,,,,,,
2023,semi-final-1,Azerbaijan,Czechia,6,,,,,,,,
2023,semi-final-1,Azerbaijan,Finland,3,,,,,,,,
2023,semi-final-1,Azerbaijan,Ireland,14,,,,,,,,
2023,semi-final-1,Azerbaijan,Israel,1,,,,,,,,
2023,semi-final-1,Azerbaijan,Latvia,5,,,,,,,,
2023,semi-final-1,Azerbaijan,Malta,11,,,,,,,,
2023,semi-final-1,Azerbaijan,Moldova,7,,,,,,,,
2023,semi-final-1,Azerbaijan,Netherlands,10,,,,,,,,
2023,semi-final-1,Azerbaijan,Norway,9,,,,,,,,
2023,semi-final-1,Azerbaijan,Portugal,13,,,,,,,,
2023,semi-final-1,Azerbaijan,Serbia,8,,,,,,,,
2023,semi-final-1,Azerbaijan,Sweden,2,,,,,,,,
2023,semi-final-1,Azerbaijan,Switzerland,4,,,,,,,,
2023,semi-final-1,Croatia,Azerbaijan,10,,,,,,,,
2023,semi-final-1,Croatia,Czechia,3,,,,,,,,
2023,semi-final-1,Croatia,Finland,1,,,,,,,,
2023,semi-final-1,Croatia,Ireland,13,,,,,,,,
2023,semi-final-1,Croatia,Israel,4,,,,,,,,
2023,semi-final-1,Croatia,Latvia,14,,,,,,,,
2023,semi-final-1,Croatia,Malta,11,,,,,,,,
2023,semi-final-1,Croatia,Moldova,8,,,,,,,,
2023,semi-final-1,Croatia,Netherlands,12,,,,,,,,
2023,semi-final-1,Croatia,Norway,5,,,,,,,,
2023,semi-final-1,Croatia,Portugal,6,,,,,,,,
2023,semi-final-1,Croatia,Serbia,2,,,,,,,,
2023,semi-final-1,Croatia,Sweden,7,,,,,,,,
2023,semi-final-1,Croatia,Switzerland,9,,,,,,,,
2023,semi-final-1,Czechia,Azerbaijan,11,,,,,,,,
2023,semi-final-1,Czechia,Croatia,7,,,,,,,,
2023,semi-final-1,Czechia,Finland,3,,,,,,,,
2023,semi-final-1,Czechia,Ireland,13,,,,,,,,
2023,semi-final-1,Czechia,Israel,1,,,,,,,,
2023,semi-final-1,Czechia,Latvia,10,,,,,,,,
2023,semi-final-1,Czechia,Malta,12,,,,,,,,
2023,semi-final-1,Czechia,Moldova,4,,,,,,,,
2023,semi-final-1,Czechia,Netherlands,14,,,,,,,,
2023,semi-final-1,Czechia,Norway,2,,,,,,,,
2023,semi-final-1,Czechia,Portugal,9,,,,,,,,
2023,semi-final-1,Czechia,Serbia,8,,,,,,,,
2023,semi-final-1,Czechia,Sweden,5,,,,,,,,
2023,semi-final-1,Czechia,Switzerland,6,,,,,,,,
2023,semi-final-1,Finland,Azerbaijan,12,,,,,,,,
2023,semi-final-1,Finland,Croatia,5,,,,,,,,
2023,semi-final-1,Finland,Czechia,1,,,,,,,,
2023,semi-final-1,Finland,Ireland,14,,,,,,,,
2023,semi-final-1,Finland,Israel,10,,,,,,,,
2023,semi-final-1,Finland,Latvia,8,,,,,,,,
2023,semi-final-1,Finland,Malta,11,,,,,,,,
2023,semi-final-1,Finland,Moldova,4,,,,,,,,
2023,semi-final-1,Finland,Netherlands,13,,,,,,,,
2023,semi-final-1,Finland,Norway,2,,,,,,,,
2023,semi-final-1,Finland,Portugal,9,,,,,,,,
2023,semi-final-1,Finland,Serbia,7,,,,,,,,
2023,semi-final-1,Finland,Sweden,6,,,,,,,,
2023,semi-final-1,Finland,Switzerland,3,,,,,,,,
2023,semi-final-1,France,Azerbaijan,15,,,,,,,,
2023,semi-final-1,France,Croatia,11,,,,,,,,
2023,semi-final-1,France,Czechia,7,,,,,,,,
2023,semi-final-1,France,Finland,4,,,,,,,,
2023,semi-final-1,France,Ireland,13,,,,,,,,
2023,semi-final-1,France,Israel,3,,,,,,,,
2023,semi-final-1,France,Latvia,8,,,,,,,,
2023,semi-final-1,France,Malta,12,,,,,,,,
2023,semi-final-1,France,Moldova,2,,,,,,,,
2023,semi-final-1,France,Netherlands,14,,,,,,,,
2023,semi-final-1,France,Norway,10,,,,,,,,
2023,semi-final-1,France,Portugal,1,,,,,,,,
2023,semi-final-1,France,Serbia,9,,,,,,,,
2023,semi-final-1,France,Sweden,6,,,,,,,,
2023,semi-final-1,France,Switzerland,5,,,,,,,,
2023,semi-final-1,Germany,Azerbaijan,15,,,,,,,,
2023,semi-final-1,Germany,Croatia,8,,,,,,,,
2023,semi-final-1,Germany,Czechia,6,,,,,,,,
2023,semi-final-1,Germany,Finland,2,,,,,,,,
2023,semi-final-1,Germany,Ireland,13,,,,,,,,
2023,semi-final-1,Germany,Israel,1,,,,,,,,
2023,semi-final-1,Germany,Latvia,3,,,,,,,,
2023,semi-final-1,Germany,Malta,10,,,,,,,,
2023,semi-final-1,Germany,Moldova,7,,,,,,,,
2023,semi-final-1,Germany,Netherlands,14,,,,,,,,
2023,semi-final-1,Germany,Norway,11,,,,,,,,
2023,semi-final-1,Germany,Portugal,5,,,,,,,,
2023,semi-final-1,Germany,Serbia,9,,,,,,,,
2023,semi-final-1,Germany,Sweden,4,,,,,,,,
2023,semi-final-1,Germany,Switzerland,12,,,,,,,,
2023,semi-final-1,Ireland,Azerbaijan,12,,,,,,,,
2023,semi-final-1,Ireland,Croatia,6,,,,,,,,
2023,semi-final-1,Ireland,Czechia,8,,,,,,,,
2023,semi-final-1,Ireland,Finland,1,,,,,,,,
2023,semi-final-1,Ireland,Israel,5,,,,,,,,
2023,semi-final-1,Ireland,Latvia,7,,,,,,,,
2023,semi-final-1,Ireland,Malta,13,,,,,,,,
2023,semi-final-1,Ireland,Moldova,2,,,,,,,,
2023,semi-final-1,Ireland,Netherlands,11,,,,,,,,
2023,semi-final-1,Ireland,Norway,9,,,,,,,,
2023,semi-final-1,Ireland,Portugal,10,,,,,,,,
2023,semi-final-1,Ireland,Serbia,14,,,,,,,,
2023,semi-final-1,Ireland,Sweden,3,,,,,,,,
2023,semi-final-1,Ireland,Switzerland,4,,,,,,,,
2023,semi-final-1,Israel,Azerbaijan,10,,,,,,,,
2023,semi-final-1,Israel,Croatia,6,,,,,,,,
2023,semi-final-1,Israel,Czechia,3,,,,,,,,
2023,semi-final-1,Israel,Finland,1,,,,,,,,
2023,semi-final-1,Israel,Ireland,14,,,,,,,,
2023,semi-final-1,Israel,Latvia,12,,,,,,,,
2023,semi-final-1,Israel,Malta,9,,,,,,,,
2023,semi-final-1,Israel,Moldova,5,,,,,,,,
2023,semi-final-1,Israel,Netherlands,11,,,,,,,,
2023,semi-final-1,Israel,Norway,2,,,,,,,,
2023,semi-final-1,Israel,Portugal,8,,,,,,,,
2023,semi-final-1,Israel,Serbia,13,,,,,,,,
2023,semi-final-1,Israel,Sweden,4,,,,,,,,
2023,semi-final-1,Israel,Switzerland,7,,,,,,,,
2023,semi-final-1,Italy,Azerbaijan,15,,,,,,,,
2023,semi-final-1,Italy,Croatia,6,,,,,,,,
2023,semi-final-1,Italy,Czechia,3,,,,,,,,
2023,semi-final-1,Italy,Finland,4,,,,,,,,
2023,semi-final-1,Italy,Ireland,14,,,,,,,,
2023,semi-final-1,Italy,Israel,5,,,,,,,,
2023,semi-final-1,Italy,Latvia,11,,,,,,,,
2023,semi-final-1,Italy,Malta,12,,,,,,,,
2023,semi-final-1,Italy,Moldova,1,,,,,,,,
2023,semi-final-1,Italy,Netherlands,13,,,,,,,,
2023,semi-final-1,Italy,Norway,2,,,,,,,,
2023,semi-final-1,Italy,Portugal,9,,,,,,,,
2023,semi-final-1,Italy,Serbia,10,,,,,,,,
2023,semi-final-1,Italy,Sweden,8,,,,,,,,
2023,semi-final-1,Italy,Switzerland,7,,,,,,,,
2023,semi-final-1,Latvia,Azerbaijan,9,,,,,,,,
2023,semi-final-1,Latvia,Croatia,4,,,,,,,,
2023,semi-final-1,Latvia,Czechia,6,,,,,,,,
2023,semi-final-1,Latvia,Finland,1,,,,,,,,
2023,semi-final-1,Latvia,Ireland,10,,,,,,,,
2023,semi-final-1,Latvia,Israel,3,,,,,,,,
2023,semi-final-1,Latvia,Malta,14,,,,,,,,
2023,semi-final-1,Latvia,Moldova,5,,,,,,,,
2023,semi-final-1,Latvia,Netherlands,12,,,,,,,,
2023,semi-final-1,Latvia,Norway,7,,,,,,,,
2023,semi-final-1,Latvia,Portugal,11,,,,,,,,
2023,semi-final-1,Latvia,Serbia,13,,,,,,,,
2023,semi-final-1,Latvia,Sweden,2,,,,,,,,
2023,semi-final-1,Latvia,Switzerland,8,,,,,,,,
2023,semi-final-1,Malta,Azerbaijan,13,,,,,,,,
2023,semi-final-1,Malta,Croatia,12,,,,,,,,
2023,semi-final-1,Malta,Czechia,9,,,,,,,,
2023,semi-final-1,Malta,Finland,4,,,,,,,,
2023,semi-final-1,Malta,Ireland,8,,,,,,,,
2023,semi-final-1,Malta,Israel,3,,,,,,,,
2023,semi-final-1,Malta,Latvia,14,,,,,,,,
2023,semi-final-1,Malta,Moldova,10,,,,,,,,
2023,semi-final-1,Malta,Netherlands,11,,,,,,,,
2023,semi-final-1,Malta,Norway,2,,,,,,,,
2023,semi-final-1,Malta,Portugal,7,,,,,,,,
2023,semi-final-1,Malta,Serbia,6,,,,,,,,
2023,semi-final-1,Malta,Sweden,1,,,,,,,,
2023,semi-final-1,Malta,Switzerland,5,,,,,,,,
2023,semi-final-1,Moldova,Azerbaijan,12,,,,,,,,
2023,semi-final-1,Moldova,Croatia,8,,,,,,,,
2023,semi-final-1,Moldova,Czechia,6,,,,,,,,
2023,semi-final-1,Moldova,Finland,5,,,,,,,,
2023,semi-final-1,Moldova,Ireland,13,,,,,,,,
2023,semi-final-1,Moldova,Israel,1,,,,,,,,
2023,semi-final-1,Moldova,Latvia,10,,,,,,,,
2023,semi-final-1,Moldova,Malta,11,,,,,,,,
2023,semi-final-1,Moldova,Netherlands,9,,,,,,,,
2023,semi-final-1,Moldova,Norway,3,,,,,,,,
2023,semi-final-1,Moldova,Portugal,7,,,,,,,,
2023,semi-final-1,Moldova,Serbia,14,,,,,,,,
2023,semi-final-1,Moldova,Sweden,2,,,,,,,,
2023,semi-final-1,Moldova,Switzerland,4,,,,,,,,
2023,semi-final-1,Netherlands,Azerbaijan,11,,,,,,,,
2023,semi-final-1,Netherlands,Croatia,9,,,,,,,,
2023,semi-final-1,Netherlands,Czechia,5,,,,,,,,
2023,semi-final-1,Netherlands,Finland,2,,,,,,,,
2023,semi-final-1,Netherlands,Ireland,14,,,,,,,,
2023,semi-final-1,Netherlands,Israel,7,,,,,,,,
2023,semi-final-1,Netherlands,Latvia,10,,,,,,,,
2023,semi-final-1,Netherlands,Malta,12,,,,,,,,
2023,semi-final-1,Netherlands,Moldova,8,,,,,,,,
2023,semi-final-1,Netherlands,Norway,6,,,,,,,,
2023,semi-final-1,Netherlands,Portugal,4,,,,,,,,
2023,semi-final-1,Netherlands,Serbia,13,,,,,,,,
2023,semi-final-1,Netherlands,Sweden,1,,,,,,,,
2023,semi-final-1,Netherlands,Switzerland,3,,,,,,,,
2023,semi-final-1,Norway,Azerbaijan,13,,,,,,,,
2023,semi-final-1,Norway,Croatia,7,,,,,,,,
2023,semi-final-1,Norway,Czechia,4,,,,,,,,
2023,semi-final-1,Norway,Finland,1,,,,,,,,
2023,semi-final-1,Norway,Ireland,8,,,,,,,,
2023,semi-final-1,Norway,Israel,6,,,,,,,,
2023,semi-final-1,Norway,Latvia,12,,,,,,,,
2023,semi-final-1,Norway,Malta,14,,,,,,,,
2023,semi-final-1,Norway,Moldova,5,,,,,,,,
2023,semi-final-1,Norway,Netherlands,10,,,,,,,,
2023,semi-final-1,Norway,Portugal,9,,,,,,,,
2023,semi-final-1,Norway,Serbia,11,,,,,,,,
2023,semi-final-1,Norway,Sweden,2,,,,,,,,
2023,semi-final-1,Norway,Switzerland,3,,,,,,,,
2023,semi-final-1,Portugal,Azerbaijan,14,,,,,,,,
2023,semi-final-1,Portugal,Croatia,12,,,,,,,,
2023,semi-final-1,Portugal,Czechia,5,,,,,,,,
2023,semi-final-1,Portugal,Finland,2,,,,,,,,
2023,semi-final-1,Portugal,Ireland,9,,,,,,,,
2023,semi-final-1,Portugal,Israel,4,,,,,,,,
2023,semi-final-1,Portugal,Latvia,7,,,,,,,,
2023,semi-final-1,Portugal,Malta,13,,,,,,,,
2023,semi-final-1,Portugal,Moldova,1,,,,,,,,
2023,semi-final-1,Portugal,Netherlands,10,,,,,,,,
2023,semi-final-1,Portugal,Norway,8,,,,,,,,
2023,semi-final-1,Portugal,Serbia,11,,,,,,,,
2023,semi-final-1,Portugal,Sweden,3,,,,,,,,
2023,semi-final-1,Portugal,Switzerland,6,,,,,,,,
2023,semi-final-1,Serbia,Azerbaijan,12,,,,,,,,
2023,semi-final-1,Serbia,Croatia,1,,,,,,,,
2023,semi-final-1,Serbia,Czechia,3,,,,,,,,
2023,semi-final-1,Serbia,Finland,2,,,,,,,,
2023,semi-final-1,Serbia,Ireland,14,,,,,,,,
2023,semi-final-1,Serbia,Israel,4,,,,,,,,
2023,semi-final-1,Serbia,Latvia,9,,,,,,,,
2023,semi-final-1,Serbia,Malta,11,,,,,,,,
2023,semi-final-1,Serbia,Moldova,7,,,,,,,,
2023,semi-final-1,Serbia,Netherlands,13,,,,,,,,
2023,semi-final-1,Serbia,Norway,6,,,,,,,,
2023,semi-final-1,Serbia,Portugal,8,,,,,,,,
2023,semi-final-1,Serbia,Sweden,5,,,,,,,,
2023,semi-final-1,Serbia,Switzerland,10,,,,,,,,
2023,semi-final-1,Sweden,Azerbaijan,14,,,,,,,,
2023,semi-final-1,Sweden,Croatia,6,,,,,,,,
2023,semi-final-1,Sweden,Czechia,4,,,,,,,,
2023,semi-final-1,Sweden,Finland,1,,,,,,,,
2023,semi-final-1,Sweden,Ireland,11,,,,,,,,
2023,semi-final-1,Sweden,Israel,8,,,,,,,,
2023,semi-final-1,Sweden,Latvia,12,,,,,,,,
2023,semi-final-1,Sweden,Malta,13,,,,,,,,
2023,semi-final-1,Sweden,Moldova,5,,,,,,,,
2023,semi-final-1,Sweden,Netherlands,9,,,,,,,,
2023,semi-final-1,Sweden,Norway,2,,,,,,,,
2023,semi-final-1,Sweden,Portugal,7,,,,,,,,
2023,semi-final-1,Sweden,Serbia,10,,,,,,,,
2023,semi-final-1,Sweden,Switzerland,3,,,,,,,,
2023,semi-final-1,Switzerland,Azerbaijan,12,,,,,,,,
2023,semi-final-1,Switzerland,Croatia,6,,,,,,,,
2023,semi-final-1,Switzerland,Czechia,7,,,,,,,,
2023,semi-final-1,Switzerland,Finland,2,,,,,,,,
2023,semi-final-1,Switzerland,Ireland,10,,,,,,,,
2023,semi-final-1,Switzerland,Israel,4,,,,,,,,
2023,semi-final-1,Switzerland,Latvia,13,,,,,,,,
2023,semi-final-1,Switzerland,Malta,14,,,,,,,,
2023,semi-final-1,Switzerland,Moldova,9,,,,,,,,
2023,semi-final-1,Switzerland,Netherlands,11,,,,,,,,
2023,semi-final-1,Switzerland,Norway,8,,,,,,,,
2023,semi-final-1,Switzerland,Portugal,1,,,,,,,,
2023,semi-final-1,Switzerland,Serbia,5,,,,,,,,
2023,semi-final-1,Switzerland,Sweden,3,,,,,,,,
2023,semi-final-2,Albania,Armenia,3,,,,,,,,
2023,semi-final-2,Albania,Australia,1,,,,,,,,
2023,semi-final-2,Albania,Austria,2,,,,,,,,
2023,semi-final-2,Albania,Belgium,8,,,,,,,,
2023,semi-final-2,Albania,Cyprus,5,,,,,,,,
2023,semi-final-2,Albania,Denmark,12,,,,,,,,
2023,semi-final-2,Albania,Estonia,9,,,,,,,,
2023,semi-final-2,Albania,Georgia,13,,,,,,,,
2023,semi-final-2,Albania,Greece,11,,,,,,,,
2023,semi-final-2,Albania,Iceland,10,,,,,,,,
2023,semi-final-2,Albania,Lithuania,6,,,,,,,,
2023,semi-final-2,Albania,Poland,4,,,,,,,,
2023,semi-final-2,Albania,Romania,14,,,,,,,,
2023,semi-final-2,Albania,San Marino,15,,,,,,,,
2023,semi-final-2,Albania,Slovenia,7,,,,,,,,
2023,semi-final-2,Armenia,Albania,4,,,,,,,,
2023,semi-final-2,Armenia,Australia,7,,,,,,,,
2023,semi-final-2,Armenia,Austria,8,,,,,,,,
2023,semi-final-2,Armenia,Belgium,10,,,,,,,,
2023,semi-final-2,Armenia,Cyprus,2,,,,,,,,
2023,semi-final-2,Armenia,Denmark,13,,,,,,,,
2023,semi-final-2,Armenia,Estonia,5,,,,,,,,
2023,semi-final-2,Armenia,Georgia,1,,,,,,,,
2023,semi-final-2,Armenia,Greece,9,,,,,,,,
2023,semi-final-2,Armenia,Iceland,11,,,,,,,,
2023,semi-final-2,Armenia,Lithuania,12,,,,,,,,
2023,semi-final-2,Armenia,Poland,3,,,,,,,,
2023,semi-final-2,Armenia,Romania,15,,,,,,,,
2023,semi-final-2,Armenia,San Marino,14,,,,,,,,
2023,semi-final-2,Armenia,Slovenia,6,,,,,,,,
2023,semi-final-2,Australia,Albania,8,,,,,,,,
2023,semi-final-2,Australia,Armenia,9,,,,,,,,
2023,semi-final-2,Australia,Austria,1,,,,,,,,
2023,semi-final-2,Australia,Belgium,4,,,,,,,,
2023,semi-final-2,Australia,Cyprus,2,,,,,,,,
2023,semi-final-2,Australia,Denmark,12,,,,,,,,
2023,semi-final-2,Australia,Estonia,7,,,,,,,,
2023,semi-final-2,Australia,Georgia,10,,,,,,,,
2023,semi-final-2,Australia,Greece,13,,,,,,,,
2023,semi-final-2,Australia,Iceland,6,,,,,,,,
2023,semi-final-2,Australia,Lithuania,5,,,,,,,,
2023,semi-final-2,Australia,Poland,11,,,,,,,,
2023,semi-final-2,Australia,Romania,15,,,,,,,,
2023,semi-final-2,Australia,San Marino,14,,,,,,,,
2023,semi-final-2,Australia,Slovenia,3,,,,,,,,
2023,semi-final-2,Austria,Albania,5,,,,,,,,
2023,semi-final-2,Austria,Armenia,7,,,,,,,,
2023,semi-final-2,Austria,Australia,3,,,,,,,,
2023,semi-final-2,Austria,Belgium,1,,,,,,,,
2023,semi-final-2,Austria,Cyprus,9,,,,,,,,
2023,semi-final-2,Austria,Denmark,14,,,,,,,,
2023,semi-final-2,Austria,Estonia,8,,,,,,,,
2023,semi-final-2,Austria,Georgia,13,,,,,,,,
2023,semi-final-2,Austria,Greece,11,,,,,,,,
2023,semi-final-2,Austria,Iceland,10,,,,,,,,
2023,semi-final-2,Austria,Lithuania,6,,,,,,,,
2023,semi-final-2,Austria,Poland,4,,,,,,,,
2023,semi-final-2,Austria,Romania,12,,,,,,,,
2023,semi-final-2,Austria,San Marino,15,,,,,,,,
2023,semi-final-2,Austria,Slovenia,2,,,,,,,,
2023,semi-final-2,Belgium,Albania,3,,,,,,,,
2023,semi-final-2,Belgium,Armenia,1,,,,,,,,
2023,semi-final-2,Belgium,Australia,5,,,,,,,,
2023,semi-final-2,Belgium,Austria,2,,,,,,,,
2023,semi-final-2,Belgium,Cyprus,7,,,,,,,,
2023,semi-final-2,Belgium,Denmark,13,,,,,,,,
2023,semi-final-2,Belgium,Estonia,9,,,,,,,,
2023,semi-final-2,Belgium,Georgia,11,,,,,,,,
2023,semi-final-2,Belgium,Greece,12,,,,,,,,
2023,semi-final-2,Belgium,Iceland,10,,,,,,,,
2023,semi-final-2,Belgium,Lithuania,6,,,,,,,,
2023,semi-final-2,Belgium,Poland,4,,,,,,,,
2023,semi-final-2,Belgium,Romania,14,,,,,,,,
2023,semi-final-2,Belgium,San Marino,15,,,,,,,,
2023,semi-final-2,Belgium,Slovenia,8,,,,,,,,
2023,semi-final-2,Cyprus,Albania,10,,,,,,,,
2023,semi-final-2,Cyprus,Armenia,2,,,,,,,,
2023,semi-final-2,Cyprus,Australia,4,,,,,,,,
2023,semi-final-2,Cyprus,Austria,6,,,,,,,,
2023,semi-final-2,Cyprus,Belgium,7,,,,,,,,
2023,semi-final-2,Cyprus,Denmark,14,,,,,,,,
2023,semi-final-2,Cyprus,Estonia,8,,,,,,,,
2023,semi-final-2,Cyprus,Georgia,11,,,,,,,,
2023,semi-final-2,Cyprus,Greece,1,,,,,,,,
2023,semi-final-2,Cyprus,Iceland,12,,,,,,,,
2023,semi-final-2,Cyprus,Lithuania,3,,,,,,,,
2023,semi-final-2,Cyprus,Poland,5,,,,,,,,
2023,semi-final-2,Cyprus,Romania,13,,,,,,,,
2023,semi-final-2,Cyprus,San Marino,15,,,,,,,,
2023,semi-final-2,Cyprus,Slovenia,9,,,,,,,,
2023,semi-final-2,Denmark,Albania,8,,,,,,,,
2023,semi-final-2,Denmark,Armenia,11,,,,,,,,
2023,semi-final-2,Denmark,Australia,2,,,,,,,,
2023,semi-final-2,Denmark,Austria,5,,,,,,,,
2023,semi-final-2,Denmark,Belgium,3,,,,,,,,
2023,semi-final-2,Denmark,Cyprus,7,,,,,,,,
2023,semi-final-2,Denmark,Estonia,10,,,,,,,,
2023,semi-final-2,Denmark,Georgia,13,,,,,,,,
2023,semi-final-2,Denmark,Greece,12,,,,,,,,
2023,semi-final-2,Denmark,Iceland,1,,,,,,,,
2023,semi-final-2,Denmark,Lithuania,6,,,,,,,,
2023,semi-final-2,Denmark,Poland,4,,,,,,,,
2023,semi-final-2,Denmark,Romania,15,,,,,,,,
2023,semi-final-2,Denmark,San Marino,14,,,,,,,,
2023,semi-final-2,Denmark,Slovenia,9,,,,,,,,
2023,semi-final-2,Estonia,Albania,11,,,,,,,,
2023,semi-final-2,Estonia,Armenia,8,,,,,,,,
2023,semi-final-2,Estonia,Australia,1,,,,,,,,
2023,semi-final-2,Estonia,Austria,5,,,,,,,,
2023,semi-final-2,Estonia,Belgium,7,,,,,,,,
2023,semi-final-2,Estonia,Cyprus,6,,,,,,,,
2023,semi-final-2,Estonia,Denmark,13,,,,,,,,
2023,semi-final-2,Estonia,Georgia,10,,,,,,,,
2023,semi-final-2,Estonia,Greece,12,,,,,,,,
2023,semi-final-2,Estonia,Iceland,9,,,,,,,,
2023,semi-final-2,Estonia,Lithuania,2,,,,,,,,
2023,semi-final-2,Estonia,Poland,3,,,,,,,,
2023,semi-final-2,Estonia,Romania,15,,,,,,,,
2023,semi-final-2,Estonia,San Marino,14,,,,,,,,
2023,semi-final-2,Estonia,Slovenia,4,,,,,,,,
2023,semi-final-2,Georgia,Albania,13,,,,,,,,
2023,semi-final-2,Georgia,Armenia,1,,,,,,,,
2023,semi-final-2,Georgia,Australia,4,,,,,,,,
2023,semi-final-2,Georgia,Austria,7,,,,,,,,
2023,semi-final-2,Georgia,Belgium,8,,,,,,,,
2023,semi-final-2,Georgia,Cyprus,6,,,,,,,,
2023,semi-final-2,Georgia,Denmark,15,,,,,,,,
2023,semi-final-2,Georgia,Estonia,9,,,,,,,,
2023,semi-final-2,Georgia,Greece,11,,,,,,,,
2023,semi-final-2,Georgia,Iceland,5,,,,,,,,
2023,semi-final-2,Georgia,Lithuania,2,,,,,,,,
2023,semi-final-2,Georgia,Poland,3,,,,,,,,
2023,semi-final-2,Georgia,Romania,14,,,,,,,,
2023,semi-final-2,Georgia,San Marino,12,,,,,,,,
2023,semi-final-2,Georgia,Slovenia,10,,,,,,,,
2023,semi-final-2,Greece,Albania,2,,,,,,,,
2023,semi-final-2,Greece,Armenia,3,,,,,,,,
2023,semi-final-2,Greece,Australia,7,,,,,,,,
2023,semi-final-2,Greece,Austria,5,,,,,,,,
2023,semi-final-2,Greece,Belgium,10,,,,,,,,
2023,semi-final-2,Greece,Cyprus,1,,,,,,,,
2023,semi-final-2,Greece,Denmark,13,,,,,,,,
2023,semi-final-2,Greece,Estonia,8,,,,,,,,
2023,semi-final-2,Greece,Georgia,4,,,,,,,,
2023,semi-final-2,Greece,Iceland,12,,,,,,,,
2023,semi-final-2,Greece,Lithuania,11,,,,,,,,
2023,semi-final-2,Greece,Poland,6,,,,,,,,
2023,semi-final-2,Greece,Romania,14,,,,,,,,
2023,semi-final-2,Greece,San Marino,15,,,,,,,,
2023,semi-final-2,Greece,Slovenia,9,,,,,,,,
2023,semi-final-2,Iceland,Albania,9,,,,,,,,
2023,semi-final-2,Iceland,Armenia,12,,,,,,,,
2023,semi-final-2,Iceland,Australia,1,,,,,,,,
2023,semi-final-2,Iceland,Austria,3,,,,,,,,
2023,semi-final-2,Iceland,Belgium,4,,,,,,,,
2023,semi-final-2,Iceland,Cyprus,6,,,,,,,,
2023,semi-final-2,Iceland,Denmark,5,,,,,,,,
2023,semi-final-2,Iceland,Estonia,8,,,,,,,,
2023,semi-final-2,Iceland,Georgia,11,,,,,,,,
2023,semi-final-2,Iceland,Greece,13,,,,,,,,
2023,semi-final-2,Iceland,Lithuania,7,,,,,,,,
2023,semi-final-2,Iceland,Poland,2,,,,,,,,
2023,semi-final-2,Iceland,Romania,14,,,,,,,,
2023,semi-final-2,Iceland,San Marino,15,,,,,,,,
2023,semi-final-2,Iceland,Slovenia,10,,,,,,,,
2023,semi-final-2,Lithuania,Albania,12,,,,,,,,
2023,semi-final-2,Lithuania,Armenia,10,,,,,,,,
2023,semi-final-2,Lithuania,Australia,3,,,,,,,,
2023,semi-final-2,Lithuania,Austria,5,,,,,,,,
2023,semi-final-2,Lithuania,Belgium,6,,,,,,,,
2023,semi-final-2,Lithuania,Cyprus,7,,,,,,,,
2023,semi-final-2,Lithuania,Denmark,13,,,,,,,,
2023,semi-final-2,Lithuania,Estonia,2,,,,,,,,
2023,semi-final-2,Lithuania,Georgia,8,,,,,,,,
2023,semi-final-2,Lithuania,Greece,11,,,,,,,,
2023,semi-final-2,Lithuania,Iceland,9,,,,,,,,
2023,semi-final-2,Lithuania,Poland,1,,,,,,,,
2023,semi-final-2,Lithuania,Romania,15,,,,,,,,
2023,semi-final-2,Lithuania,San Marino,14,,,,,,,,
2023,semi-final-2,Lithuania,Slovenia,4,,,,,,,,
2023,semi-final-2,Poland,Albania,7,,,,,,,,
2023,semi-final-2,Poland,Armenia,6,,,,,,,,
2023,semi-final-2,Poland,Australia,3,,,,,,,,
2023,semi-final-2,Poland,Austria,2,,,,,,,,
2023,semi-final-2,Poland,Belgium,8,,,,,,,,
2023,semi-final-2,Poland,Cyprus,4,,,,,,,,
2023,semi-final-2,Poland,Denmark,13,,,,,,,,
2023,semi-final-2,Poland,Estonia,9,,,,,,,,
2023,semi-final-2,Poland,Georgia,10,,,,,,,,
2023,semi-final-2,Poland,Greece,12,,,,,,,,
2023,semi-final-2,Poland,Iceland,11,,,,,,,,
2023,semi-final-2,Poland,Lithuania,5,,,,,,,,
2023,semi-final-2,Poland,Romania,15,,,,,,,,
2023,semi-final-2,Poland,San Marino,14,,,,,,,,
2023,semi-final-2,Poland,Slovenia,1,,,,,,,,
2023,semi-final-2,Romania,Albania,3,,,,,,,,
2023,semi-final-2,Romania,Armenia,5,,,,,,,,
2023,semi-final-2,Romania,Australia,2,,,,,,,,
2023,semi-final-2,Romania,Austria,4,,,,,,,,
2023,semi-final-2,Romania,Belgium,12,,,,,,,,
2023,semi-final-2,Romania,Cyprus,7,,,,,,,,
2023,semi-final-2,Romania,Denmark,15,,,,,,,,
2023,semi-final-2,Romania,Estonia,6,,,,,,,,
2023,semi-final-2,Romania,Georgia,9,,,,,,,,
2023,semi-final-2,Romania,Greece,13,,,,,,,,
2023,semi-final-2,Romania,Iceland,11,,,,,,,,
2023,semi-final-2,Romania,Lithuania,10,,,,,,,,
2023,semi-final-2,Romania,Poland,8,,,,,,,,
2023,semi-final-2,Romania,San Marino,14,,,,,,,,
2023,semi-final-2,Romania,Slovenia,1,,,,,,,,
2023,semi-final-2,San Marino,Albania,4,,,,,,,,
2023,semi-final-2,San Marino,Armenia,3,,,,,,,,
2023,semi-final-2,San Marino,Australia,5,,,,,,,,
2023,semi-final-2,San Marino,Austria,7,,,,,,,,
2023,semi-final-2,San Marino,Belgium,8,,,,,,,,
2023,semi-final-2,San Marino,Cyprus,2,,,,,,,,
2023,semi-final-2,San Marino,Denmark,14,,,,,,,,
2023,semi-final-2,San Marino,Estonia,11,,,,,,,,
2023,semi-final-2,San Marino,Georgia,12,,,,,,,,
2023,semi-final-2,San Marino,Greece,1,,,,,,,,
2023,semi-final-2,San Marino,Iceland,13,,,,,,,,
2023,semi-final-2,San Marino,Lithuania,10,,,,,,,,
2023,semi-final-2,San Marino,Poland,6,,,,,,,,
2023,semi-final-2,San Marino,Romania,15,,,,,,,,
2023,semi-final-2,San Marino,Slovenia,9,,,,,,,,
2023,semi-final-2,Slovenia,Albania,1,,,,,,,,
2023,semi-final-2,Slovenia,Armenia,10,,,,,,,,
2023,semi-final-2,Slovenia,Australia,5,,,,,,,,
2023,semi-final-2,Slovenia,Austria,2,,,,,,,,
2023,semi-final-2,Slovenia,Belgium,4,,,,,,,,
2023,semi-final-2,Slovenia,Cyprus,7,,,,,,,,
2023,semi-final-2,Slovenia,Denmark,12,,,,,,,,
2023,semi-final-2,Slovenia,Estonia,6,,,,,,,,
2023,semi-final-2,Slovenia,Georgia,11,,,,,,,,
2023,semi-final-2,Slovenia,Greece,13,,,,,,,,
2023,semi-final-2,Slovenia,Iceland,8,,,,,,,,
2023,semi-final-2,Slovenia,Lithuania,9,,,,,,,,
2023,semi-final-2,Slovenia,Poland,3,,,,,,,,
2023,semi-final-2,Slovenia,Romania,14,,,,,,,,
2023,semi-final-2,Slovenia,San Marino,15,,,,,,,,
2023,semi-final-2,Spain,Albania,1,,,,,,,,
2023,semi-final-2,Spain,Armenia,2,,,,,,,,
2023,semi-final-2,Spain,Australia,4,,,,,,,,
2023,semi-final-2,Spain,Austria,3,,,,,,,,
2023,semi-final-2,Spain,Belgium,6,,,,,,,,
2023,semi-final-2,Spain,Cyprus,11,,,,,,,,
2023,semi-final-2,Spain,Denmark,14,,,,,,,,
2023,semi-final-2,Spain,Estonia,9,,,,,,,,
2023,semi-final-2,Spain,Georgia,10,,,,,,,,
2023,semi-final-2,Spain,Greece,15,,,,,,,,
2023,semi-final-2,Spain,Iceland,8,,,,,,,,
2023,semi-final-2,Spain,Lithuania,7,,,,,,,,
2023,semi-final-2,Spain,Poland,12,,,,,,,,
2023,semi-final-2,Spain,Romania,13,,,,,,,,
2023,semi-final-2,Spain,San Marino,16,,,,,,,,
2023,semi-final-2,Spain,Slovenia,5,,,,,,,,
2023,semi-final-2,Ukraine,Albania,12,,,,,,,,
2023,semi-final-2,Ukraine,Armenia,8,,,,,,,,
2023,semi-final-2,Ukraine,Australia,4,,,,,,,,
2023,semi-final-2,Ukraine,Austria,6,,,,,,,,
2023,semi-final-2,Ukraine,Belgium,10,,,,,,,,
2023,semi-final-2,Ukraine,Cyprus,7,,,,,,,,
2023,semi-final-2,Ukraine,Denmark,15,,,,,,,,
2023,semi-final-2,Ukraine,Estonia,3,,,,,,,,
2023,semi-final-2,Ukraine,Georgia,9,,,,,,,,
2023,semi-final-2,Ukraine,Greece,14,,,,,,,,
2023,semi-final-2,Ukraine,Iceland,11,,,,,,,,
2023,semi-final-2,Ukraine,Lithuania,2,,,,,,,,
2023,semi-final-2,Ukraine,Poland,1,,,,,,,,
2023,semi-final-2,Ukraine,Romania,13,,,,,,,,
2023,semi-final-2,Ukraine,San Marino,16,,,,,,,,
2023,semi-final-2,Ukraine,Slovenia,5,,,,,,,,
2023,semi-final-2,United Kingdom,Albania,6,,,,,,,,
2023,semi-final-2,United Kingdom,Armenia,12,,,,,,,,
2023,semi-final-2,United Kingdom,Australia,3,,,,,,,,
2023,semi-final-2,United Kingdom,Austria,4,,,,,,,,
2023,semi-final-2,United Kingdom,Belgium,5,,,,,,,,
2023,semi-final-2,United Kingdom,Cyprus,7,,,,,,,,
2023,semi-final-2,United Kingdom,Denmark,13,,,,,,,,
2023,semi-final-2,United Kingdom,Estonia,9,,,,,,,,
2023,semi-final-2,United Kingdom,Georgia,14,,,,,,,,
2023,semi-final-2,United Kingdom,Greece,11,,,,,,,,
2023,semi-final-2,United Kingdom,Iceland,10,,,,,,,,
2023,semi-final-2,United Kingdom,Lithuania,1,,,,,,,,
2023,semi-final-2,United Kingdom,Poland,2,,,,,,,,
2023,semi-final-2,United Kingdom,Romania,16,,,,,,,,
2023,semi-final-2,United Kingdom,San Marino,15,,,,,,,,
2023,semi-final-2,United Kingdom,Slovenia,8,,,,,,,,
2023,final,Albania,Armenia,12,2,17,1,3,2,11,,
2023,final,Albania,Australia,24,8,6,14,4,7,20,,
2023,final,Albania,Austria,20,25,24,21,15,14,25,,
2023,final,Albania,Belgium,17,6,9,15,5,6,7,,
2023,final,Albania,Croatia,3,20,20,19,24,25,9,,
2023,final,Albania,Cyprus,4,7,16,3,11,16,5,,
2023,final,Albania,Czechia,15,13,5,13,13,8,21,,
2023,final,Albania,Estonia,14,3,3,5,2,3,19,,
2023,final,Albania,Finland,5,22,25,24,14,12,18,,
2023,final,Albania,France,8,14,11,10,21,20,4,,
2023,final,Albania,Germany,22,17,21,18,7,11,24,,
2023,final,Albania,Israel,6,5,13,8,6,5,8,,
2023,final,Albania,Italy,1,9,4,6,12,9,17,,
2023,final,Albania,Lithuania,23,15,19,9,8,10,10,,
2023,final,Albania,Moldova,16,21,22,17,19,15,12,,
2023,final,Albania,Norway,7,23,12,22,25,13,23,,
2023,final,Albania,Poland,10,19,23,11,17,18,15,,
2023,final,Albania,Portugal,25,18,8,20,16,22,14,,
2023,final,Albania,Serbia,21,24,15,23,18,19,16,,
2023,final,Albania,Slovenia,9,12,14,25,23,21,2,,
2023,final,Albania,Spain,19,10,10,4,22,23,6,,
2023,final,Albania,Sweden,2,1,1,12,1,1,1,,
2023,final,Albania,Switzerland,18,4,2,2,10,17,3,,
2023,final,Albania,Ukraine,11,16,18,16,20,4,22,,
2023,final,Albania,United Kingdom,13,11,7,7,9,24,13,,
2023,final,Armenia,Albania,15,25,25,25,25,25,25,,
2023,final,Armenia,Australia,24,15,16,16,7,18,18,,
2023,final,Armenia,Austria,20,9,9,4,18,8,20,,
2023,final,Armenia,Belgium,18,20,23,19,12,16,17,,
2023,final,Armenia,Croatia,23,24,24,24,20,24,15,,
2023,final,Armenia,Cyprus,3,6,7,6,9,7,6,,
2023,final,Armenia,Czechia,19,13,13,20,4,21,22,,
2023,final,Armenia,Estonia,14,12,20,14,15,11,5,,
2023,final,Armenia,Finland,5,3,1,1,2,5,9,,
2023,final,Armenia,France,2,4,3,9,6,10,3,,
2023,final,Armenia,Germany,17,21,15,23,19,20,13,,
2023,final,Armenia,Israel,1,1,2,3,1,1,1,,
2023,final,Armenia,Italy,8,11,10,13,5,19,19,,
2023,final,Armenia,Lithuania,22,16,21,21,10,22,8,,
2023,final,Armenia,Moldova,13,22,22,22,16,15,16,,
2023,final,Armenia,Norway,7,7,4,7,14,6,10,,
2023,final,Armenia,Poland,6,10,12,12,17,9,7,,
2023,final,Armenia,Portugal,21,18,11,11,23,12,24,,
2023,final,Armenia,Serbia,25,19,18,8,24,13,23,,
2023,final,Armenia,Slovenia,11,17,17,10,21,14,11,,
2023,final,Armenia,Spain,16,5,6,5,11,3,12,,
2023,final,Armenia,Sweden,4,2,5,2,3,2,2,,
2023,final,Armenia,Switzerland,9,23,19,18,22,17,21,,
2023,final,Armenia,Ukraine,10,8,14,15,13,4,4,,
2023,final,Armenia,United Kingdom,12,14,8,17,8,23,14,,
2023,final,Australia,Albania,25,16,18,13,10,13,15,,
2023,final,Australia,Armenia,23,20,15,22,17,10,14,,
2023,final,Australia,Austria,4,5,6,7,3,4,7,,
2023,final,Australia,Belgium,8,1,2,3,1,1,1,,
2023,final,Australia,Croatia,7,14,16,10,12,24,9,,
2023,final,Australia,Cyprus,3,8,4,6,9,11,19,,
2023,final,Australia,Czechia,12,23,22,19,20,17,13,,
2023,final,Australia,Estonia,20,3,8,1,13,2,2,,
2023,final,Australia,Finland,1,6,10,8,5,6,5,,
2023,final,Australia,France,9,12,17,5,19,22,10,,
2023,final,Australia,Germany,11,18,24,23,8,25,12,,
2023,final,Australia,Israel,6,11,9,25,7,9,21,,
2023,final,Australia,Italy,13,10,20,9,11,15,6,,
2023,final,Australia,Lithuania,15,2,3,2,2,8,3,,
2023,final,Australia,Moldova,17,24,25,18,15,21,25,,
2023,final,Australia,Norway,5,22,14,20,23,12,23,,
2023,final,Australia,Poland,24,17,12,11,14,16,17,,
2023,final,Australia,Portugal,19,9,13,4,18,7,16,,
2023,final,Australia,Serbia,18,25,23,17,25,23,24,,
2023,final,Australia,Slovenia,10,13,11,24,6,14,22,,
2023,final,Australia,Spain,21,7,7,16,24,5,4,,
2023,final,Australia,Sweden,2,4,1,15,4,3,11,,
2023,final,Australia,Switzerland,22,21,19,12,16,18,20,,
2023,final,Australia,Ukraine,16,15,5,21,22,20,18,,
2023,final,Australia,United Kingdom,14,19,21,14,21,19,8,,
2023,final,Austria,Albania,8,21,10,20,23,14,25,,
2023,final,Austria,Armenia,22,10,14,14,13,3,8,,
2023,final,Austria,Australia,17,15,11,13,21,18,5,,
2023,final,Austria,Belgium,11,8,12,18,5,20,3,,
2023,final,Austria,Croatia,2,12,21,4,7,23,20,,
2023,final,Austria,Cyprus,20,9,3,17,12,6,18,,
2023,final,Austria,Czechia,12,6,22,1,19,19,2,,
2023,final,Austria,Estonia,19,11,7,22,4,11,21,,
2023,final,Austria,Finland,1,3,19,2,22,1,4,,
2023,final,Austria,France,18,22,20,24,11,13,22,,
2023,final,Austria,Germany,5,25,24,21,25,25,16,,
2023,final,Austria,Israel,10,16,9,15,16,7,14,,
2023,final,Austria,Italy,3,1,2,19,1,5,6,,
2023,final,Austria,Lithuania,21,4,1,12,3,8,7,,
2023,final,Austria,Moldova,16,23,18,25,18,15,19,,
2023,final,Austria,Norway,4,20,23,10,20,22,13,,
2023,final,Austria,Poland,13,18,8,11,9,16,24,,
2023,final,Austria,Portugal,23,19,13,16,10,10,23,,
2023,final,Austria,Serbia,15,14,16,3,24,24,10,,
2023,final,Austria,Slovenia,14,5,4,5,2,12,9,,
2023,final,Austria,Spain,24,17,17,6,17,9,17,,
2023,final,Austria,Sweden,7,2,5,9,8,4,1,,
2023,final,Austria,Switzerland,9,7,6,8,14,2,11,,
2023,final,Austria,Ukraine,6,13,15,7,6,17,12,,
2023,final,Austria,United Kingdom,25,24,25,23,15,21,15,,
2023,final,Azerbaijan,Albania,20,3,2,3,15,11,1,,
2023,final,Azerbaijan,Armenia,25,24,21,22,18,20,24,,
2023,final,Azerbaijan,Australia,23,6,8,23,1,7,22,,
2023,final,Azerbaijan,Austria,19,18,15,12,23,16,10,,
2023,final,Azerbaijan,Belgium,24,11,13,20,5,5,23,,
2023,final,Azerbaijan,Croatia,15,25,25,26,26,18,19,,
2023,final,Azerbaijan,Cyprus,5,13,18,6,8,21,7,,
2023,final,Azerbaijan,Czechia,8,20,17,21,21,9,20,,
2023,final,Azerbaijan,Estonia,12,10,11,11,3,19,13,,
2023,final,Azerbaijan,Finland,3,8,14,9,11,3,26,,
2023,final,Azerbaijan,France,14,26,24,18,22,23,25,,
2023,final,Azerbaijan,Germany,18,12,12,25,2,14,21,,
2023,final,Azerbaijan,Israel,1,1,4,1,4,1,4,,
2023,final,Azerbaijan,Italy,7,5,5,4,16,6,3,,
2023,final,Azerbaijan,Lithuania,22,22,23,17,20,22,18,,
2023,final,Azerbaijan,Moldova,16,19,16,19,12,12,16,,
2023,final,Azerbaijan,Norway,9,14,19,10,24,4,9,,
2023,final,Azerbaijan,Poland,11,23,26,16,25,25,17,,
2023,final,Azerbaijan,Portugal,26,17,10,13,10,26,11,,
2023,final,Azerbaijan,Serbia,17,15,9,7,19,8,15,,
2023,final,Azerbaijan,Slovenia,6,21,20,24,17,17,12,,
2023,final,Azerbaijan,Spain,13,4,1,5,6,10,5,,
2023,final,Azerbaijan,Sweden,2,2,6,2,13,2,2,,
2023,final,Azerbaijan,Switzerland,10,7,3,14,9,13,14,,
2023,final,Azerbaijan,Ukraine,4,9,7,8,14,15,6,,
2023,final,Azerbaijan,United Kingdom,21,16,22,15,7,24,8,,
2023,final,Belgium,Albania,8,18,15,9,20,15,16,,
2023,final,Belgium,Armenia,5,15,7,13,19,13,24,,
2023,final,Belgium,Australia,19,7,19,5,2,6,9,,
2023,final,Belgium,Austria,12,1,2,7,1,11,5,,
2023,final,Belgium,Croatia,16,25,23,23,24,17,25,,
2023,final,Belgium,Cyprus,13,19,12,21,21,23,11,,
2023,final,Belgium,Czechia,18,8,4,14,3,9,7,,
2023,final,Belgium,Estonia,17,12,9,11,6,10,20,,
2023,final,Belgium,Finland,1,6,24,6,14,2,3,,
2023,final,Belgium,France,9,10,5,8,12,24,4,,
2023,final,Belgium,Germany,23,24,18,20,22,20,22,,
2023,final,Belgium,Israel,6,2,3,3,8,1,18,,
2023,final,Belgium,Italy,4,4,6,10,7,3,1,,
2023,final,Belgium,Lithuania,20,16,11,15,9,22,14,,
2023,final,Belgium,Moldova,11,21,21,22,11,21,19,,
2023,final,Belgium,Norway,3,17,16,12,25,8,17,,
2023,final,Belgium,Poland,7,9,10,1,10,14,21,,
2023,final,Belgium,Portugal,15,14,14,17,13,18,6,,
2023,final,Belgium,Serbia,24,22,22,19,23,19,12,,
2023,final,Belgium,Slovenia,21,11,20,25,5,5,8,,
2023,final,Belgium,Spain,22,5,13,2,4,4,10,,
2023,final,Belgium,Sweden,2,3,1,4,15,12,2,,
2023,final,Belgium,Switzerland,14,13,8,18,17,7,23,,
2023,final,Belgium,Ukraine,10,23,25,24,18,25,13,,
2023,final,Belgium,United Kingdom,25,20,17,16,16,16,15,,
2023,final,Croatia,Albania,5,17,18,15,7,22,10,,
2023,final,Croatia,Armenia,22,21,25,12,15,15,21,,
2023,final,Croatia,Australia,18,18,20,23,24,5,24,,
2023,final,Croatia,Austria,15,16,14,10,14,10,13,,
2023,final,Croatia,Belgium,23,22,10,17,22,25,20,,
2023,final,Croatia,Cyprus,20,11,15,20,13,3,22,,
2023,final,Croatia,Czechia,8,14,24,9,12,11,9,,
2023,final,Croatia,Estonia,25,8,9,13,19,1,18,,
2023,final,Croatia,Finland,2,4,16,4,1,12,6,,
2023,final,Croatia,France,12,12,17,8,16,14,7,,
2023,final,Croatia,Germany,17,24,11,25,23,23,25,,
2023,final,Croatia,Israel,7,3,5,5,6,9,1,,
2023,final,Croatia,Italy,3,1,1,2,4,7,2,,
2023,final,Croatia,Lithuania,24,23,12,21,18,21,17,,
2023,final,Croatia,Moldova,10,9,4,14,9,6,16,,
2023,final,Croatia,Norway,6,13,19,7,10,16,11,,
2023,final,Croatia,Poland,14,25,23,24,25,24,23,,
2023,final,Croatia,Portugal,11,10,3,19,11,18,14,,
2023,final,Croatia,Serbia,4,7,8,6,5,17,4,,
2023,final,Croatia,Slovenia,1,6,6,11,2,20,5,,
2023,final,Croatia,Spain,19,5,2,3,8,13,15,,
2023,final,Croatia,Sweden,9,2,7,1,3,2,3,,
2023,final,Croatia,Switzerland,16,20,21,18,20,8,12,,
2023,final,Croatia,Ukraine,13,15,22,22,21,4,19,,
2023,final,Croatia,United Kingdom,21,19,13,16,17,19,8,,
2023,final,Cyprus,Albania,25,18,24,23,11,18,11,,
2023,final,Cyprus,Armenia,7,7,11,14,1,10,6,,
2023,final,Cyprus,Australia,22,3,14,3,7,1,2,,
2023,final,Cyprus,Austria,19,2,8,2,2,3,4,,
2023,final,Cyprus,Belgium,21,16,19,11,12,13,21,,
2023,final,Cyprus,Croatia,14,22,13,21,24,25,19,,
2023,final,Cyprus,Czechia,16,10,7,6,14,6,15,,
2023,final,Cyprus,Estonia,17,13,22,13,4,15,10,,
2023,final,Cyprus,Finland,4,8,4,4,5,12,24,,
2023,final,Cyprus,France,8,11,2,10,17,19,14,,
2023,final,Cyprus,Germany,18,24,18,25,21,22,18,,
2023,final,Cyprus,Israel,1,4,3,9,6,7,3,,
2023,final,Cyprus,Italy,5,6,1,7,10,11,7,,
2023,final,Cyprus,Lithuania,11,17,25,17,13,20,9,,
2023,final,Cyprus,Moldova,10,20,23,12,19,16,23,,
2023,final,Cyprus,Norway,6,12,6,15,16,21,5,,
2023,final,Cyprus,Poland,9,21,20,20,18,14,22,,
2023,final,Cyprus,Portugal,24,19,17,16,15,17,17,,
2023,final,Cyprus,Serbia,20,25,15,24,23,24,25,,
2023,final,Cyprus,Slovenia,15,23,16,22,20,23,20,,
2023,final,Cyprus,Spain,23,5,9,1,9,4,13,,
2023,final,Cyprus,Sweden,3,1,5,5,3,2,1,,
2023,final,Cyprus,Switzerland,12,9,12,8,8,5,8,,
2023,final,Cyprus,Ukraine,2,14,10,19,22,9,16,,
2023,final,Cyprus,United Kingdom,13,15,21,18,25,8,12,,
2023,final,Czechia,Albania,21,13,14,11,21,19,4,,
2023,final,Czechia,Armenia,9,3,4,1,11,3,3,,
2023,final,Czechia,Australia,22,4,21,3,5,5,2,,
2023,final,Czechia,Austria,13,12,12,4,24,15,14,,
2023,final,Czechia,Belgium,20,18,19,15,9,14,12,,
2023,final,Czechia,Croatia,7,17,8,19,18,23,9,,
2023,final,Czechia,Cyprus,18,14,13,25,6,11,10,,
2023,final,Czechia,Estonia,17,9,5,12,16,13,7,,
2023,final,Czechia,Finland,2,6,3,6,3,25,24,,
2023,final,Czechia,France,15,23,23,22,25,16,20,,
2023,final,Czechia,Germany,12,10,25,2,12,24,15,,
2023,final,Czechia,Israel,3,11,9,9,17,6,11,,
2023,final,Czechia,Italy,10,7,7,21,4,4,22,,
2023,final,Czechia,Lithuania,19,15,15,13,15,10,6,,
2023,final,Czechia,Moldova,6,25,24,24,20,18,19,,
2023,final,Czechia,Norway,4,21,20,17,13,17,21,,
2023,final,Czechia,Poland,11,19,10,20,8,21,25,,
2023,final,Czechia,Portugal,24,20,17,16,14,12,16,,
2023,final,Czechia,Serbia,16,22,22,23,19,20,17,,
2023,final,Czechia,Slovenia,8,5,2,8,7,7,13,,
2023,final,Czechia,Spain,23,8,6,10,22,8,5,,
2023,final,Czechia,Sweden,5,2,11,5,2,2,1,,
2023,final,Czechia,Switzerland,14,16,16,14,10,9,18,,
2023,final,Czechia,Ukraine,1,1,1,7,1,1,8,,
2023,final,Czechia,United Kingdom,25,24,18,18,23,22,23,,
2023,final,Denmark,Albania,16,24,22,13,26,23,25,,
2023,final,Denmark,Armenia,23,17,11,14,9,18,11,,
2023,final,Denmark,Australia,11,9,3,6,20,10,21,,
2023,final,Denmark,Austria,19,4,6,19,7,7,6,,
2023,final,Denmark,Belgium,5,8,14,1,15,14,14,,
2023,final,Denmark,Croatia,15,26,26,26,18,26,22,,
2023,final,Denmark,Cyprus,9,6,7,12,13,4,7,,
2023,final,Denmark,Czechia,12,16,16,4,14,17,18,,
2023,final,Denmark,Estonia,21,14,8,16,16,6,9,,
2023,final,Denmark,Finland,1,3,2,10,5,3,17,,
2023,final,Denmark,France,13,5,17,5,2,20,15,,
2023,final,Denmark,Germany,20,23,23,24,23,9,16,,
2023,final,Denmark,Israel,17,12,4,20,6,16,13,,
2023,final,Denmark,Italy,8,13,13,17,3,21,10,,
2023,final,Denmark,Lithuania,14,7,10,7,21,2,19,,
2023,final,Denmark,Moldova,10,19,24,18,22,24,5,,
2023,final,Denmark,Norway,2,2,5,3,4,5,8,,
2023,final,Denmark,Poland,6,18,19,9,19,11,12,,
2023,final,Denmark,Portugal,25,25,20,22,24,22,23,,
2023,final,Denmark,Serbia,22,15,25,25,25,19,2,,
2023,final,Denmark,Slovenia,18,20,21,8,17,13,24,,
2023,final,Denmark,Spain,26,21,18,15,8,25,20,,
2023,final,Denmark,Sweden,3,1,1,2,1,1,1,,
2023,final,Denmark,Switzerland,7,11,15,21,12,8,3,,
2023,final,Denmark,Ukraine,4,22,12,23,11,15,26,,
2023,final,Denmark,United Kingdom,24,10,9,11,10,12,4,,
2023,final,Estonia,Albania,25,19,24,6,23,19,24,,
2023,final,Estonia,Armenia,19,8,7,4,6,10,8,,
2023,final,Estonia,Australia,5,3,11,5,1,5,5,,
2023,final,Estonia,Austria,21,16,15,19,11,14,11,,
2023,final,Estonia,Belgium,18,5,5,7,2,9,4,,
2023,final,Estonia,Croatia,14,25,25,25,25,25,25,,
2023,final,Estonia,Cyprus,11,12,13,22,10,6,19,,
2023,final,Estonia,Czechia,13,21,18,9,16,16,22,,
2023,final,Estonia,Finland,1,2,1,10,17,4,1,,
2023,final,Estonia,France,12,17,10,18,15,11,18,,
2023,final,Estonia,Germany,17,11,23,2,22,24,23,,
2023,final,Estonia,Israel,16,7,4,3,9,7,12,,
2023,final,Estonia,Italy,9,6,6,11,12,1,6,,
2023,final,Estonia,Lithuania,6,10,16,8,4,12,9,,
2023,final,Estonia,Moldova,15,23,20,21,14,23,13,,
2023,final,Estonia,Norway,4,14,8,24,21,20,10,,
2023,final,Estonia,Poland,8,22,14,13,20,21,14,,
2023,final,Estonia,Portugal,23,24,21,14,19,17,21,,
2023,final,Estonia,Serbia,20,18,22,23,24,13,7,,
2023,final,Estonia,Slovenia,10,13,19,20,5,22,15,,
2023,final,Estonia,Spain,24,9,9,1,18,8,17,,
2023,final,Estonia,Sweden,2,1,2,12,3,3,2,,
2023,final,Estonia,Switzerland,7,15,17,16,7,18,20,,
2023,final,Estonia,Ukraine,3,4,3,15,8,2,3,,
2023,final,Estonia,United Kingdom,22,20,12,17,13,15,16,,
2023,final,Finland,Albania,21,21,15,21,23,8,23,,
2023,final,Finland,Armenia,24,18,21,20,6,22,16,,
2023,final,Finland,Australia,3,13,5,12,25,20,7,,
2023,final,Finland,Austria,9,9,4,10,10,23,9,,
2023,final,Finland,Belgium,14,6,12,19,5,3,18,,
2023,final,Finland,Croatia,7,16,3,22,15,21,24,,
2023,final,Finland,Cyprus,18,10,22,11,14,15,3,,
2023,final,Finland,Czechia,2,3,1,3,11,6,5,,
2023,final,Finland,Estonia,5,12,11,4,21,13,12,,
2023,final,Finland,France,11,4,9,5,4,7,14,,
2023,final,Finland,Germany,6,22,20,15,24,9,17,,
2023,final,Finland,Israel,15,15,6,14,7,18,20,,
2023,final,Finland,Italy,17,5,14,6,3,12,13,,
2023,final,Finland,Lithuania,22,11,18,17,17,5,6,,
2023,final,Finland,Moldova,8,23,25,24,22,11,15,,
2023,final,Finland,Norway,1,14,17,7,9,10,10,,
2023,final,Finland,Poland,19,20,23,18,16,17,8,,
2023,final,Finland,Portugal,23,8,10,9,12,4,11,,
2023,final,Finland,Serbia,12,24,24,25,13,14,25,,
2023,final,Finland,Slovenia,4,25,19,23,18,16,22,,
2023,final,Finland,Spain,20,17,8,8,19,19,19,,
2023,final,Finland,Sweden,13,1,2,1,2,1,1,,
2023,final,Finland,Switzerland,10,2,16,2,1,2,4,,
2023,final,Finland,Ukraine,16,19,13,13,8,24,21,,
2023,final,Finland,United Kingdom,25,7,7,16,20,25,2,,
2023,final,France,Albania,11,24,20,22,17,22,21,,
2023,final,France,Armenia,1,4,5,2,3,10,4,,
2023,final,France,Australia,23,15,17,23,5,18,19,,
2023,final,France,Austria,25,2,6,3,4,3,5,,
2023,final,France,Belgium,9,12,21,13,9,11,8,,
2023,final,France,Croatia,18,22,23,17,22,24,14,,
2023,final,France,Cyprus,20,18,8,21,15,16,25,,
2023,final,France,Czechia,15,7,11,8,16,1,6,,
2023,final,France,Estonia,22,14,12,7,10,21,20,,
2023,final,France,Finland,5,3,9,1,6,2,7,,
2023,final,France,Germany,14,25,25,25,21,25,17,,
2023,final,France,Israel,2,1,2,11,1,4,1,,
2023,final,France,Italy,4,9,7,14,11,15,3,,
2023,final,France,Lithuania,19,17,15,9,24,20,12,,
2023,final,France,Moldova,3,21,13,24,20,23,13,,
2023,final,France,Norway,10,13,22,15,7,12,11,,
2023,final,France,Poland,13,20,18,20,14,14,16,,
2023,final,France,Portugal,6,6,3,4,12,5,10,,
2023,final,France,Serbia,21,23,19,19,19,17,24,,
2023,final,France,Slovenia,17,16,16,16,23,7,23,,
2023,final,France,Spain,12,11,10,6,18,8,22,,
2023,final,France,Sweden,8,5,1,5,13,9,2,,
2023,final,France,Switzerland,16,8,4,12,8,6,9,,
2023,final,France,Ukraine,7,10,14,18,2,19,18,,
2023,final,France,United Kingdom,24,19,24,10,25,13,15,,
2023,final,Georgia,Albania,26,23,25,21,26,23,12,,
2023,final,Georgia,Armenia,1,2,4,2,3,1,1,,
2023,final,Georgia,Australia,17,9,6,9,11,6,23,,
2023,final,Georgia,Austria,14,16,24,23,19,25,7,,
2023,final,Georgia,Belgium,21,1,2,1,1,2,2,,
2023,final,Georgia,Croatia,10,12,15,26,6,14,26,,
2023,final,Georgia,Cyprus,18,8,5,6,10,8,10,,
2023,final,Georgia,Czechia,11,19,13,14,15,18,24,,
2023,final,Georgia,Estonia,22,6,10,4,9,3,6,,
2023,final,Georgia,Finland,3,10,12,5,12,15,8,,
2023,final,Georgia,France,12,13,9,18,16,13,15,,
2023,final,Georgia,Germany,16,24,20,25,25,21,14,,
2023,final,Georgia,Israel,5,4,8,3,4,7,5,,
2023,final,Georgia,Italy,6,3,1,8,5,9,3,,
2023,final,Georgia,Lithuania,7,5,11,10,2,5,4,,
2023,final,Georgia,Moldova,8,15,19,12,21,17,9,,
2023,final,Georgia,Norway,9,17,18,17,22,10,13,,
2023,final,Georgia,Poland,19,26,22,24,24,24,19,,
2023,final,Georgia,Portugal,24,25,23,22,20,26,21,,
2023,final,Georgia,Serbia,20,22,14,20,17,22,25,,
2023,final,Georgia,Slovenia,13,14,26,16,7,20,18,,
2023,final,Georgia,Spain,15,18,16,15,13,16,17,,
2023,final,Georgia,Sweden,4,7,3,7,14,4,16,,
2023,final,Georgia,Switzerland,25,20,21,19,18,12,20,,
2023,final,Georgia,Ukraine,2,11,7,11,8,11,11,,
2023,final,Georgia,United Kingdom,23,21,17,13,23,19,22,,
2023,final,Germany,Albania,3,18,19,23,9,9,21,,
2023,final,Germany,Armenia,22,17,10,19,10,13,14,,
2023,final,Germany,Australia,14,3,4,4,3,5,9,,
2023,final,Germany,Austria,12,9,7,20,5,14,7,,
2023,final,Germany,Belgium,9,21,16,17,16,20,15,,
2023,final,Germany,Croatia,5,25,21,24,18,25,22,,
2023,final,Germany,Cyprus,17,19,13,10,14,18,18,,
2023,final,Germany,Czechia,16,6,9,8,15,3,8,,
2023,final,Germany,Estonia,21,2,3,2,2,2,3,,
2023,final,Germany,Finland,1,16,6,15,11,21,24,,
2023,final,Germany,France,18,11,11,14,13,15,4,,
2023,final,Germany,Israel,13,14,12,12,20,12,6,,
2023,final,Germany,Italy,2,7,8,3,8,19,10,,
2023,final,Germany,Lithuania,15,10,14,9,4,8,17,,
2023,final,Germany,Moldova,11,22,24,11,23,24,25,,
2023,final,Germany,Norway,6,5,2,5,19,11,13,,
2023,final,Germany,Poland,7,24,17,25,22,23,19,,
2023,final,Germany,Portugal,23,12,18,7,6,17,16,,
2023,final,Germany,Serbia,19,8,25,18,24,6,2,,
2023,final,Germany,Slovenia,20,23,15,22,21,22,23,,
2023,final,Germany,Spain,24,4,5,6,12,4,12,,
2023,final,Germany,Sweden,10,1,1,1,1,1,1,,
2023,final,Germany,Switzerland,8,15,22,16,7,10,11,,
2023,final,Germany,Ukraine,4,13,23,21,25,7,5,,
2023,final,Germany,United Kingdom,25,20,20,13,17,16,20,,
2023,final,Greece,Albania,7,8,4,17,16,6,7,,
2023,final,Greece,Armenia,9,12,11,12,18,15,6,,
2023,final,Greece,Australia,23,6,9,5,6,20,4,,
2023,final,Greece,Austria,15,4,2,23,3,5,3,,
2023,final,Greece,Belgium,17,1,3,3,1,3,5,,
2023,final,Greece,Croatia,24,26,26,25,26,23,25,,
2023,final,Greece,Cyprus,1,7,6,7,8,4,18,,
2023,final,Greece,Czechia,10,14,15,8,19,11,17,,
2023,final,Greece,Estonia,22,13,7,22,13,13,9,,
2023,final,Greece,Finland,2,20,25,15,7,26,26,,
2023,final,Greece,France,8,17,19,11,9,17,21,,
2023,final,Greece,Germany,16,24,20,21,23,14,13,,
2023,final,Greece,Israel,4,3,5,24,5,1,1,,
2023,final,Greece,Italy,6,21,17,13,17,18,14,,
2023,final,Greece,Lithuania,26,23,16,19,22,12,20,,
2023,final,Greece,Moldova,12,25,24,18,24,25,12,,
2023,final,Greece,Norway,5,19,18,20,15,21,8,,
2023,final,Greece,Poland,11,11,8,9,20,7,23,,
2023,final,Greece,Portugal,25,2,1,4,2,2,11,,
2023,final,Greece,Serbia,19,10,22,2,12,8,22,,
2023,final,Greece,Slovenia,13,22,23,10,14,24,24,,
2023,final,Greece,Spain,21,15,21,6,21,16,19,,
2023,final,Greece,Sweden,3,5,10,16,4,9,2,,
2023,final,Greece,Switzerland,20,9,13,1,25,10,15,,
2023,final,Greece,Ukraine,14,16,12,14,10,19,16,,
2023,final,Greece,United Kingdom,18,18,14,26,11,22,10,,
2023,final,Iceland,Albania,23,11,5,13,8,26,10,,
2023,final,Iceland,Armenia,26,17,18,20,13,12,8,,
2023,final,Iceland,Australia,8,1,3,1,2,1,3,,
2023,final,Iceland,Austria,12,3,1,3,5,9,9,,
2023,final,Iceland,Belgium,5,6,6,4,6,5,6,,
2023,final,Iceland,Croatia,6,14,7,7,21,16,24,,
2023,final,Iceland,Cyprus,15,13,24,10,17,20,5,,
2023,final,Iceland,Czechia,14,5,4,11,3,2,15,,
2023,final,Iceland,Estonia,19,19,21,18,12,18,11,,
2023,final,Iceland,Finland,1,2,9,6,1,3,2,,
2023,final,Iceland,France,7,22,13,25,18,13,21,,
2023,final,Iceland,Germany,18,9,15,2,10,22,17,,
2023,final,Iceland,Israel,11,24,26,26,15,21,18,,
2023,final,Iceland,Italy,10,12,23,22,7,14,7,,
2023,final,Iceland,Lithuania,16,18,8,12,22,15,20,,
2023,final,Iceland,Moldova,13,16,10,8,24,17,16,,
2023,final,Iceland,Norway,3,7,17,9,11,7,4,,
2023,final,Iceland,Poland,4,25,16,24,23,24,26,,
2023,final,Iceland,Portugal,25,21,12,19,20,23,14,,
2023,final,Iceland,Serbia,21,10,2,16,19,10,25,,
2023,final,Iceland,Slovenia,22,23,25,14,26,11,23,,
2023,final,Iceland,Spain,24,8,14,5,14,6,12,,
2023,final,Iceland,Sweden,2,4,11,17,4,4,1,,
2023,final,Iceland,Switzerland,17,20,20,15,16,19,13,,
2023,final,Iceland,Ukraine,9,15,19,23,9,8,19,,
2023,final,Iceland,United Kingdom,20,26,22,21,25,25,22,,
2023,final,Ireland,Albania,25,25,19,18,17,24,,,
2023,final,Ireland,Armenia,26,5,11,12,2,7,,,
2023,final,Ireland,Australia,16,7,24,21,10,1,,,
2023,final,Ireland,Austria,15,21,13,23,20,12,,,
2023,final,Ireland,Belgium,8,2,1,1,19,2,,,
2023,final,Ireland,Croatia,9,26,26,26,24,26,,,
2023,final,Ireland,Cyprus,17,19,23,20,11,13,,,
2023,final,Ireland,Czechia,18,8,9,7,5,10,,,
2023,final,Ireland,Estonia,20,11,16,13,14,3,,,
2023,final,Ireland,Finland,1,3,8,5,1,6,,,
2023,final,Ireland,France,14,6,7,3,15,11,,,
2023,final,Ireland,Germany,19,12,6,19,7,22,,,
2023,final,Ireland,Israel,10,4,5,6,8,5,,,
2023,final,Ireland,Italy,12,14,18,8,12,15,,,
2023,final,Ireland,Lithuania,2,10,3,16,16,8,,,
2023,final,Ireland,Moldova,7,17,10,14,13,18,,,
2023,final,Ireland,Norway,6,16,17,10,25,9,,,
2023,final,Ireland,Poland,3,24,15,22,23,17,,,
2023,final,Ireland,Portugal,22,22,14,11,26,21,,,
2023,final,Ireland,Serbia,24,15,25,25,6,14,,,
2023,final,Ireland,Slovenia,21,18,21,15,9,23,,,
2023,final,Ireland,Spain,23,13,20,17,4,25,,,
2023,final,Ireland,Sweden,5,1,2,2,3,4,,,
2023,final,Ireland,Switzerland,13,23,12,24,18,16,,,
2023,final,Ireland,Ukraine,4,20,22,9,22,19,,,
2023,final,Ireland,United Kingdom,11,9,4,4,21,20,,,
2023,final,Israel,Albania,24,20,24,17,22,16,13,,
2023,final,Israel,Armenia,8,13,8,24,6,12,15,,
2023,final,Israel,Australia,11,19,17,14,18,17,20,,
2023,final,Israel,Austria,13,5,1,5,20,6,16,,
2023,final,Israel,Belgium,21,8,5,13,7,8,6,,
2023,final,Israel,Croatia,5,24,25,15,25,25,24,,
2023,final,Israel,Cyprus,12,10,11,7,21,5,7,,
2023,final,Israel,Czechia,9,7,4,9,12,10,5,,
2023,final,Israel,Estonia,20,6,13,10,13,4,3,,
2023,final,Israel,Finland,1,3,18,2,2,22,4,,
2023,final,Israel,France,10,21,21,22,23,15,18,,
2023,final,Israel,Germany,17,22,20,18,19,24,25,,
2023,final,Israel,Italy,4,15,12,11,11,13,9,,
2023,final,Israel,Lithuania,25,17,15,19,15,20,12,,
2023,final,Israel,Moldova,6,11,16,8,4,9,11,,
2023,final,Israel,Norway,2,2,7,3,3,1,2,,
2023,final,Israel,Poland,14,9,2,16,10,7,22,,
2023,final,Israel,Portugal,18,25,23,20,24,21,21,,
2023,final,Israel,Serbia,23,16,22,21,9,14,17,,
2023,final,Israel,Slovenia,16,18,14,23,14,18,19,,
2023,final,Israel,Spain,19,14,9,12,8,11,14,,
2023,final,Israel,Sweden,7,1,3,1,1,3,1,,
2023,final,Israel,Switzerland,15,12,10,6,5,19,10,,
2023,final,Israel,Ukraine,3,4,6,4,16,2,8,,
2023,final,Israel,United Kingdom,22,23,19,25,17,23,23,,
2023,final,Italy,Albania,4,24,25,23,17,22,22,,
2023,final,Italy,Armenia,24,6,5,5,3,18,6,,
2023,final,Italy,Australia,23,18,19,16,9,19,20,,
2023,final,Italy,Austria,19,12,8,14,11,6,10,,
2023,final,Italy,Belgium,12,9,6,10,4,10,18,,
2023,final,Italy,Croatia,7,22,22,21,24,16,25,,
2023,final,Italy,Cyprus,11,11,12,4,5,21,17,,
2023,final,Italy,Czechia,9,4,4,8,7,5,2,,
2023,final,Italy,Estonia,20,5,13,2,2,20,7,,
2023,final,Italy,Finland,5,23,20,24,18,23,21,,
2023,final,Italy,France,16,15,11,13,15,13,8,,
2023,final,Italy,Germany,14,20,24,18,22,14,19,,
2023,final,Italy,Israel,6,1,1,15,1,1,4,,
2023,final,Italy,Lithuania,17,8,14,6,10,8,5,,
2023,final,Italy,Moldova,1,25,23,20,19,25,23,,
2023,final,Italy,Norway,2,21,21,17,21,17,24,,
2023,final,Italy,Poland,13,19,17,25,13,24,15,,
2023,final,Italy,Portugal,21,16,18,12,12,11,13,,
2023,final,Italy,Serbia,15,10,7,11,14,4,9,,
2023,final,Italy,Slovenia,18,14,15,7,23,7,12,,
2023,final,Italy,Spain,22,13,16,19,16,9,3,,
2023,final,Italy,Sweden,8,3,3,3,6,3,14,,
2023,final,Italy,Switzerland,10,7,2,9,8,12,16,,
2023,final,Italy,Ukraine,3,2,9,1,20,2,1,,
2023,final,Italy,United Kingdom,25,17,10,22,25,15,11,,
2023,final,Latvia,Albania,26,23,23,22,17,17,,,
2023,final,Latvia,Armenia,17,10,13,6,7,14,,,
2023,final,Latvia,Australia,13,17,14,7,23,18,,,
2023,final,Latvia,Austria,21,13,7,12,18,13,,,
2023,final,Latvia,Belgium,19,9,5,8,13,15,,,
2023,final,Latvia,Croatia,7,11,20,26,15,4,,,
2023,final,Latvia,Cyprus,22,5,16,4,6,7,,,
2023,final,Latvia,Czechia,10,14,8,15,12,16,,,
2023,final,Latvia,Estonia,5,1,4,1,2,1,,,
2023,final,Latvia,Finland,1,19,21,24,21,11,,,
2023,final,Latvia,France,14,12,11,23,9,9,,,
2023,final,Latvia,Germany,12,26,19,21,22,21,,,
2023,final,Latvia,Israel,6,6,18,9,4,5,,,
2023,final,Latvia,Italy,15,8,24,5,10,6,,,
2023,final,Latvia,Lithuania,2,4,2,2,8,12,,,
2023,final,Latvia,Moldova,11,20,26,11,24,24,,,
2023,final,Latvia,Norway,8,22,17,18,25,19,,,
2023,final,Latvia,Poland,16,24,25,16,19,20,,,
2023,final,Latvia,Portugal,23,15,9,13,26,10,,,
2023,final,Latvia,Serbia,18,21,12,25,20,25,,,
2023,final,Latvia,Slovenia,9,25,22,20,16,22,,,
2023,final,Latvia,Spain,24,3,1,10,5,2,,,
2023,final,Latvia,Sweden,3,2,3,3,1,3,,,
2023,final,Latvia,Switzerland,20,16,15,14,14,8,,,
2023,final,Latvia,Ukraine,4,7,6,17,3,23,,,
2023,final,Latvia,United Kingdom,25,18,10,19,11,26,,,
2023,final,Lithuania,Albania,25,25,25,25,25,22,15,,
2023,final,Lithuania,Armenia,21,14,14,18,17,8,6,,
2023,final,Lithuania,Australia,11,7,11,6,19,3,10,,
2023,final,Lithuania,Austria,18,3,3,2,12,5,8,,
2023,final,Lithuania,Belgium,14,4,5,4,6,4,7,,
2023,final,Lithuania,Croatia,7,17,24,23,14,6,25,,
2023,final,Lithuania,Cyprus,17,10,16,3,18,19,5,,
2023,final,Lithuania,Czechia,16,23,23,21,23,14,16,,
2023,final,Lithuania,Estonia,6,6,18,9,9,7,3,,
2023,final,Lithuania,Finland,1,8,8,13,3,13,9,,
2023,final,Lithuania,France,10,5,4,16,2,12,11,,
2023,final,Lithuania,Germany,15,16,9,8,20,18,14,,
2023,final,Lithuania,Israel,8,2,6,14,5,1,4,,
2023,final,Lithuania,Italy,5,12,12,7,4,15,22,,
2023,final,Lithuania,Moldova,9,18,15,19,8,21,17,,
2023,final,Lithuania,Norway,13,20,22,22,24,11,12,,
2023,final,Lithuania,Poland,3,13,7,12,7,10,18,,
2023,final,Lithuania,Portugal,23,19,21,17,10,23,13,,
2023,final,Lithuania,Serbia,19,24,13,24,21,25,23,,
2023,final,Lithuania,Slovenia,12,22,17,11,15,20,24,,
2023,final,Lithuania,Spain,24,21,19,20,22,9,21,,
2023,final,Lithuania,Sweden,4,1,1,1,1,2,2,,
2023,final,Lithuania,Switzerland,20,15,20,5,11,16,19,,
2023,final,Lithuania,Ukraine,2,9,10,15,16,17,1,,
2023,final,Lithuania,United Kingdom,22,11,2,10,13,24,20,,
2023,final,Malta,Albania,8,17,15,19,11,20,22,,
2023,final,Malta,Armenia,15,11,10,15,8,9,13,,
2023,final,Malta,Australia,23,13,9,10,16,14,12,,
2023,final,Malta,Austria,13,10,4,11,12,13,17,,
2023,final,Malta,Belgium,20,14,16,13,20,15,7,,
2023,final,Malta,Croatia,17,16,19,20,22,6,26,,
2023,final,Malta,Cyprus,14,6,6,6,6,12,9,,
2023,final,Malta,Czechia,22,19,11,26,25,21,24,,
2023,final,Malta,Estonia,24,25,23,24,17,23,21,,
2023,final,Malta,Finland,3,3,2,5,4,2,2,,
2023,final,Malta,France,10,15,17,18,15,7,15,,
2023,final,Malta,Germany,16,26,20,22,24,26,25,,
2023,final,Malta,Israel,5,4,3,3,3,3,5,,
2023,final,Malta,Italy,1,2,7,2,1,4,1,,
2023,final,Malta,Lithuania,19,7,18,9,2,11,10,,
2023,final,Malta,Moldova,18,23,21,23,18,22,14,,
2023,final,Malta,Norway,4,9,8,17,10,5,8,,
2023,final,Malta,Poland,12,22,25,14,23,17,20,,
2023,final,Malta,Portugal,25,8,22,7,5,18,6,,
2023,final,Malta,Serbia,9,21,26,12,26,24,19,,
2023,final,Malta,Slovenia,21,24,13,21,21,25,23,,
2023,final,Malta,Spain,26,20,24,25,14,19,16,,
2023,final,Malta,Sweden,2,1,1,1,9,1,3,,
2023,final,Malta,Switzerland,11,5,5,4,7,8,4,,
2023,final,Malta,Ukraine,6,12,12,8,13,10,11,,
2023,final,Malta,United Kingdom,7,18,14,16,19,16,18,,
2023,final,Moldova,Albania,22,10,8,12,16,12,4,,
2023,final,Moldova,Armenia,9,9,7,14,2,10,13,,
2023,final,Moldova,Australia,16,6,11,5,6,5,5,,
2023,final,Moldova,Austria,15,13,17,7,13,21,16,,
2023,final,Moldova,Belgium,24,17,12,15,17,19,12,,
2023,final,Moldova,Croatia,11,22,24,13,25,23,19,,
2023,final,Moldova,Cyprus,8,7,6,6,15,11,2,,
2023,final,Moldova,Czechia,10,16,16,16,12,18,10,,
2023,final,Moldova,Estonia,19,4,5,4,4,6,8,,
2023,final,Moldova,Finland,4,24,25,17,21,20,25,,
2023,final,Moldova,France,12,19,22,10,22,25,18,,
2023,final,Moldova,Germany,20,20,14,23,18,14,22,,
2023,final,Moldova,Israel,2,12,13,21,5,9,14,,
2023,final,Moldova,Italy,6,2,2,3,3,4,3,,
2023,final,Moldova,Lithuania,18,23,19,22,14,22,24,,
2023,final,Moldova,Norway,5,14,18,18,11,8,20,,
2023,final,Moldova,Poland,7,15,20,8,24,13,15,,
2023,final,Moldova,Portugal,17,3,1,11,9,3,9,,
2023,final,Moldova,Serbia,23,25,21,24,23,24,23,,
2023,final,Moldova,Slovenia,14,18,10,20,19,15,21,,
2023,final,Moldova,Spain,21,8,4,9,7,17,6,,
2023,final,Moldova,Sweden,3,1,3,1,1,2,1,,
2023,final,Moldova,Switzerland,13,11,9,25,8,7,7,,
2023,final,Moldova,Ukraine,1,5,15,2,10,1,11,,
2023,final,Moldova,United Kingdom,25,21,23,19,20,16,17,,
2023,final,Netherlands,Albania,24,19,16,14,15,13,18,,
2023,final,Netherlands,Armenia,14,14,14,6,17,19,12,,
2023,final,Netherlands,Australia,10,17,9,20,22,10,16,,
2023,final,Netherlands,Austria,7,10,7,3,13,20,25,,
2023,final,Netherlands,Belgium,2,7,8,10,8,11,5,,
2023,final,Netherlands,Croatia,13,16,26,22,24,5,14,,
2023,final,Netherlands,Cyprus,23,20,21,23,10,21,17,,
2023,final,Netherlands,Czechia,16,3,18,2,1,2,19,,
2023,final,Netherlands,Estonia,6,12,10,13,20,6,8,,
2023,final,Netherlands,Finland,1,2,4,5,2,3,2,,
2023,final,Netherlands,France,11,8,3,7,19,18,9,,
2023,final,Netherlands,Germany,17,23,24,18,16,22,23,,
2023,final,Netherlands,Israel,5,9,15,11,9,12,3,,
2023,final,Netherlands,Italy,8,15,12,17,23,8,11,,
2023,final,Netherlands,Lithuania,20,18,17,16,11,14,13,,
2023,final,Netherlands,Moldova,22,25,19,25,18,24,21,,
2023,final,Netherlands,Norway,4,13,13,8,12,17,6,,
2023,final,Netherlands,Poland,9,22,20,26,14,25,20,,
2023,final,Netherlands,Portugal,19,6,6,9,4,9,7,,
2023,final,Netherlands,Serbia,25,11,25,19,6,4,15,,
2023,final,Netherlands,Slovenia,15,24,22,15,26,26,24,,
2023,final,Netherlands,Spain,21,4,5,1,5,7,10,,
2023,final,Netherlands,Sweden,3,1,1,4,7,1,1,,
2023,final,Netherlands,Switzerland,18,5,2,12,3,16,4,,
2023,final,Netherlands,Ukraine,12,21,11,21,25,15,22,,
2023,final,Netherlands,United Kingdom,26,26,23,24,21,23,26,,
2023,final,Norway,Albania,16,24,20,23,18,20,16,,
2023,final,Norway,Armenia,25,23,22,14,20,13,20,,
2023,final,Norway,Australia,15,6,4,15,13,16,3,,
2023,final,Norway,Austria,19,12,8,21,4,22,19,,
2023,final,Norway,Belgium,7,20,17,20,12,18,12,,
2023,final,Norway,Croatia,11,25,24,13,24,25,24,,
2023,final,Norway,Cyprus,9,4,3,17,11,2,11,,
2023,final,Norway,Czechia,14,7,19,8,5,5,21,,
2023,final,Norway,Estonia,18,14,21,22,7,11,13,,
2023,final,Norway,Finland,1,1,2,1,2,1,1,,
2023,final,Norway,France,3,15,11,19,19,15,7,,
2023,final,Norway,Germany,17,11,6,10,14,6,25,,
2023,final,Norway,Israel,8,8,5,12,10,12,8,,
2023,final,Norway,Italy,4,5,7,5,17,4,6,,
2023,final,Norway,Lithuania,13,17,9,24,15,9,18,,
2023,final,Norway,Moldova,12,3,12,3,1,7,4,,
2023,final,Norway,Poland,5,18,14,18,9,21,15,,
2023,final,Norway,Portugal,24,16,23,16,16,8,10,,
2023,final,Norway,Serbia,20,13,16,7,6,14,22,,
2023,final,Norway,Slovenia,22,19,13,11,23,23,14,,
2023,final,Norway,Spain,23,10,18,4,8,24,9,,
2023,final,Norway,Sweden,2,2,1,2,3,3,2,,
2023,final,Norway,Switzerland,6,9,15,6,22,10,5,,
2023,final,Norway,Ukraine,10,21,25,9,21,17,23,,
2023,final,Norway,United Kingdom,21,22,10,25,25,19,17,,
2023,final,Poland,Albania,24,22,25,17,20,23,19,,
2023,final,Poland,Armenia,14,10,12,12,8,6,10,,
2023,final,Poland,Australia,19,7,5,4,5,14,7,,
2023,final,Poland,Austria,17,11,8,8,12,16,11,,
2023,final,Poland,Belgium,18,6,3,3,3,15,12,,
2023,final,Poland,Croatia,5,25,24,25,25,25,22,,
2023,final,Poland,Cyprus,7,2,14,5,1,3,1,,
2023,final,Poland,Czechia,8,18,16,18,16,13,17,,
2023,final,Poland,Estonia,20,3,4,1,6,4,4,,
2023,final,Poland,Finland,2,24,23,24,24,22,20,,
2023,final,Poland,France,13,12,6,13,18,12,18,,
2023,final,Poland,Germany,16,21,20,22,14,24,25,,
2023,final,Poland,Israel,6,1,10,2,2,2,2,,
2023,final,Poland,Italy,11,5,2,6,10,5,5,,
2023,final,Poland,Lithuania,10,8,7,14,4,9,8,,
2023,final,Poland,Moldova,12,23,22,19,21,21,24,,
2023,final,Poland,Norway,3,15,17,16,13,11,9,,
2023,final,Poland,Portugal,25,19,13,20,19,19,15,,
2023,final,Poland,Serbia,21,20,19,23,23,18,13,,
2023,final,Poland,Slovenia,9,17,21,11,22,8,23,,
2023,final,Poland,Spain,22,13,11,9,17,10,16,,
2023,final,Poland,Sweden,4,4,1,10,11,1,3,,
2023,final,Poland,Switzerland,15,9,15,7,7,17,6,,
2023,final,Poland,Ukraine,1,14,18,15,15,7,14,,
2023,final,Poland,United Kingdom,23,16,9,21,9,20,21,,
2023,final,Portugal,Albania,25,12,24,24,15,5,18,,
2023,final,Portugal,Armenia,24,18,15,13,23,10,17,,
2023,final,Portugal,Australia,18,1,2,7,3,1,1,,
2023,final,Portugal,Austria,20,14,12,14,16,8,16,,
2023,final,Portugal,Belgium,10,5,10,4,2,2,7,,
2023,final,Portugal,Croatia,15,8,6,15,10,4,9,,
2023,final,Portugal,Cyprus,12,17,13,11,17,24,11,,
2023,final,Portugal,Czechia,14,4,4,3,8,6,2,,
2023,final,Portugal,Estonia,21,3,7,2,5,3,5,,
2023,final,Portugal,Finland,2,11,22,20,4,12,24,,
2023,final,Portugal,France,9,15,18,8,13,21,13,,
2023,final,Portugal,Germany,13,24,16,23,20,23,19,,
2023,final,Portugal,Israel,6,23,23,18,24,16,20,,
2023,final,Portugal,Italy,5,13,14,10,9,18,15,,
2023,final,Portugal,Lithuania,19,21,20,19,18,22,12,,
2023,final,Portugal,Moldova,3,16,19,22,6,15,23,,
2023,final,Portugal,Norway,7,10,8,12,7,19,14,,
2023,final,Portugal,Poland,17,25,25,25,25,25,25,,
2023,final,Portugal,Serbia,23,7,5,6,14,7,4,,
2023,final,Portugal,Slovenia,16,19,17,16,19,20,10,,
2023,final,Portugal,Spain,8,2,1,1,11,9,3,,
2023,final,Portugal,Sweden,4,6,3,5,1,17,8,,
2023,final,Portugal,Switzerland,11,9,9,9,12,11,6,,
2023,final,Portugal,Ukraine,1,20,11,17,21,14,21,,
2023,final,Portugal,United Kingdom,22,22,21,21,22,13,22,,
2023,final,Romania,Albania,20,6,6,4,9,11,6,,
2023,final,Romania,Armenia,12,15,7,11,24,9,16,,
2023,final,Romania,Australia,18,8,14,15,23,22,1,,
2023,final,Romania,Austria,21,23,21,24,13,21,26,,
2023,final,Romania,Belgium,25,9,12,14,17,15,2,,
2023,final,Romania,Croatia,14,26,23,26,26,26,24,,
2023,final,Romania,Cyprus,10,5,9,3,5,17,7,,
2023,final,Romania,Czechia,15,22,15,19,22,16,14,,
2023,final,Romania,Estonia,23,3,4,2,15,2,9,,
2023,final,Romania,Finland,2,13,24,25,2,20,21,,
2023,final,Romania,France,8,21,20,17,11,12,11,,
2023,final,Romania,Germany,11,19,26,16,19,25,5,,
2023,final,Romania,Israel,5,7,3,13,7,14,17,,
2023,final,Romania,Italy,4,1,1,1,4,1,4,,
2023,final,Romania,Lithuania,26,11,10,18,25,3,12,,
2023,final,Romania,Moldova,1,4,5,12,3,4,8,,
2023,final,Romania,Norway,6,18,13,10,12,10,20,,
2023,final,Romania,Poland,16,10,19,8,6,8,13,,
2023,final,Romania,Portugal,22,16,8,9,10,24,19,,
2023,final,Romania,Serbia,17,25,25,23,21,23,22,,
2023,final,Romania,Slovenia,9,24,22,21,18,19,23,,
2023,final,Romania,Spain,13,20,18,6,20,18,18,,
2023,final,Romania,Sweden,3,2,2,5,1,13,3,,
2023,final,Romania,Switzerland,19,14,16,7,14,7,25,,
2023,final,Romania,Ukraine,7,17,17,20,16,5,15,,
2023,final,Romania,United Kingdom,24,12,11,22,8,6,10,,
2023,final,San Marino,Albania,18,11,12,5,17,7,13,,
2023,final,San Marino,Armenia,12,12,6,15,7,15,18,,
2023,final,San Marino,Australia,23,6,3,7,18,5,11,,
2023,final,San Marino,Austria,17,5,5,11,13,2,5,,
2023,final,San Marino,Belgium,14,4,14,3,8,1,16,,
2023,final,San Marino,Croatia,16,22,26,21,23,11,25,,
2023,final,San Marino,Cyprus,6,13,9,13,9,13,9,,
2023,final,San Marino,Czechia,19,19,18,17,14,19,10,,
2023,final,San Marino,Estonia,25,2,2,2,16,6,2,,
2023,final,San Marino,Finland,1,26,24,24,25,26,24,,
2023,final,San Marino,France,11,16,17,25,10,20,7,,
2023,final,San Marino,Germany,20,24,15,26,22,25,22,,
2023,final,San Marino,Israel,2,15,20,9,11,21,8,,
2023,final,San Marino,Italy,4,1,1,1,1,3,1,,
2023,final,San Marino,Lithuania,9,3,4,6,5,4,3,,
2023,final,San Marino,Moldova,8,8,21,4,4,10,17,,
2023,final,San Marino,Norway,7,10,7,10,21,17,4,,
2023,final,San Marino,Poland,10,14,13,8,15,8,15,,
2023,final,San Marino,Portugal,26,20,10,23,20,18,14,,
2023,final,San Marino,Serbia,24,21,11,22,26,24,19,,
2023,final,San Marino,Slovenia,22,18,25,16,12,9,26,,
2023,final,San Marino,Spain,21,9,19,14,2,14,12,,
2023,final,San Marino,Sweden,3,7,8,12,3,12,6,,
2023,final,San Marino,Switzerland,15,25,22,20,19,23,21,,
2023,final,San Marino,Ukraine,5,17,16,19,6,22,20,,
2023,final,San Marino,United Kingdom,13,23,23,18,24,16,23,,
2023,final,Serbia,Albania,12,25,25,25,25,25,25,,
2023,final,Serbia,Armenia,16,11,12,9,10,9,11,,
2023,final,Serbia,Australia,22,23,23,23,24,18,21,,
2023,final,Serbia,Austria,8,5,2,6,19,3,7,,
2023,final,Serbia,Belgium,21,13,13,15,14,10,10,,
2023,final,Serbia,Croatia,2,3,4,4,2,5,6,,
2023,final,Serbia,Cyprus,15,12,7,16,8,16,17,,
2023,final,Serbia,Czechia,7,10,9,8,11,8,14,,
2023,final,Serbia,Estonia,20,22,19,18,23,19,22,,
2023,final,Serbia,Finland,1,4,20,3,4,2,3,,
2023,final,Serbia,France,10,7,10,7,5,7,5,,
2023,final,Serbia,Germany,17,24,21,24,22,24,23,,
2023,final,Serbia,Israel,4,2,3,2,3,4,1,,
2023,final,Serbia,Italy,9,9,8,10,9,11,9,,
2023,final,Serbia,Lithuania,25,16,11,22,12,20,16,,
2023,final,Serbia,Moldova,11,18,14,12,17,21,24,,
2023,final,Serbia,Norway,6,19,17,14,16,17,20,,
2023,final,Serbia,Poland,13,21,22,19,21,23,15,,
2023,final,Serbia,Portugal,19,20,24,20,15,22,19,,
2023,final,Serbia,Slovenia,3,1,1,1,1,1,2,,
2023,final,Serbia,Spain,14,8,6,11,6,6,12,,
2023,final,Serbia,Sweden,5,6,5,5,7,15,4,,
2023,final,Serbia,Switzerland,18,15,15,17,13,12,18,,
2023,final,Serbia,Ukraine,24,17,18,13,18,14,13,,
2023,final,Serbia,United Kingdom,23,14,16,21,20,13,8,,
2023,final,Slovenia,Albania,4,22,18,13,22,17,19,,
2023,final,Slovenia,Armenia,22,12,5,7,13,22,9,,
2023,final,Slovenia,Australia,19,7,9,2,19,4,17,,
2023,final,Slovenia,Austria,17,8,4,12,5,11,7,,
2023,final,Slovenia,Belgium,9,6,10,1,6,13,16,,
2023,final,Slovenia,Croatia,1,11,17,5,11,5,24,,
2023,final,Slovenia,Cyprus,16,13,19,19,9,8,4,,
2023,final,Slovenia,Czechia,12,5,3,4,7,23,10,,
2023,final,Slovenia,Estonia,20,2,11,3,4,2,2,,
2023,final,Slovenia,Finland,2,14,12,20,8,6,18,,
2023,final,Slovenia,France,8,17,13,8,25,18,14,,
2023,final,Slovenia,Germany,18,21,23,10,20,14,22,,
2023,final,Slovenia,Israel,11,15,20,23,18,16,5,,
2023,final,Slovenia,Italy,3,1,1,16,1,1,6,,
2023,final,Slovenia,Lithuania,23,3,14,6,3,12,1,,
2023,final,Slovenia,Moldova,14,23,15,21,12,25,25,,
2023,final,Slovenia,Norway,6,19,7,24,17,21,21,,
2023,final,Slovenia,Poland,10,20,22,25,24,10,11,,
2023,final,Slovenia,Portugal,21,18,21,14,14,9,15,,
2023,final,Slovenia,Serbia,5,25,24,18,21,20,20,,
2023,final,Slovenia,Spain,24,9,2,9,15,19,13,,
2023,final,Slovenia,Sweden,7,4,8,11,2,3,8,,
2023,final,Slovenia,Switzerland,15,10,25,17,10,7,3,,
2023,final,Slovenia,Ukraine,13,16,6,15,16,15,23,,
2023,final,Slovenia,United Kingdom,25,24,16,22,23,24,12,,
2023,final,Spain,Albania,25,21,19,16,18,19,16,,
2023,final,Spain,Armenia,9,8,8,5,6,9,8,,
2023,final,Spain,Australia,22,14,10,12,22,16,10,,
2023,final,Spain,Austria,18,17,16,15,17,14,13,,
2023,final,Spain,Belgium,8,7,6,4,12,12,3,,
2023,final,Spain,Croatia,17,19,25,19,25,25,9,,
2023,final,Spain,Cyprus,15,11,11,13,5,11,22,,
2023,final,Spain,Czechia,21,22,20,20,15,23,18,,
2023,final,Spain,Estonia,23,4,4,8,4,6,6,,
2023,final,Spain,Finland,1,10,9,25,14,24,4,,
2023,final,Spain,France,12,6,5,6,7,4,11,,
2023,final,Spain,Germany,14,18,15,22,21,10,21,,
2023,final,Spain,Israel,4,3,2,7,3,2,5,,
2023,final,Spain,Italy,5,2,3,2,2,7,2,,
2023,final,Spain,Lithuania,16,16,18,11,16,13,20,,
2023,final,Spain,Moldova,10,25,24,23,19,21,17,,
2023,final,Spain,Norway,3,9,7,21,10,5,12,,
2023,final,Spain,Poland,11,24,23,18,20,17,24,,
2023,final,Spain,Portugal,7,5,13,3,13,3,7,,
2023,final,Spain,Serbia,24,23,21,24,23,20,15,,
2023,final,Spain,Slovenia,13,20,22,10,24,22,25,,
2023,final,Spain,Sweden,6,1,1,1,1,1,1,,
2023,final,Spain,Switzerland,19,12,17,14,8,8,19,,
2023,final,Spain,Ukraine,2,15,14,17,9,18,23,,
2023,final,Spain,United Kingdom,20,13,12,9,11,15,14,,
2023,final,Sweden,Albania,16,25,25,24,14,25,23,,
2023,final,Sweden,Armenia,22,13,12,7,24,19,7,,
2023,final,Sweden,Australia,10,14,11,8,15,17,14,,
2023,final,Sweden,Austria,21,20,9,21,23,14,19,,
2023,final,Sweden,Belgium,4,12,18,23,2,13,13,,
2023,final,Sweden,Croatia,6,18,24,25,18,6,25,,
2023,final,Sweden,Cyprus,12,10,15,4,10,11,9,,
2023,final,Sweden,Czechia,8,8,10,12,11,21,2,,
2023,final,Sweden,Estonia,15,9,16,5,12,24,4,,
2023,final,Sweden,Finland,1,1,2,3,1,1,3,,
2023,final,Sweden,France,9,2,1,10,13,2,1,,
2023,final,Sweden,Germany,20,23,20,20,22,15,17,,
2023,final,Sweden,Israel,17,6,7,11,4,8,20,,
2023,final,Sweden,Italy,5,4,3,1,16,4,6,,
2023,final,Sweden,Lithuania,18,24,22,19,21,18,15,,
2023,final,Sweden,Moldova,13,11,6,14,5,22,10,,
2023,final,Sweden,Norway,2,3,4,6,3,3,5,,
2023,final,Sweden,Poland,11,19,21,9,25,12,22,,
2023,final,Sweden,Portugal,23,22,13,18,20,16,21,,
2023,final,Sweden,Serbia,14,21,23,22,9,23,24,,
2023,final,Sweden,Slovenia,19,17,19,16,7,20,16,,
2023,final,Sweden,Spain,25,16,14,17,17,10,11,,
2023,final,Sweden,Switzerland,3,5,5,2,8,9,8,,
2023,final,Sweden,Ukraine,7,15,17,13,19,7,18,,
2023,final,Sweden,United Kingdom,24,7,8,15,6,5,12,,
2023,final,Switzerland,Albania,1,20,15,21,12,11,22,,
2023,final,Switzerland,Armenia,24,6,10,22,3,2,13,,
2023,final,Switzerland,Australia,21,9,20,7,8,17,3,,
2023,final,Switzerland,Austria,11,4,5,3,7,8,1,,
2023,final,Switzerland,Belgium,13,12,14,8,6,21,18,,
2023,final,Switzerland,Croatia,5,25,25,20,23,25,24,,
2023,final,Switzerland,Cyprus,15,13,12,16,17,14,5,,
2023,final,Switzerland,Czechia,17,1,2,4,1,7,12,,
2023,final,Switzerland,Estonia,22,2,1,1,14,6,7,,
2023,final,Switzerland,Finland,3,15,6,23,19,9,25,,
2023,final,Switzerland,France,14,16,11,13,15,23,8,,
2023,final,Switzerland,Germany,7,24,21,24,25,24,17,,
2023,final,Switzerland,Israel,8,10,9,17,5,10,6,,
2023,final,Switzerland,Italy,2,3,13,2,2,1,21,,
2023,final,Switzerland,Lithuania,18,19,18,10,22,13,10,,
2023,final,Switzerland,Moldova,16,18,16,15,10,20,9,,
2023,final,Switzerland,Norway,9,7,3,9,9,4,20,,
2023,final,Switzerland,Poland,19,21,23,14,18,18,15,,
2023,final,Switzerland,Portugal,4,14,7,11,21,12,11,,
2023,final,Switzerland,Serbia,10,17,17,6,16,16,23,,
2023,final,Switzerland,Slovenia,23,22,19,18,24,19,14,,
2023,final,Switzerland,Spain,20,8,8,25,4,3,19,,
2023,final,Switzerland,Sweden,6,5,4,12,13,5,2,,
2023,final,Switzerland,Ukraine,12,11,22,5,11,15,4,,
2023,final,Switzerland,United Kingdom,25,23,24,19,20,22,16,,
2023,final,Ukraine,Albania,25,23,20,25,15,23,20,,
2023,final,Ukraine,Armenia,18,16,14,19,8,21,15,,
2023,final,Ukraine,Australia,13,3,1,1,6,3,11,,
2023,final,Ukraine,Austria,21,13,7,10,11,17,14,,
2023,final,Ukraine,Belgium,20,25,25,23,25,25,25,,
2023,final,Ukraine,Croatia,3,18,19,12,24,11,24,,
2023,final,Ukraine,Cyprus,16,19,17,18,14,19,13,,
2023,final,Ukraine,Czechia,9,4,5,2,7,2,3,,
2023,final,Ukraine,Estonia,11,6,6,4,9,12,5,,
2023,final,Ukraine,Finland,2,20,21,14,18,13,21,,
2023,final,Ukraine,France,12,15,12,9,22,14,18,,
2023,final,Ukraine,Germany,15,17,23,22,20,24,8,,
2023,final,Ukraine,Israel,10,10,8,8,13,7,12,,
2023,final,Ukraine,Italy,19,9,10,13,16,4,10,,
2023,final,Ukraine,Lithuania,7,2,3,3,4,5,1,,
2023,final,Ukraine,Moldova,5,21,18,16,21,18,22,,
2023,final,Ukraine,Norway,4,22,22,21,19,20,16,,
2023,final,Ukraine,Poland,1,5,4,5,3,10,2,,
2023,final,Ukraine,Portugal,22,14,9,20,10,16,17,,
2023,final,Ukraine,Serbia,23,24,24,24,23,22,23,,
2023,final,Ukraine,Slovenia,14,8,15,11,5,8,7,,
2023,final,Ukraine,Spain,24,11,16,17,2,15,19,,
2023,final,Ukraine,Sweden,8,1,2,7,1,1,6,,
2023,final,Ukraine,Switzerland,17,12,11,15,12,6,9,,
2023,final,Ukraine,United Kingdom,6,7,13,6,17,9,4,,
2023,final,United Kingdom,Albania,17,12,11,13,15,2,14,,
2023,final,United Kingdom,Armenia,25,8,7,12,9,9,5,,
2023,final,United Kingdom,Australia,9,2,5,1,2,14,2,,
2023,final,United Kingdom,Austria,12,14,19,4,12,16,13,,
2023,final,United Kingdom,Belgium,5,4,14,3,5,6,6,,
2023,final,United Kingdom,Croatia,13,25,25,25,25,25,24,,
2023,final,United Kingdom,Cyprus,11,13,9,11,11,13,7,,
2023,final,United Kingdom,Czechia,19,19,20,10,17,20,16,,
2023,final,United Kingdom,Estonia,20,5,3,8,7,7,25,,
2023,final,United Kingdom,Finland,1,22,21,21,16,23,22,,
2023,final,United Kingdom,France,18,16,16,20,14,5,19,,
2023,final,United Kingdom,Germany,15,23,22,24,23,22,15,,
2023,final,United Kingdom,Israel,8,7,6,16,3,11,10,,
2023,final,United Kingdom,Italy,14,9,12,15,8,3,11,,
2023,final,United Kingdom,Lithuania,2,3,1,9,10,4,4,,
2023,final,United Kingdom,Moldova,10,21,24,14,21,18,20,,
2023,final,United Kingdom,Norway,4,11,15,7,4,17,8,,
2023,final,United Kingdom,Poland,3,17,18,18,13,10,12,,
2023,final,United Kingdom,Portugal,21,20,13,22,18,15,17,,
2023,final,United Kingdom,Serbia,24,24,23,23,24,24,18,,
2023,final,United Kingdom,Slovenia,22,10,4,19,6,8,21,,
2023,final,United Kingdom,Spain,23,6,8,5,19,19,3,,
2023,final,United Kingdom,Sweden,6,1,2,2,1,1,1,,
2023,final,United Kingdom,Switzerland,16,18,10,17,22,12,23,,
2023,final,United Kingdom,Ukraine,7,15,17,6,20,21,9,,
2024,semi-final-1,Australia,Azerbaijan,14,,,,,,,,
2024,semi-final-1,Australia,Croatia,1,,,,,,,,
2024,semi-final-1,Australia,Cyprus,4,,,,,,,,
2024,semi-final-1,Australia,Finland,6,,,,,,,,
2024,semi-final-1,Australia,Iceland,12,,,,,,,,
2024,semi-final-1,Australia,Ireland,2,,,,,,,,
2024,semi-final-1,Australia,Lithuania,5,,,,,,,,
2024,semi-final-1,Australia,Luxembourg,7,,,,,,,,
2024,semi-final-1,Australia,Moldova,13,,,,,,,,
2024,semi-final-1,Australia,Poland,10,,,,,,,,
2024,semi-final-1,Australia,Portugal,9,,,,,,,,
2024,semi-final-1,Australia,Serbia,11,,,,,,,,
2024,semi-final-1,Australia,Slovenia,8,,,,,,,,
2024,semi-final-1,Australia,Ukraine,3,,,,,,,,
2024,semi-final-1,Azerbaijan,Australia,11,,,,,,,,
2024,semi-final-1,Azerbaijan,Croatia,4,,,,,,,,
2024,semi-final-1,Azerbaijan,Cyprus,1,,,,,,,,
2024,semi-final-1,Azerbaijan,Finland,12,,,,,,,,
2024,semi-final-1,Azerbaijan,Iceland,13,,,,,,,,
2024,semi-final-1,Azerbaijan,Ireland,5,,,,,,,,
2024,semi-final-1,Azerbaijan,Lithuania,8,,,,,,,,
2024,semi-final-1,Azerbaijan,Luxembourg,3,,,,,,,,
2024,semi-final-1,Azerbaijan,Moldova,9,,,,,,,,
2024,semi-final-1,Azerbaijan,Poland,14,,,,,,,,
2024,semi-final-1,Azerbaijan,Portugal,7,,,,,,,,
2024,semi-final-1,Azerbaijan,Serbia,6,,,,,,,,
2024,semi-final-1,Azerbaijan,Slovenia,10,,,,,,,,
2024,semi-final-1,Azerbaijan,Ukraine,2,,,,,,,,
2024,semi-final-1,Croatia,Australia,11,,,,,,,,
2024,semi-final-1,Croatia,Azerbaijan,13,,,,,,,,
2024,semi-final-1,Croatia,Cyprus,7,,,,,,,,
2024,semi-final-1,Croatia,Finland,6,,,,,,,,
2024,semi-final-1,Croatia,Iceland,14,,,,,,,,
2024,semi-final-1,Croatia,Ireland,5,,,,,,,,
2024,semi-final-1,Croatia,Lithuania,8,,,,,,,,
2024,semi-final-1,Croatia,Luxembourg,4,,,,,,,,
2024,semi-final-1,Croatia,Moldova,10,,,,,,,,
2024,semi-final-1,Croatia,Poland,12,,,,,,,,
2024,semi-final-1,Croatia,Portugal,9,,,,,,,,
2024,semi-final-1,Croatia,Serbia,1,,,,,,,,
2024,semi-final-1,Croatia,Slovenia,2,,,,,,,,
2024,semi-final-1,Croatia,Ukraine,3,,,,,,,,
2024,semi-final-1,Cyprus,Australia,12,,,,,,,,
2024,semi-final-1,Cyprus,Azerbaijan,14,,,,,,,,
2024,semi-final-1,Cyprus,Croatia,4,,,,,,,,
2024,semi-final-1,Cyprus,Finland,11,,,,,,,,
2024,semi-final-1,Cyprus,Iceland,10,,,,,,,,
2024,semi-final-1,Cyprus,Ireland,5,,,,,,,,
2024,semi-final-1,Cyprus,Lithuania,2,,,,,,,,
2024,semi-final-1,Cyprus,Luxembourg,3,,,,,,,,
2024,semi-final-1,Cyprus,Moldova,8,,,,,,,,
2024,semi-final-1,Cyprus,Poland,13,,,,,,,,
2024,semi-final-1,Cyprus,Portugal,7,,,,,,,,
2024,semi-final-1,Cyprus,Serbia,6,,,,,,,,
2024,semi-final-1,Cyprus,Slovenia,9,,,,,,,,
2024,semi-final-1,Cyprus,Ukraine,1,,,,,,,,
2024,semi-final-1,Finland,Australia,6,,,,,,,,
2024,semi-final-1,Finland,Azerbaijan,10,,,,,,,,
2024,semi-final-1,Finland,Croatia,1,,,,,,,,
2024,semi-final-1,Finland,Cyprus,9,,,,,,,,
2024,semi-final-1,Finland,Iceland,12,,,,,,,,
2024,semi-final-1,Finland,Ireland,3,,,,,,,,
2024,semi-final-1,Finland,Lithuania,4,,,,,,,,
2024,semi-final-1,Finland,Luxembourg,5,,,,,,,,
2024,semi-final-1,Finland,Moldova,14,,,,,,,,
2024,semi-final-1,Finland,Poland,11,,,,,,,,
2024,semi-final-1,Finland,Portugal,7,,,,,,,,
2024,semi-final-1,Finland,Serbia,13,,,,,,,,
2024,semi-final-1,Finland,Slovenia,8,,,,,,,,
2024,semi-final-1,Finland,Ukraine,2,,,,,,,,
2024,semi-final-1,Germany,Australia,7,,,,,,,,
2024,semi-final-1,Germany,Azerbaijan,13,,,,,,,,
2024,semi-final-1,Germany,Croatia,1,,,,,,,,
2024,semi-final-1,Germany,Cyprus,12,,,,,,,,
2024,semi-final-1,Germany,Finland,8,,,,,,,,
2024,semi-final-1,Germany,Iceland,14,,,,,,,,
2024,semi-final-1,Germany,Ireland,5,,,,,,,,
2024,semi-final-1,Germany,Lithuania,3,,,,,,,,
2024,semi-final-1,Germany,Luxembourg,4,,,,,,,,
2024,semi-final-1,Germany,Moldova,15,,,,,,,,
2024,semi-final-1,Germany,Poland,9,,,,,,,,
2024,semi-final-1,Germany,Portugal,10,,,,,,,,
2024,semi-final-1,Germany,Serbia,6,,,,,,,,
2024,semi-final-1,Germany,Slovenia,11,,,,,,,,
2024,semi-final-1,Germany,Ukraine,2,,,,,,,,
2024,semi-final-1,Iceland,Australia,9,,,,,,,,
2024,semi-final-1,Iceland,Azerbaijan,14,,,,,,,,
2024,semi-final-1,Iceland,Croatia,1,,,,,,,,
2024,semi-final-1,Iceland,Cyprus,7,,,,,,,,
2024,semi-final-1,Iceland,Finland,5,,,,,,,,
2024,semi-final-1,Iceland,Ireland,8,,,,,,,,
2024,semi-final-1,Iceland,Lithuania,4,,,,,,,,
2024,semi-final-1,Iceland,Luxembourg,6,,,,,,,,
2024,semi-final-1,Iceland,Moldova,11,,,,,,,,
2024,semi-final-1,Iceland,Poland,3,,,,,,,,
2024,semi-final-1,Iceland,Portugal,10,,,,,,,,
2024,semi-final-1,Iceland,Serbia,12,,,,,,,,
2024,semi-final-1,Iceland,Slovenia,13,,,,,,,,
2024,semi-final-1,Iceland,Ukraine,2,,,,,,,,
2024,semi-final-1,Ireland,Australia,7,,,,,,,,
2024,semi-final-1,Ireland,Azerbaijan,14,,,,,,,,
2024,semi-final-1,Ireland,Croatia,2,,,,,,,,
2024,semi-final-1,Ireland,Cyprus,10,,,,,,,,
2024,semi-final-1,Ireland,Finland,6,,,,,,,,
2024,semi-final-1,Ireland,Iceland,12,,,,,,,,
2024,semi-final-1,Ireland,Lithuania,1,,,,,,,,
2024,semi-final-1,Ireland,Luxembourg,5,,,,,,,,
2024,semi-final-1,Ireland,Moldova,9,,,,,,,,
2024,semi-final-1,Ireland,Poland,4,,,,,,,,
2024,semi-final-1,Ireland,Portugal,8,,,,,,,,
2024,semi-final-1,Ireland,Serbia,11,,,,,,,,
2024,semi-final-1,Ireland,Slovenia,13,,,,,,,,
2024,semi-final-1,Ireland,Ukraine,3,,,,,,,,
2024,semi-final-1,Lithuania,Australia,9,,,,,,,,
2024,semi-final-1,Lithuania,Azerbaijan,10,,,,,,,,
2024,semi-final-1,Lithuania,Croatia,2,,,,,,,,
2024,semi-final-1,Lithuania,Cyprus,11,,,,,,,,
2024,semi-final-1,Lithuania,Finland,5,,,,,,,,
2024,semi-final-1,Lithuania,Iceland,12,,,,,,,,
2024,semi-final-1,Lithuania,Ireland,3,,,,,,,,
2024,semi-final-1,Lithuania,Luxembourg,4,,,,,,,,
2024,semi-final-1,Lithuania,Moldova,13,,,,,,,,
2024,semi-final-1,Lithuania,Poland,7,,,,,,,,
2024,semi-final-1,Lithuania,Portugal,6,,,,,,,,
2024,semi-final-1,Lithuania,Serbia,14,,,,,,,,
2024,semi-final-1,Lithuania,Slovenia,8,,,,,,,,
2024,semi-final-1,Lithuania,Ukraine,1,,,,,,,,
2024,semi-final-1,Luxembourg,Australia,8,,,,,,,,
2024,semi-final-1,Luxembourg,Azerbaijan,11,,,,,,,,
2024,semi-final-1,Luxembourg,Croatia,4,,,,,,,,
2024,semi-final-1,Luxembourg,Cyprus,7,,,,,,,,
2024,semi-final-1,Luxembourg,Finland,9,,,,,,,,
2024,semi-final-1,Luxembourg,Iceland,12,,,,,,,,
2024,semi-final-1,Luxembourg,Ireland,5,,,,,,,,
2024,semi-final-1,Luxembourg,Lithuania,2,,,,,,,,
2024,semi-final-1,Luxembourg,Moldova,13,,,,,,,,
2024,semi-final-1,Luxembourg,Poland,14,,,,,,,,
2024,semi-final-1,Luxembourg,Portugal,1,,,,,,,,
2024,semi-final-1,Luxembourg,Serbia,6,,,,,,,,
2024,semi-final-1,Luxembourg,Slovenia,10,,,,,,,,
2024,semi-final-1,Luxembourg,Ukraine,3,,,,,,,,
2024,semi-final-1,Moldova,Australia,10,,,,,,,,
2024,semi-final-1,Moldova,Azerbaijan,5,,,,,,,,
2024,semi-final-1,Moldova,Croatia,3,,,,,,,,
2024,semi-final-1,Moldova,Cyprus,1,,,,,,,,
2024,semi-final-1,Moldova,Finland,12,,,,,,,,
2024,semi-final-1,Moldova,Iceland,13,,,,,,,,
2024,semi-final-1,Moldova,Ireland,6,,,,,,,,
2024,semi-final-1,Moldova,Lithuania,9,,,,,,,,
2024,semi-final-1,Moldova,Luxembourg,4,,,,,,,,
2024,semi-final-1,Moldova,Poland,14,,,,,,,,
2024,semi-final-1,Moldova,Portugal,8,,,,,,,,
2024,semi-final-1,Moldova,Serbia,11,,,,,,,,
2024,semi-final-1,Moldova,Slovenia,7,,,,,,,,
2024,semi-final-1,Moldova,Ukraine,2,,,,,,,,
2024,semi-final-1,Poland,Australia,9,,,,,,,,
2024,semi-final-1,Poland,Azerbaijan,10,,,,,,,,
2024,semi-final-1,Poland,Croatia,2,,,,,,,,
2024,semi-final-1,Poland,Cyprus,12,,,,,,,,
2024,semi-final-1,Poland,Finland,6,,,,,,,,
2024,semi-final-1,Poland,Iceland,14,,,,,,,,
2024,semi-final-1,Poland,Ireland,3,,,,,,,,
2024,semi-final-1,Poland,Lithuania,4,,,,,,,,
2024,semi-final-1,Poland,Luxembourg,5,,,,,,,,
2024,semi-final-1,Poland,Moldova,13,,,,,,,,
2024,semi-final-1,Poland,Portugal,8,,,,,,,,
2024,semi-final-1,Poland,Serbia,11,,,,,,,,
2024,semi-final-1,Poland,Slovenia,7,,,,,,,,
2024,semi-final-1,Poland,Ukraine,1,,,,,,,,
2024,semi-final-1,Portugal,Australia,9,,,,,,,,
2024,semi-final-1,Portugal,Azerbaijan,11,,,,,,,,
2024,semi-final-1,Portugal,Croatia,5,,,,,,,,
2024,semi-final-1,Portugal,Cyprus,3,,,,,,,,
2024,semi-final-1,Portugal,Finland,12,,,,,,,,
2024,semi-final-1,Portugal,Iceland,14,,,,,,,,
2024,semi-final-1,Portugal,Ireland,4,,,,,,,,
2024,semi-final-1,Portugal,Lithuania,7,,,,,,,,
2024,semi-final-1,Portugal,Luxembourg,2,,,,,,,,
2024,semi-final-1,Portugal,Moldova,6,,,,,,,,
2024,semi-final-1,Portugal,Poland,13,,,,,,,,
2024,semi-final-1,Portugal,Serbia,10,,,,,,,,
2024,semi-final-1,Portugal,Slovenia,8,,,,,,,,
2024,semi-final-1,Portugal,Ukraine,1,,,,,,,,
2024,semi-final-1,Serbia,Australia,12,,,,,,,,
2024,semi-final-1,Serbia,Azerbaijan,10,,,,,,,,
2024,semi-final-1,Serbia,Croatia,1,,,,,,,,
2024,semi-final-1,Serbia,Cyprus,7,,,,,,,,
2024,semi-final-1,Serbia,Finland,11,,,,,,,,
2024,semi-final-1,Serbia,Iceland,13,,,,,,,,
2024,semi-final-1,Serbia,Ireland,4,,,,,,,,
2024,semi-final-1,Serbia,Lithuania,9,,,,,,,,
2024,semi-final-1,Serbia,Luxembourg,3,,,,,,,,
2024,semi-final-1,Serbia,Moldova,8,,,,,,,,
2024,semi-final-1,Serbia,Poland,14,,,,,,,,
2024,semi-final-1,Serbia,Portugal,6,,,,,,,,
2024,semi-final-1,Serbia,Slovenia,2,,,,,,,,
2024,semi-final-1,Serbia,Ukraine,5,,,,,,,,
2024,semi-final-1,Slovenia,Australia,12,,,,,,,,
2024,semi-final-1,Slovenia,Azerbaijan,13,,,,,,,,
2024,semi-final-1,Slovenia,Croatia,1,,,,,,,,
2024,semi-final-1,Slovenia,Cyprus,4,,,,,,,,
2024,semi-final-1,Slovenia,Finland,8,,,,,,,,
2024,semi-final-1,Slovenia,Iceland,11,,,,,,,,
2024,semi-final-1,Slovenia,Ireland,7,,,,,,,,
2024,semi-final-1,Slovenia,Lithuania,5,,,,,,,,
2024,semi-final-1,Slovenia,Luxembourg,6,,,,,,,,
2024,semi-final-1,Slovenia,Moldova,14,,,,,,,,
2024,semi-final-1,Slovenia,Poland,10,,,,,,,,
2024,semi-final-1,Slovenia,Portugal,9,,,,,,,,
2024,semi-final-1,Slovenia,Serbia,2,,,,,,,,
2024,semi-final-1,Slovenia,Ukraine,3,,,,,,,,
2024,semi-final-1,Sweden,Australia,7,,,,,,,,
2024,semi-final-1,Sweden,Azerbaijan,13,,,,,,,,
2024,semi-final-1,Sweden,Croatia,1,,,,,,,,
2024,semi-final-1,Sweden,Cyprus,10,,,,,,,,
2024,semi-final-1,Sweden,Finland,3,,,,,,,,
2024,semi-final-1,Sweden,Iceland,9,,,,,,,,
2024,semi-final-1,Sweden,Ireland,5,,,,,,,,
2024,semi-final-1,Sweden,Lithuania,6,,,,,,,,
2024,semi-final-1,Sweden,Luxembourg,4,,,,,,,,
2024,semi-final-1,Sweden,Moldova,15,,,,,,,,
2024,semi-final-1,Sweden,Poland,8,,,,,,,,
2024,semi-final-1,Sweden,Portugal,11,,,,,,,,
2024,semi-final-1,Sweden,Serbia,12,,,,,,,,
2024,semi-final-1,Sweden,Slovenia,14,,,,,,,,
2024,semi-final-1,Sweden,Ukraine,2,,,,,,,,
2024,semi-final-1,Ukraine,Australia,6,,,,,,,,
2024,semi-final-1,Ukraine,Azerbaijan,10,,,,,,,,
2024,semi-final-1,Ukraine,Croatia,1,,,,,,,,
2024,semi-final-1,Ukraine,Cyprus,12,,,,,,,,
2024,semi-final-1,Ukraine,Finland,5,,,,,,,,
2024,semi-final-1,Ukraine,Iceland,14,,,,,,,,
2024,semi-final-1,Ukraine,Ireland,3,,,,,,,,
2024,semi-final-1,Ukraine,Lithuania,2,,,,,,,,
2024,semi-final-1,Ukraine,Luxembourg,4,,,,,,,,
2024,semi-final-1,Ukraine,Moldova,7,,,,,,,,
2024,semi-final-1,Ukraine,Poland,8,,,,,,,,
2024,semi-final-1,Ukraine,Portugal,9,,,,,,,,
2024,semi-final-1,Ukraine,Serbia,13,,,,,,,,
2024,semi-final-1,Ukraine,Slovenia,11,,,,,,,,
2024,semi-final-1,United Kingdom,Australia,6,,,,,,,,
2024,semi-final-1,United Kingdom,Azerbaijan,15,,,,,,,,
2024,semi-final-1,United Kingdom,Croatia,3,,,,,,,,
2024,semi-final-1,United Kingdom,Cyprus,10,,,,,,,,
2024,semi-final-1,United Kingdom,Finland,7,,,,,,,,
2024,semi-final-1,United Kingdom,Iceland,11,,,,,,,,
2024,semi-final-1,United Kingdom,Ireland,2,,,,,,,,
2024,semi-final-1,United Kingdom,Lithuania,1,,,,,,,,
2024,semi-final-1,United Kingdom,Luxembourg,8,,,,,,,,
2024,semi-final-1,United Kingdom,Moldova,12,,,,,,,,
2024,semi-final-1,United Kingdom,Poland,5,,,,,,,,
2024,semi-final-1,United Kingdom,Portugal,9,,,,,,,,
2024,semi-final-1,United Kingdom,Serbia,14,,,,,,,,
2024,semi-final-1,United Kingdom,Slovenia,13,,,,,,,,
2024,semi-final-1,United Kingdom,Ukraine,4,,,,,,,,
2024,semi-final-2,Albania,Armenia,5,,,,,,,,
2024,semi-final-2,Albania,Austria,7,,,,,,,,
2024,semi-final-2,Albania,Belgium,9,,,,,,,,
2024,semi-final-2,Albania,Czechia,11,,,,,,,,
2024,semi-final-2,Albania,Denmark,13,,,,,,,,
2024,semi-final-2,Albania,Estonia,8,,,,,,,,
2024,semi-final-2,Albania,Georgia,4,,,,,,,,
2024,semi-final-2,Albania,Greece,3,,,,,,,,
2024,semi-final-2,Albania,Israel,1,,,,,,,,
2024,semi-final-2,Albania,Latvia,12,,,,,,,,
2024,semi-final-2,Albania,Malta,14,,,,,,,,
2024,semi-final-2,Albania,Netherlands,2,,,,,,,,
2024,semi-final-2,Albania,Norway,10,,,,,,,,
2024,semi-final-2,Albania,San Marino,15,,,,,,,,
2024,semi-final-2,Albania,Switzerland,6,,,,,,,,
2024,semi-final-2,Armenia,Albania,15,,,,,,,,
2024,semi-final-2,Armenia,Austria,7,,,,,,,,
2024,semi-final-2,Armenia,Belgium,11,,,,,,,,
2024,semi-final-2,Armenia,Czechia,10,,,,,,,,
2024,semi-final-2,Armenia,Denmark,8,,,,,,,,
2024,semi-final-2,Armenia,Estonia,9,,,,,,,,
2024,semi-final-2,Armenia,Georgia,2,,,,,,,,
2024,semi-final-2,Armenia,Greece,1,,,,,,,,
2024,semi-final-2,Armenia,Israel,5,,,,,,,,
2024,semi-final-2,Armenia,Latvia,12,,,,,,,,
2024,semi-final-2,Armenia,Malta,6,,,,,,,,
2024,semi-final-2,Armenia,Netherlands,3,,,,,,,,
2024,semi-final-2,Armenia,Norway,13,,,,,,,,
2024,semi-final-2,Armenia,San Marino,14,,,,,,,,
2024,semi-final-2,Armenia,Switzerland,4,,,,,,,,
2024,semi-final-2,Austria,Albania,14,,,,,,,,
2024,semi-final-2,Austria,Armenia,5,,,,,,,,
2024,semi-final-2,Austria,Belgium,15,,,,,,,,
2024,semi-final-2,Austria,Czechia,6,,,,,,,,
2024,semi-final-2,Austria,Denmark,8,,,,,,,,
2024,semi-final-2,Austria,Estonia,4,,,,,,,,
2024,semi-final-2,Austria,Georgia,10,,,,,,,,
2024,semi-final-2,Austria,Greece,9,,,,,,,,
2024,semi-final-2,Austria,Israel,2,,,,,,,,
2024,semi-final-2,Austria,Latvia,7,,,,,,,,
2024,semi-final-2,Austria,Malta,12,,,,,,,,
2024,semi-final-2,Austria,Netherlands,1,,,,,,,,
2024,semi-final-2,Austria,Norway,11,,,,,,,,
2024,semi-final-2,Austria,San Marino,13,,,,,,,,
2024,semi-final-2,Austria,Switzerland,3,,,,,,,,
2024,semi-final-2,Belgium,Albania,15,,,,,,,,
2024,semi-final-2,Belgium,Armenia,5,,,,,,,,
2024,semi-final-2,Belgium,Austria,10,,,,,,,,
2024,semi-final-2,Belgium,Czechia,11,,,,,,,,
2024,semi-final-2,Belgium,Denmark,12,,,,,,,,
2024,semi-final-2,Belgium,Estonia,7,,,,,,,,
2024,semi-final-2,Belgium,Georgia,9,,,,,,,,
2024,semi-final-2,Belgium,Greece,3,,,,,,,,
2024,semi-final-2,Belgium,Israel,2,,,,,,,,
2024,semi-final-2,Belgium,Latvia,6,,,,,,,,
2024,semi-final-2,Belgium,Malta,13,,,,,,,,
2024,semi-final-2,Belgium,Netherlands,1,,,,,,,,
2024,semi-final-2,Belgium,Norway,8,,,,,,,,
2024,semi-final-2,Belgium,San Marino,14,,,,,,,,
2024,semi-final-2,Belgium,Switzerland,4,,,,,,,,
2024,semi-final-2,Czechia,Albania,15,,,,,,,,
2024,semi-final-2,Czechia,Armenia,4,,,,,,,,
2024,semi-final-2,Czechia,Austria,9,,,,,,,,
2024,semi-final-2,Czechia,Belgium,11,,,,,,,,
2024,semi-final-2,Czechia,Denmark,12,,,,,,,,
2024,semi-final-2,Czechia,Estonia,5,,,,,,,,
2024,semi-final-2,Czechia,Georgia,10,,,,,,,,
2024,semi-final-2,Czechia,Greece,7,,,,,,,,
2024,semi-final-2,Czechia,Israel,1,,,,,,,,
2024,semi-final-2,Czechia,Latvia,6,,,,,,,,
2024,semi-final-2,Czechia,Malta,13,,,,,,,,
2024,semi-final-2,Czechia,Netherlands,2,,,,,,,,
2024,semi-final-2,Czechia,Norway,8,,,,,,,,
2024,semi-final-2,Czechia,San Marino,14,,,,,,,,
2024,semi-final-2,Czechia,Switzerland,3,,,,,,,,
2024,semi-final-2,Denmark,Albania,13,,,,,,,,
2024,semi-final-2,Denmark,Armenia,6,,,,,,,,
2024,semi-final-2,Denmark,Austria,8,,,,,,,,
2024,semi-final-2,Denmark,Belgium,12,,,,,,,,
2024,semi-final-2,Denmark,Czechia,10,,,,,,,,
2024,semi-final-2,Denmark,Estonia,7,,,,,,,,
2024,semi-final-2,Denmark,Georgia,11,,,,,,,,
2024,semi-final-2,Denmark,Greece,9,,,,,,,,
2024,semi-final-2,Denmark,Israel,1,,,,,,,,
2024,semi-final-2,Denmark,Latvia,4,,,,,,,,
2024,semi-final-2,Denmark,Malta,14,,,,,,,,
2024,semi-final-2,Denmark,Netherlands,2,,,,,,,,
2024,semi-final-2,Denmark,Norway,3,,,,,,,,
2024,semi-final-2,Denmark,San Marino,15,,,,,,,,
2024,semi-final-2,Denmark,Switzerland,5,,,,,,,,
2024,semi-final-2,Estonia,Albania,15,,,,,,,,
2024,semi-final-2,Estonia,Armenia,7,,,,,,,,
2024,semi-final-2,Estonia,Austria,8,,,,,,,,
2024,semi-final-2,Estonia,Belgium,11,,,,,,,,
2024,semi-final-2,Estonia,Czechia,9,,,,,,,,
2024,semi-final-2,Estonia,Denmark,6,,,,,,,,
2024,semi-final-2,Estonia,Georgia,10,,,,,,,,
2024,semi-final-2,Estonia,Greece,12,,,,,,,,
2024,semi-final-2,Estonia,Israel,3,,,,,,,,
2024,semi-final-2,Estonia,Latvia,1,,,,,,,,
2024,semi-final-2,Estonia,Malta,14,,,,,,,,
2024,semi-final-2,Estonia,Netherlands,2,,,,,,,,
2024,semi-final-2,Estonia,Norway,5,,,,,,,,
2024,semi-final-2,Estonia,San Marino,13,,,,,,,,
2024,semi-final-2,Estonia,Switzerland,4,,,,,,,,
2024,semi-final-2,France,Albania,15,,,,,,,,
2024,semi-final-2,France,Armenia,2,,,,,,,,
2024,semi-final-2,France,Austria,11,,,,,,,,
2024,semi-final-2,France,Belgium,6,,,,,,,,
2024,semi-final-2,France,Czechia,14,,,,,,,,
2024,semi-final-2,France,Denmark,13,,,,,,,,
2024,semi-final-2,France,Estonia,9,,,,,,,,
2024,semi-final-2,France,Georgia,5,,,,,,,,
2024,semi-final-2,France,Greece,7,,,,,,,,
2024,semi-final-2,France,Israel,1,,,,,,,,
2024,semi-final-2,France,Latvia,12,,,,,,,,
2024,semi-final-2,France,Malta,10,,,,,,,,
2024,semi-final-2,France,Netherlands,4,,,,,,,,
2024,semi-final-2,France,Norway,8,,,,,,,,
2024,semi-final-2,France,San Marino,16,,,,,,,,
2024,semi-final-2,France,Switzerland,3,,,,,,,,
2024,semi-final-2,Georgia,Albania,15,,,,,,,,
2024,semi-final-2,Georgia,Armenia,1,,,,,,,,
2024,semi-final-2,Georgia,Austria,10,,,,,,,,
2024,semi-final-2,Georgia,Belgium,9,,,,,,,,
2024,semi-final-2,Georgia,Czechia,7,,,,,,,,
2024,semi-final-2,Georgia,Denmark,14,,,,,,,,
2024,semi-final-2,Georgia,Estonia,11,,,,,,,,
2024,semi-final-2,Georgia,Greece,5,,,,,,,,
2024,semi-final-2,Georgia,Israel,2,,,,,,,,
2024,semi-final-2,Georgia,Latvia,4,,,,,,,,
2024,semi-final-2,Georgia,Malta,13,,,,,,,,
2024,semi-final-2,Georgia,Netherlands,3,,,,,,,,
2024,semi-final-2,Georgia,Norway,12,,,,,,,,
2024,semi-final-2,Georgia,San Marino,8,,,,,,,,
2024,semi-final-2,Georgia,Switzerland,6,,,,,,,,
2024,semi-final-2,Greece,Albania,6,,,,,,,,
2024,semi-final-2,Greece,Armenia,3,,,,,,,,
2024,semi-final-2,Greece,Austria,7,,,,,,,,
2024,semi-final-2,Greece,Belgium,10,,,,,,,,
2024,semi-final-2,Greece,Czechia,12,,,,,,,,
2024,semi-final-2,Greece,Denmark,11,,,,,,,,
2024,semi-final-2,Greece,Estonia,9,,,,,,,,
2024,semi-final-2,Greece,Georgia,5,,,,,,,,
2024,semi-final-2,Greece,Israel,2,,,,,,,,
2024,semi-final-2,Greece,Latvia,13,,,,,,,,
2024,semi-final-2,Greece,Malta,8,,,,,,,,
2024,semi-final-2,Greece,Netherlands,1,,,,,,,,
2024,semi-final-2,Greece,Norway,14,,,,,,,,
2024,semi-final-2,Greece,San Marino,15,,,,,,,,
2024,semi-final-2,Greece,Switzerland,4,,,,,,,,
2024,semi-final-2,Israel,Albania,15,,,,,,,,
2024,semi-final-2,Israel,Armenia,1,,,,,,,,
2024,semi-final-2,Israel,Austria,3,,,,,,,,
2024,semi-final-2,Israel,Belgium,9,,,,,,,,
2024,semi-final-2,Israel,Czechia,6,,,,,,,,
2024,semi-final-2,Israel,Denmark,10,,,,,,,,
2024,semi-final-2,Israel,Estonia,2,,,,,,,,
2024,semi-final-2,Israel,Georgia,5,,,,,,,,
2024,semi-final-2,Israel,Greece,8,,,,,,,,
2024,semi-final-2,Israel,Latvia,11,,,,,,,,
2024,semi-final-2,Israel,Malta,12,,,,,,,,
2024,semi-final-2,Israel,Netherlands,4,,,,,,,,
2024,semi-final-2,Israel,Norway,14,,,,,,,,
2024,semi-final-2,Israel,San Marino,13,,,,,,,,
2024,semi-final-2,Israel,Switzerland,7,,,,,,,,
2024,semi-final-2,Italy,Albania,7,,,,,,,,
2024,semi-final-2,Italy,Armenia,4,,,,,,,,
2024,semi-final-2,Italy,Austria,11,,,,,,,,
2024,semi-final-2,Italy,Belgium,16,,,,,,,,
2024,semi-final-2,Italy,Czechia,9,,,,,,,,
2024,semi-final-2,Italy,Denmark,14,,,,,,,,
2024,semi-final-2,Italy,Estonia,8,,,,,,,,
2024,semi-final-2,Italy,Georgia,6,,,,,,,,
2024,semi-final-2,Italy,Greece,5,,,,,,,,
2024,semi-final-2,Italy,Israel,1,,,,,,,,
2024,semi-final-2,Italy,Latvia,12,,,,,,,,
2024,semi-final-2,Italy,Malta,15,,,,,,,,
2024,semi-final-2,Italy,Netherlands,2,,,,,,,,
2024,semi-final-2,Italy,Norway,13,,,,,,,,
2024,semi-final-2,Italy,San Marino,10,,,,,,,,
2024,semi-final-2,Italy,Switzerland,3,,,,,,,,
2024,semi-final-2,Latvia,Albania,15,,,,,,,,
2024,semi-final-2,Latvia,Armenia,6,,,,,,,,
2024,semi-final-2,Latvia,Austria,9,,,,,,,,
2024,semi-final-2,Latvia,Belgium,10,,,,,,,,
2024,semi-final-2,Latvia,Czechia,8,,,,,,,,
2024,semi-final-2,Latvia,Denmark,7,,,,,,,,
2024,semi-final-2,Latvia,Estonia,1,,,,,,,,
2024,semi-final-2,Latvia,Georgia,11,,,,,,,,
2024,semi-final-2,Latvia,Greece,12,,,,,,,,
2024,semi-final-2,Latvia,Israel,2,,,,,,,,
2024,semi-final-2,Latvia,Malta,13,,,,,,,,
2024,semi-final-2,Latvia,Netherlands,3,,,,,,,,
2024,semi-final-2,Latvia,Norway,5,,,,,,,,
2024,semi-final-2,Latvia,San Marino,14,,,,,,,,
2024,semi-final-2,Latvia,Switzerland,4,,,,,,,,
2024,semi-final-2,Malta,Albania,13,,,,,,,,
2024,semi-final-2,Malta,Armenia,6,,,,,,,,
2024,semi-final-2,Malta,Austria,8,,,,,,,,
2024,semi-final-2,Malta,Belgium,12,,,,,,,,
2024,semi-final-2,Malta,Czechia,9,,,,,,,,
2024,semi-final-2,Malta,Denmark,10,,,,,,,,
2024,semi-final-2,Malta,Estonia,14,,,,,,,,
2024,semi-final-2,Malta,Georgia,7,,,,,,,,
2024,semi-final-2,Malta,Greece,5,,,,,,,,
2024,semi-final-2,Malta,Israel,2,,,,,,,,
2024,semi-final-2,Malta,Latvia,4,,,,,,,,
2024,semi-final-2,Malta,Netherlands,1,,,,,,,,
2024,semi-final-2,Malta,Norway,11,,,,,,,,
2024,semi-final-2,Malta,San Marino,15,,,,,,,,
2024,semi-final-2,Malta,Switzerland,3,,,,,,,,
2024,semi-final-2,Netherlands,Albania,15,,,,,,,,
2024,semi-final-2,Netherlands,Armenia,2,,,,,,,,
2024,semi-final-2,Netherlands,Austria,9,,,,,,,,
2024,semi-final-2,Netherlands,Belgium,6,,,,,,,,
2024,semi-final-2,Netherlands,Czechia,10,,,,,,,,
2024,semi-final-2,Netherlands,Denmark,11,,,,,,,,
2024,semi-final-2,Netherlands,Estonia,4,,,,,,,,
2024,semi-final-2,Netherlands,Georgia,12,,,,,,,,
2024,semi-final-2,Netherlands,Greece,5,,,,,,,,
2024,semi-final-2,Netherlands,Israel,1,,,,,,,,
2024,semi-final-2,Netherlands,Latvia,8,,,,,,,,
2024,semi-final-2,Netherlands,Malta,13,,,,,,,,
2024,semi-final-2,Netherlands,Norway,7,,,,,,,,
2024,semi-final-2,Netherlands,San Marino,14,,,,,,,,
2024,semi-final-2,Netherlands,Switzerland,3,,,,,,,,
2024,semi-final-2,Norway,Albania,13,,,,,,,,
2024,semi-final-2,Norway,Armenia,6,,,,,,,,
2024,semi-final-2,Norway,Austria,9,,,,,,,,
2024,semi-final-2,Norway,Belgium,11,,,,,,,,
2024,semi-final-2,Norway,Czechia,8,,,,,,,,
2024,semi-final-2,Norway,Denmark,2,,,,,,,,
2024,semi-final-2,Norway,Estonia,7,,,,,,,,
2024,semi-final-2,Norway,Georgia,12,,,,,,,,
2024,semi-final-2,Norway,Greece,10,,,,,,,,
2024,semi-final-2,Norway,Israel,1,,,,,,,,
2024,semi-final-2,Norway,Latvia,5,,,,,,,,
2024,semi-final-2,Norway,Malta,14,,,,,,,,
2024,semi-final-2,Norway,Netherlands,3,,,,,,,,
2024,semi-final-2,Norway,San Marino,15,,,,,,,,
2024,semi-final-2,Norway,Switzerland,4,,,,,,,,
2024,semi-final-2,San Marino,Albania,14,,,,,,,,
2024,semi-final-2,San Marino,Armenia,3,,,,,,,,
2024,semi-final-2,San Marino,Austria,8,,,,,,,,
2024,semi-final-2,San Marino,Belgium,12,,,,,,,,
2024,semi-final-2,San Marino,Czechia,9,,,,,,,,
2024,semi-final-2,San Marino,Denmark,13,,,,,,,,
2024,semi-final-2,San Marino,Estonia,11,,,,,,,,
2024,semi-final-2,San Marino,Georgia,5,,,,,,,,
2024,semi-final-2,San Marino,Greece,4,,,,,,,,
2024,semi-final-2,San Marino,Israel,1,,,,,,,,
2024,semi-final-2,San Marino,Latvia,7,,,,,,,,
2024,semi-final-2,San Marino,Malta,10,,,,,,,,
2024,semi-final-2,San Marino,Netherlands,2,,,,,,,,
2024,semi-final-2,San Marino,Norway,15,,,,,,,,
2024,semi-final-2,San Marino,Switzerland,6,,,,,,,,
2024,semi-final-2,Spain,Albania,16,,,,,,,,
2024,semi-final-2,Spain,Armenia,4,,,,,,,,
2024,semi-final-2,Spain,Austria,8,,,,,,,,
2024,semi-final-2,Spain,Belgium,12,,,,,,,,
2024,semi-final-2,Spain,Czechia,9,,,,,,,,
2024,semi-final-2,Spain,Denmark,15,,,,,,,,
2024,semi-final-2,Spain,Estonia,11,,,,,,,,
2024,semi-final-2,Spain,Georgia,10,,,,,,,,
2024,semi-final-2,Spain,Greece,6,,,,,,,,
2024,semi-final-2,Spain,Israel,1,,,,,,,,
2024,semi-final-2,Spain,Latvia,5,,,,,,,,
2024,semi-final-2,Spain,Malta,14,,,,,,,,
2024,semi-final-2,Spain,Netherlands,3,,,,,,,,
2024,semi-final-2,Spain,Norway,13,,,,,,,,
2024,semi-final-2,Spain,San Marino,2,,,,,,,,
2024,semi-final-2,Spain,Switzerland,7,,,,,,,,
2024,semi-final-2,Switzerland,Albania,8,,,,,,,,
2024,semi-final-2,Switzerland,Armenia,5,,,,,,,,
2024,semi-final-2,Switzerland,Austria,7,,,,,,,,
2024,semi-final-2,Switzerland,Belgium,12,,,,,,,,
2024,semi-final-2,Switzerland,Czechia,11,,,,,,,,
2024,semi-final-2,Switzerland,Denmark,9,,,,,,,,
2024,semi-final-2,Switzerland,Estonia,6,,,,,,,,
2024,semi-final-2,Switzerland,Georgia,13,,,,,,,,
2024,semi-final-2,Switzerland,Greece,3,,,,,,,,
2024,semi-final-2,Switzerland,Israel,1,,,,,,,,
2024,semi-final-2,Switzerland,Latvia,4,,,,,,,,
2024,semi-final-2,Switzerland,Malta,14,,,,,,,,
2024,semi-final-2,Switzerland,Netherlands,2,,,,,,,,
2024,semi-final-2,Switzerland,Norway,10,,,,,,,,
2024,semi-final-2,Switzerland,San Marino,15,,,,,,,,
2024,final,Albania,Armenia,10,3,3,4,5,5,1,,
2024,final,Albania,Austria,18,26,26,25,25,24,24,,
2024,final,Albania,Croatia,1,8,9,9,6,7,21,,
2024,final,Albania,Cyprus,6,24,16,24,24,20,19,,
2024,final,Albania,Estonia,23,15,22,7,19,19,16,,
2024,final,Albania,Finland,21,20,18,20,11,21,15,,
2024,final,Albania,France,5,13,15,13,17,14,4,,
2024,final,Albania,Georgia,13,18,10,14,16,18,22,,
2024,final,Albania,Germany,16,16,17,18,15,13,10,,
2024,final,Albania,Greece,7,4,2,5,12,8,3,,
2024,final,Albania,Ireland,11,12,21,19,13,3,17,,
2024,final,Albania,Israel,2,23,24,22,26,22,12,,
2024,final,Albania,Italy,3,2,6,3,3,1,2,,
2024,final,Albania,Latvia,24,22,13,16,21,23,18,,
2024,final,Albania,Lithuania,19,21,12,21,20,15,23,,
2024,final,Albania,Luxembourg,22,7,20,6,4,6,11,,
2024,final,Albania,Norway,15,5,19,11,2,4,6,,
2024,final,Albania,Portugal,20,6,4,2,10,10,13,,
2024,final,Albania,Serbia,9,10,7,8,9,9,14,,
2024,final,Albania,Slovenia,17,9,5,10,7,11,20,,
2024,final,Albania,Spain,14,25,23,23,18,26,25,,
2024,final,Albania,Sweden,12,19,14,12,23,12,26,,
2024,final,Albania,Switzerland,8,1,1,1,1,2,5,,
2024,final,Albania,Ukraine,4,14,11,17,22,16,9,,
2024,final,Albania,United Kingdom,25,11,8,15,8,25,7,,
2024,final,Armenia,Austria,12,11,5,10,11,13,10,,
2024,final,Armenia,Croatia,4,5,4,16,10,3,9,,
2024,final,Armenia,Cyprus,7,9,12,5,12,10,7,,
2024,final,Armenia,Estonia,16,20,15,17,23,18,18,,
2024,final,Armenia,Finland,21,18,24,24,19,8,22,,
2024,final,Armenia,France,1,1,1,1,1,2,1,,
2024,final,Armenia,Georgia,6,8,10,9,17,4,8,,
2024,final,Armenia,Germany,11,10,19,13,3,9,12,,
2024,final,Armenia,Greece,2,7,11,8,6,12,5,,
2024,final,Armenia,Ireland,9,25,23,25,25,25,25,,
2024,final,Armenia,Israel,10,15,25,7,22,24,11,,
2024,final,Armenia,Italy,5,3,2,2,7,6,2,,
2024,final,Armenia,Latvia,17,21,17,19,14,23,20,,
2024,final,Armenia,Lithuania,14,22,20,21,18,22,15,,
2024,final,Armenia,Luxembourg,13,14,7,15,15,17,16,,
2024,final,Armenia,Norway,20,16,9,18,16,14,17,,
2024,final,Armenia,Portugal,19,2,3,3,2,5,3,,
2024,final,Armenia,Serbia,24,6,6,6,8,16,6,,
2024,final,Armenia,Slovenia,22,19,14,14,20,21,19,,
2024,final,Armenia,Spain,18,24,22,22,21,20,24,,
2024,final,Armenia,Sweden,15,12,16,11,5,11,13,,
2024,final,Armenia,Switzerland,3,4,8,4,4,1,4,,
2024,final,Armenia,Ukraine,8,13,21,12,13,7,14,,
2024,final,Armenia,United Kingdom,23,17,13,23,9,15,21,,
2024,final,Australia,Armenia,10,14,14,5,9,14,21,,
2024,final,Australia,Austria,15,18,18,15,11,12,11,,
2024,final,Australia,Croatia,2,3,7,2,3,3,17,,
2024,final,Australia,Cyprus,6,5,3,13,10,4,15,,
2024,final,Australia,Estonia,13,21,26,8,18,23,25,,
2024,final,Australia,Finland,7,8,5,4,14,24,14,,
2024,final,Australia,France,9,26,13,24,22,25,20,,
2024,final,Australia,Georgia,24,12,16,16,21,2,22,,
2024,final,Australia,Germany,19,13,6,18,25,11,6,,
2024,final,Australia,Greece,8,16,25,23,6,10,12,,
2024,final,Australia,Ireland,3,1,2,1,2,1,3,,
2024,final,Australia,Israel,1,20,11,26,24,20,8,,
2024,final,Australia,Italy,14,4,20,11,7,6,2,,
2024,final,Australia,Latvia,21,25,23,12,23,21,24,,
2024,final,Australia,Lithuania,12,22,19,22,16,19,10,,
2024,final,Australia,Luxembourg,16,9,15,19,4,15,5,,
2024,final,Australia,Norway,18,17,21,10,26,7,23,,
2024,final,Australia,Portugal,23,15,10,14,13,5,19,,
2024,final,Australia,Serbia,22,19,12,25,15,9,16,,
2024,final,Australia,Slovenia,25,23,17,17,20,17,18,,
2024,final,Australia,Spain,11,24,22,21,19,22,13,,
2024,final,Australia,Sweden,20,6,8,6,8,18,4,,
2024,final,Australia,Switzerland,4,2,1,3,12,8,1,,
2024,final,Australia,Ukraine,5,10,4,9,17,16,9,,
2024,final,Australia,United Kingdom,17,7,9,7,5,13,7,,
2024,final,Austria,Armenia,8,5,6,10,4,3,20,,
2024,final,Austria,Croatia,1,3,2,4,19,7,5,,
2024,final,Austria,Cyprus,16,23,22,15,23,23,23,,
2024,final,Austria,Estonia,12,10,8,12,8,13,4,,
2024,final,Austria,Finland,11,15,15,17,9,24,6,,
2024,final,Austria,France,5,7,9,8,3,9,9,,
2024,final,Austria,Georgia,19,21,24,18,13,17,25,,
2024,final,Austria,Germany,7,13,11,20,15,4,12,,
2024,final,Austria,Greece,13,16,18,22,14,8,8,,
2024,final,Austria,Ireland,9,9,13,7,2,18,19,,
2024,final,Austria,Israel,2,18,10,16,10,16,18,,
2024,final,Austria,Italy,10,2,3,2,12,2,17,,
2024,final,Austria,Latvia,15,22,20,24,25,14,15,,
2024,final,Austria,Lithuania,18,14,14,5,17,11,16,,
2024,final,Austria,Luxembourg,20,19,23,21,11,12,14,,
2024,final,Austria,Norway,21,11,19,11,21,25,1,,
2024,final,Austria,Portugal,24,17,17,23,6,15,21,,
2024,final,Austria,Serbia,6,24,21,25,18,19,24,,
2024,final,Austria,Slovenia,22,25,25,19,22,21,22,,
2024,final,Austria,Spain,14,8,4,9,16,20,3,,
2024,final,Austria,Sweden,17,12,12,14,20,5,7,,
2024,final,Austria,Switzerland,3,1,1,1,1,1,2,,
2024,final,Austria,Ukraine,4,6,5,6,5,10,11,,
2024,final,Austria,United Kingdom,23,20,16,13,24,22,13,,
2024,final,Azerbaijan,Armenia,25,26,26,26,24,26,26,,
2024,final,Azerbaijan,Austria,21,20,9,20,20,14,16,,
2024,final,Azerbaijan,Croatia,1,7,24,13,1,4,17,,
2024,final,Azerbaijan,Cyprus,5,9,8,6,19,10,6,,
2024,final,Azerbaijan,Estonia,17,23,13,17,15,25,22,,
2024,final,Azerbaijan,Finland,20,25,20,18,18,22,20,,
2024,final,Azerbaijan,France,9,15,23,12,6,15,8,,
2024,final,Azerbaijan,Georgia,6,4,2,22,21,1,9,,
2024,final,Azerbaijan,Germany,14,16,4,16,13,24,14,,
2024,final,Azerbaijan,Greece,10,17,15,24,11,5,19,,
2024,final,Azerbaijan,Ireland,7,2,25,2,3,7,2,,
2024,final,Azerbaijan,Israel,4,12,5,14,23,11,7,,
2024,final,Azerbaijan,Italy,8,5,18,21,4,3,4,,
2024,final,Azerbaijan,Latvia,22,24,14,25,16,23,21,,
2024,final,Azerbaijan,Lithuania,11,21,11,15,12,21,23,,
2024,final,Azerbaijan,Luxembourg,15,3,1,9,14,2,13,,
2024,final,Azerbaijan,Norway,12,14,17,10,10,18,5,,
2024,final,Azerbaijan,Portugal,24,11,7,11,8,12,10,,
2024,final,Azerbaijan,Serbia,18,19,19,7,17,13,11,,
2024,final,Azerbaijan,Slovenia,23,8,22,3,22,17,3,,
2024,final,Azerbaijan,Spain,16,22,12,23,26,9,25,,
2024,final,Azerbaijan,Sweden,13,6,3,4,5,19,12,,
2024,final,Azerbaijan,Switzerland,2,1,21,1,2,16,1,,
2024,final,Azerbaijan,Ukraine,3,10,10,8,7,8,15,,
2024,final,Azerbaijan,United Kingdom,19,13,16,5,25,6,18,,
2024,final,Belgium,Armenia,6,12,13,8,10,6,15,,
2024,final,Belgium,Austria,14,13,7,11,12,23,9,,
2024,final,Belgium,Croatia,3,18,9,25,20,24,24,,
2024,final,Belgium,Cyprus,18,24,25,16,23,19,23,,
2024,final,Belgium,Estonia,16,26,26,26,25,25,25,,
2024,final,Belgium,Finland,15,15,14,21,7,22,21,,
2024,final,Belgium,France,2,1,1,1,3,1,1,,
2024,final,Belgium,Georgia,22,20,20,14,19,21,17,,
2024,final,Belgium,Germany,20,3,6,4,8,3,3,,
2024,final,Belgium,Greece,7,19,16,19,15,17,20,,
2024,final,Belgium,Ireland,9,7,12,15,1,7,26,,
2024,final,Belgium,Israel,1,6,8,3,13,5,6,,
2024,final,Belgium,Italy,8,4,4,5,6,11,4,,
2024,final,Belgium,Latvia,13,16,18,13,24,18,12,,
2024,final,Belgium,Lithuania,11,23,23,20,22,15,19,,
2024,final,Belgium,Luxembourg,10,14,11,12,16,13,13,,
2024,final,Belgium,Norway,21,25,22,22,21,20,18,,
2024,final,Belgium,Portugal,19,9,10,7,14,10,5,,
2024,final,Belgium,Serbia,24,17,24,17,17,12,16,,
2024,final,Belgium,Slovenia,25,22,21,18,18,16,22,,
2024,final,Belgium,Spain,12,21,15,24,26,26,14,,
2024,final,Belgium,Sweden,17,8,17,9,4,9,7,,
2024,final,Belgium,Switzerland,5,2,2,2,2,2,2,,
2024,final,Belgium,Ukraine,4,11,19,6,11,8,10,,
2024,final,Belgium,United Kingdom,23,5,5,10,5,4,8,,
2024,final,Croatia,Armenia,8,15,13,16,20,9,16,,
2024,final,Croatia,Austria,14,18,11,14,14,23,18,,
2024,final,Croatia,Cyprus,16,10,12,4,15,14,9,,
2024,final,Croatia,Estonia,7,24,25,24,22,18,20,,
2024,final,Croatia,Finland,13,23,23,17,24,19,21,,
2024,final,Croatia,France,5,7,10,7,3,7,11,,
2024,final,Croatia,Georgia,22,21,24,13,21,25,19,,
2024,final,Croatia,Germany,19,19,14,20,16,20,13,,
2024,final,Croatia,Greece,11,16,19,11,18,15,12,,
2024,final,Croatia,Ireland,6,3,4,3,17,2,1,,
2024,final,Croatia,Israel,15,12,15,9,9,12,15,,
2024,final,Croatia,Italy,4,5,8,8,5,6,7,,
2024,final,Croatia,Latvia,21,20,21,15,13,24,14,,
2024,final,Croatia,Lithuania,12,17,16,22,8,16,23,,
2024,final,Croatia,Luxembourg,18,6,5,10,10,5,6,,
2024,final,Croatia,Norway,20,22,22,19,23,22,17,,
2024,final,Croatia,Portugal,23,1,2,2,2,1,3,,
2024,final,Croatia,Serbia,1,8,7,18,11,4,5,,
2024,final,Croatia,Slovenia,2,2,1,1,12,3,2,,
2024,final,Croatia,Spain,17,13,18,23,7,8,24,,
2024,final,Croatia,Sweden,9,9,17,5,4,13,10,,
2024,final,Croatia,Switzerland,10,11,9,12,6,21,8,,
2024,final,Croatia,Ukraine,3,4,3,6,1,11,4,,
2024,final,Croatia,United Kingdom,24,25,20,25,25,17,25,,
2024,final,Cyprus,Armenia,7,15,16,22,14,19,8,,
2024,final,Cyprus,Austria,16,16,13,15,20,9,21,,
2024,final,Cyprus,Croatia,6,1,1,1,1,3,2,,
2024,final,Cyprus,Estonia,21,22,24,14,16,25,22,,
2024,final,Cyprus,Finland,19,11,11,7,24,23,23,,
2024,final,Cyprus,France,4,2,2,3,2,4,1,,
2024,final,Cyprus,Georgia,12,19,19,12,23,22,13,,
2024,final,Cyprus,Germany,18,18,17,20,17,15,9,,
2024,final,Cyprus,Greece,1,4,5,5,7,1,3,,
2024,final,Cyprus,Ireland,9,25,21,18,25,21,25,,
2024,final,Cyprus,Israel,2,3,3,2,3,5,7,,
2024,final,Cyprus,Italy,8,8,9,9,8,8,4,,
2024,final,Cyprus,Latvia,14,20,14,24,13,20,24,,
2024,final,Cyprus,Lithuania,11,17,20,19,11,13,12,,
2024,final,Cyprus,Luxembourg,13,7,4,11,4,10,14,,
2024,final,Cyprus,Norway,22,23,22,25,19,17,15,,
2024,final,Cyprus,Portugal,23,21,25,23,12,18,17,,
2024,final,Cyprus,Serbia,17,6,6,8,5,14,6,,
2024,final,Cyprus,Slovenia,24,24,23,13,22,24,20,,
2024,final,Cyprus,Spain,15,12,15,10,15,12,19,,
2024,final,Cyprus,Sweden,10,9,12,4,18,6,16,,
2024,final,Cyprus,Switzerland,5,5,7,6,6,2,5,,
2024,final,Cyprus,Ukraine,3,10,8,17,10,7,10,,
2024,final,Cyprus,United Kingdom,20,13,18,21,9,11,18,,
2024,final,Czechia,Armenia,6,5,5,7,5,15,3,,
2024,final,Czechia,Austria,18,26,24,25,26,26,26,,
2024,final,Czechia,Croatia,3,9,15,15,17,1,14,,
2024,final,Czechia,Cyprus,23,17,8,24,23,19,21,,
2024,final,Czechia,Estonia,14,12,14,12,7,8,16,,
2024,final,Czechia,Finland,13,25,21,19,20,24,20,,
2024,final,Czechia,France,7,7,7,9,8,5,9,,
2024,final,Czechia,Georgia,24,20,23,23,21,10,23,,
2024,final,Czechia,Germany,17,6,6,17,6,4,7,,
2024,final,Czechia,Greece,9,11,13,6,13,18,6,,
2024,final,Czechia,Ireland,5,4,2,2,2,7,11,,
2024,final,Czechia,Israel,2,16,16,18,14,11,13,,
2024,final,Czechia,Italy,11,13,22,5,11,21,18,,
2024,final,Czechia,Latvia,15,14,12,13,15,9,17,,
2024,final,Czechia,Lithuania,10,15,26,10,16,14,12,,
2024,final,Czechia,Luxembourg,12,22,25,20,12,23,22,,
2024,final,Czechia,Norway,20,10,9,11,10,13,5,,
2024,final,Czechia,Portugal,25,8,10,8,4,20,8,,
2024,final,Czechia,Serbia,16,23,18,22,18,16,19,,
2024,final,Czechia,Slovenia,22,24,17,26,22,17,25,,
2024,final,Czechia,Spain,21,21,20,21,24,12,24,,
2024,final,Czechia,Sweden,8,3,1,4,3,6,4,,
2024,final,Czechia,Switzerland,4,2,3,1,9,3,2,,
2024,final,Czechia,Ukraine,1,1,4,3,1,2,1,,
2024,final,Czechia,United Kingdom,19,18,11,16,19,22,15,,
2024,final,Denmark,Armenia,13,9,19,8,12,14,3,,
2024,final,Denmark,Austria,17,21,12,16,8,22,21,,
2024,final,Denmark,Croatia,1,4,2,5,7,9,16,,
2024,final,Denmark,Cyprus,15,25,13,17,14,24,24,,
2024,final,Denmark,Estonia,16,20,25,26,5,26,22,,
2024,final,Denmark,Finland,9,13,15,23,3,23,15,,
2024,final,Denmark,France,4,2,4,13,1,5,9,,
2024,final,Denmark,Georgia,23,17,21,18,24,17,5,,
2024,final,Denmark,Germany,14,19,16,20,17,6,23,,
2024,final,Denmark,Greece,18,12,5,6,26,18,19,,
2024,final,Denmark,Ireland,8,5,17,4,25,8,2,,
2024,final,Denmark,Israel,3,22,24,15,23,16,7,,
2024,final,Denmark,Italy,12,16,9,7,16,12,18,,
2024,final,Denmark,Latvia,7,8,20,12,22,1,14,,
2024,final,Denmark,Lithuania,10,26,14,14,18,21,26,,
2024,final,Denmark,Luxembourg,20,11,7,9,9,25,8,,
2024,final,Denmark,Norway,11,14,22,21,13,7,6,,
2024,final,Denmark,Portugal,24,23,10,19,20,13,17,,
2024,final,Denmark,Serbia,22,10,23,2,15,20,13,,
2024,final,Denmark,Slovenia,25,24,26,24,21,10,11,,
2024,final,Denmark,Spain,19,18,8,25,19,15,10,,
2024,final,Denmark,Sweden,5,7,6,3,10,11,20,,
2024,final,Denmark,Switzerland,6,1,1,1,4,2,1,,
2024,final,Denmark,Ukraine,2,6,11,11,11,3,4,,
2024,final,Denmark,United Kingdom,21,15,18,10,6,19,12,,
2024,final,Estonia,Armenia,12,12,23,4,23,14,11,,
2024,final,Estonia,Austria,13,19,16,14,21,25,8,,
2024,final,Estonia,Croatia,2,3,6,1,9,4,10,,
2024,final,Estonia,Cyprus,17,22,19,18,24,10,18,,
2024,final,Estonia,Finland,3,15,12,17,7,13,23,,
2024,final,Estonia,France,6,4,13,5,1,15,3,,
2024,final,Estonia,Georgia,21,20,17,15,11,22,12,,
2024,final,Estonia,Germany,16,7,9,12,5,6,15,,
2024,final,Estonia,Greece,19,18,24,11,12,23,9,,
2024,final,Estonia,Ireland,9,16,25,21,16,5,21,,
2024,final,Estonia,Israel,5,6,5,19,6,2,13,,
2024,final,Estonia,Italy,15,8,10,9,20,8,4,,
2024,final,Estonia,Latvia,8,10,11,10,3,18,20,,
2024,final,Estonia,Lithuania,7,9,8,6,22,12,6,,
2024,final,Estonia,Luxembourg,20,23,21,20,18,16,14,,
2024,final,Estonia,Norway,11,13,15,8,15,21,7,,
2024,final,Estonia,Portugal,22,21,20,25,8,17,17,,
2024,final,Estonia,Serbia,23,14,7,24,19,7,16,,
2024,final,Estonia,Slovenia,24,24,18,23,13,19,19,,
2024,final,Estonia,Spain,14,17,14,7,14,20,22,,
2024,final,Estonia,Sweden,10,5,3,2,17,9,5,,
2024,final,Estonia,Switzerland,4,1,1,3,2,1,1,,
2024,final,Estonia,Ukraine,1,2,2,13,4,3,2,,
2024,final,Estonia,United Kingdom,18,11,4,22,10,11,24,,
2024,final,Finland,Armenia,14,15,7,8,22,15,22,,
2024,final,Finland,Austria,9,16,23,20,18,9,9,,
2024,final,Finland,Croatia,2,2,6,6,4,1,1,,
2024,final,Finland,Cyprus,18,17,21,15,12,14,13,,
2024,final,Finland,Estonia,4,19,12,24,9,22,25,,
2024,final,Finland,France,7,6,3,5,7,8,17,,
2024,final,Finland,Georgia,24,23,22,17,16,20,20,,
2024,final,Finland,Germany,16,8,16,9,8,5,10,,
2024,final,Finland,Greece,19,18,15,13,20,18,11,,
2024,final,Finland,Ireland,6,5,1,3,15,10,2,,
2024,final,Finland,Israel,1,25,25,25,19,24,24,,
2024,final,Finland,Italy,15,11,5,14,13,12,12,,
2024,final,Finland,Latvia,13,22,17,22,17,17,21,,
2024,final,Finland,Lithuania,12,20,20,16,11,23,14,,
2024,final,Finland,Luxembourg,20,7,10,10,21,2,19,,
2024,final,Finland,Norway,10,9,8,19,6,7,15,,
2024,final,Finland,Portugal,22,21,18,11,24,16,18,,
2024,final,Finland,Serbia,23,24,14,23,25,21,23,,
2024,final,Finland,Slovenia,21,14,19,7,23,19,7,,
2024,final,Finland,Spain,8,10,24,21,5,13,6,,
2024,final,Finland,Sweden,11,4,9,4,2,3,4,,
2024,final,Finland,Switzerland,3,1,2,1,1,11,3,,
2024,final,Finland,Ukraine,5,3,4,2,3,4,8,,
2024,final,Finland,United Kingdom,17,13,13,12,14,6,16,,
2024,final,France,Armenia,2,5,13,6,4,5,2,,
2024,final,France,Austria,13,15,4,14,19,20,22,,
2024,final,France,Croatia,4,9,15,15,10,10,3,,
2024,final,France,Cyprus,21,20,14,13,18,24,18,,
2024,final,France,Estonia,19,24,25,22,22,21,25,,
2024,final,France,Finland,18,25,23,25,24,25,20,,
2024,final,France,Georgia,14,16,6,16,12,19,23,,
2024,final,France,Germany,16,3,1,4,7,2,15,,
2024,final,France,Greece,10,7,8,3,11,12,6,,
2024,final,France,Ireland,11,18,12,20,17,14,21,,
2024,final,France,Israel,1,8,17,2,16,11,5,,
2024,final,France,Italy,7,12,16,8,9,8,9,,
2024,final,France,Latvia,15,19,20,17,20,16,12,,
2024,final,France,Lithuania,12,10,9,5,8,15,14,,
2024,final,France,Luxembourg,8,4,7,12,2,1,8,,
2024,final,France,Norway,17,13,22,18,6,6,11,,
2024,final,France,Portugal,6,1,2,1,5,4,7,,
2024,final,France,Serbia,20,23,21,23,23,22,24,,
2024,final,France,Slovenia,24,22,24,24,25,18,19,,
2024,final,France,Spain,9,17,19,11,13,13,13,,
2024,final,France,Sweden,22,11,3,10,14,17,16,,
2024,final,France,Switzerland,5,6,11,9,3,3,4,,
2024,final,France,Ukraine,3,2,5,19,1,7,1,,
2024,final,France,United Kingdom,23,21,18,21,21,23,17,,
2024,final,Georgia,Armenia,2,5,4,2,6,3,5,,
2024,final,Georgia,Austria,18,13,19,12,17,9,15,,
2024,final,Georgia,Croatia,6,10,11,17,11,10,10,,
2024,final,Georgia,Cyprus,16,16,18,13,13,11,16,,
2024,final,Georgia,Estonia,17,22,14,21,19,22,22,,
2024,final,Georgia,Finland,13,21,13,23,14,19,24,,
2024,final,Georgia,France,5,2,3,4,5,2,1,,
2024,final,Georgia,Germany,21,9,8,10,9,16,6,,
2024,final,Georgia,Greece,9,11,9,8,20,20,11,,
2024,final,Georgia,Ireland,7,25,21,25,25,25,25,,
2024,final,Georgia,Israel,3,8,23,14,4,8,8,,
2024,final,Georgia,Italy,8,4,5,3,3,4,4,,
2024,final,Georgia,Latvia,10,3,24,5,1,1,2,,
2024,final,Georgia,Lithuania,11,24,22,16,22,24,18,,
2024,final,Georgia,Luxembourg,20,15,16,9,24,17,12,,
2024,final,Georgia,Norway,15,19,10,22,23,15,19,,
2024,final,Georgia,Portugal,23,7,6,7,10,6,9,,
2024,final,Georgia,Serbia,24,14,25,18,7,14,23,,
2024,final,Georgia,Slovenia,12,17,20,15,12,12,14,,
2024,final,Georgia,Spain,14,20,12,19,16,23,20,,
2024,final,Georgia,Sweden,19,12,7,11,18,18,17,,
2024,final,Georgia,Switzerland,4,1,2,1,2,5,3,,
2024,final,Georgia,Ukraine,1,6,1,6,8,7,7,,
2024,final,Georgia,United Kingdom,22,23,17,24,15,21,21,,
2024,final,Germany,Armenia,7,4,13,17,10,1,4,,
2024,final,Germany,Austria,11,22,15,14,17,24,19,,
2024,final,Germany,Croatia,2,5,7,1,14,10,9,,
2024,final,Germany,Cyprus,17,16,6,9,11,18,22,,
2024,final,Germany,Estonia,13,25,24,23,19,22,25,,
2024,final,Germany,Finland,12,14,5,5,25,19,24,,
2024,final,Germany,France,5,2,9,4,6,2,6,,
2024,final,Germany,Georgia,19,21,21,13,20,13,21,,
2024,final,Germany,Greece,6,18,10,18,18,14,18,,
2024,final,Germany,Ireland,10,12,25,8,23,25,1,,
2024,final,Germany,Israel,1,3,3,2,5,20,11,,
2024,final,Germany,Italy,8,9,16,19,1,5,14,,
2024,final,Germany,Latvia,16,17,8,24,13,16,13,,
2024,final,Germany,Lithuania,9,10,14,7,3,8,8,,
2024,final,Germany,Luxembourg,20,8,4,12,7,4,15,,
2024,final,Germany,Norway,22,20,19,20,21,21,10,,
2024,final,Germany,Portugal,21,11,12,15,8,3,5,,
2024,final,Germany,Serbia,14,19,20,22,16,11,12,,
2024,final,Germany,Slovenia,24,23,23,25,15,17,17,,
2024,final,Germany,Spain,15,24,22,16,24,23,20,,
2024,final,Germany,Sweden,18,1,1,10,2,7,7,,
2024,final,Germany,Switzerland,4,6,17,6,9,6,3,,
2024,final,Germany,Ukraine,3,7,18,11,4,12,2,,
2024,final,Germany,United Kingdom,23,13,2,21,12,9,16,,
2024,final,Greece,Armenia,6,7,7,6,17,6,8,,
2024,final,Greece,Austria,13,17,21,19,14,10,15,,
2024,final,Greece,Croatia,5,14,12,9,10,15,12,,
2024,final,Greece,Cyprus,1,2,1,18,1,2,2,,
2024,final,Greece,Estonia,15,19,20,24,22,11,18,,
2024,final,Greece,Finland,17,23,24,12,21,23,25,,
2024,final,Greece,France,2,4,2,3,3,7,5,,
2024,final,Greece,Georgia,11,21,23,15,16,19,17,,
2024,final,Greece,Germany,21,6,10,13,6,4,10,,
2024,final,Greece,Ireland,9,25,25,23,23,24,24,,
2024,final,Greece,Israel,4,22,17,14,25,18,23,,
2024,final,Greece,Italy,7,3,4,4,4,5,1,,
2024,final,Greece,Latvia,16,13,11,7,13,25,11,,
2024,final,Greece,Lithuania,18,18,16,21,15,14,20,,
2024,final,Greece,Luxembourg,14,8,6,10,12,8,7,,
2024,final,Greece,Norway,20,16,9,20,19,13,14,,
2024,final,Greece,Portugal,22,5,5,8,7,3,3,,
2024,final,Greece,Serbia,19,11,18,5,8,17,13,,
2024,final,Greece,Slovenia,24,20,13,17,18,21,22,,
2024,final,Greece,Spain,12,24,22,25,20,22,19,,
2024,final,Greece,Sweden,10,10,8,16,9,9,9,,
2024,final,Greece,Switzerland,3,1,3,2,2,1,4,,
2024,final,Greece,Ukraine,8,9,19,1,24,20,16,,
2024,final,Greece,United Kingdom,23,15,14,22,5,16,21,,
2024,final,Iceland,Armenia,14,6,13,20,2,21,1,,
2024,final,Iceland,Austria,13,17,24,11,22,25,7,,
2024,final,Iceland,Croatia,1,2,9,1,1,6,6,,
2024,final,Iceland,Cyprus,15,15,14,8,20,20,11,,
2024,final,Iceland,Estonia,17,26,26,24,26,24,26,,
2024,final,Iceland,Finland,10,12,10,9,4,11,24,,
2024,final,Iceland,France,2,1,1,2,3,1,3,,
2024,final,Iceland,Georgia,22,21,21,22,16,14,19,,
2024,final,Iceland,Germany,9,9,4,6,7,12,22,,
2024,final,Iceland,Greece,21,19,15,25,23,10,18,,
2024,final,Iceland,Ireland,8,4,3,10,5,4,8,,
2024,final,Iceland,Israel,3,25,16,26,24,23,23,,
2024,final,Iceland,Italy,16,11,12,13,18,16,2,,
2024,final,Iceland,Latvia,12,22,25,16,25,26,14,,
2024,final,Iceland,Lithuania,7,18,20,12,14,17,17,,
2024,final,Iceland,Luxembourg,20,13,11,18,8,8,10,,
2024,final,Iceland,Norway,11,14,18,19,17,13,5,,
2024,final,Iceland,Portugal,24,7,6,15,11,5,4,,
2024,final,Iceland,Serbia,23,23,22,23,19,15,21,,
2024,final,Iceland,Slovenia,25,24,23,21,21,22,15,,
2024,final,Iceland,Spain,19,20,19,17,15,18,16,,
2024,final,Iceland,Sweden,4,10,7,5,12,9,13,,
2024,final,Iceland,Switzerland,5,5,2,14,10,2,9,,
2024,final,Iceland,Ukraine,6,8,8,4,6,7,20,,
2024,final,Iceland,United Kingdom,18,3,5,3,9,3,12,,
2024,final,Ireland,Armenia,11,24,21,20,22,12,21,,
2024,final,Ireland,Austria,15,11,3,10,17,19,20,,
2024,final,Ireland,Croatia,1,4,17,1,16,2,10,,
2024,final,Ireland,Cyprus,16,14,10,4,18,16,22,,
2024,final,Ireland,Estonia,12,22,24,24,23,22,8,,
2024,final,Ireland,Finland,8,25,16,25,25,21,25,,
2024,final,Ireland,France,7,8,4,17,7,6,14,,
2024,final,Ireland,Georgia,22,23,15,19,21,15,13,,
2024,final,Ireland,Germany,18,5,7,6,1,23,6,,
2024,final,Ireland,Greece,13,21,20,22,10,18,16,,
2024,final,Ireland,Israel,2,16,25,18,5,24,23,,
2024,final,Ireland,Italy,10,17,18,7,24,17,12,,
2024,final,Ireland,Latvia,6,20,19,13,12,25,15,,
2024,final,Ireland,Lithuania,4,13,12,11,20,13,5,,
2024,final,Ireland,Luxembourg,17,3,11,2,11,4,4,,
2024,final,Ireland,Norway,20,19,14,23,13,9,17,,
2024,final,Ireland,Portugal,19,6,5,14,9,5,3,,
2024,final,Ireland,Serbia,23,10,22,15,3,10,18,,
2024,final,Ireland,Slovenia,24,15,23,21,4,11,24,,
2024,final,Ireland,Spain,9,18,13,16,19,20,7,,
2024,final,Ireland,Sweden,21,2,2,3,2,3,9,,
2024,final,Ireland,Switzerland,5,1,1,5,15,1,1,,
2024,final,Ireland,Ukraine,3,9,9,9,8,7,11,,
2024,final,Ireland,United Kingdom,14,7,6,12,6,14,2,,
2024,final,Israel,Armenia,5,20,23,14,11,19,18,,
2024,final,Israel,Austria,8,4,4,4,5,9,5,,
2024,final,Israel,Croatia,6,7,1,6,7,18,23,,
2024,final,Israel,Cyprus,10,11,8,18,9,12,10,,
2024,final,Israel,Estonia,12,19,20,24,23,24,8,,
2024,final,Israel,Finland,14,21,22,10,14,23,22,,
2024,final,Israel,France,9,10,12,23,19,5,9,,
2024,final,Israel,Georgia,7,9,18,16,8,8,3,,
2024,final,Israel,Germany,3,2,3,5,3,2,2,,
2024,final,Israel,Greece,21,22,24,12,13,17,21,,
2024,final,Israel,Ireland,19,17,21,13,12,14,24,,
2024,final,Israel,Italy,4,5,6,2,10,6,7,,
2024,final,Israel,Latvia,13,15,10,17,21,11,13,,
2024,final,Israel,Lithuania,17,18,11,20,22,15,15,,
2024,final,Israel,Luxembourg,1,1,5,1,2,1,1,,
2024,final,Israel,Norway,18,25,25,25,25,20,20,,
2024,final,Israel,Portugal,23,8,15,19,4,4,14,,
2024,final,Israel,Serbia,20,23,16,22,20,13,16,,
2024,final,Israel,Slovenia,22,24,17,21,24,22,25,,
2024,final,Israel,Spain,15,13,13,15,15,25,6,,
2024,final,Israel,Sweden,16,12,9,11,17,10,17,,
2024,final,Israel,Switzerland,11,6,7,7,6,3,12,,
2024,final,Israel,Ukraine,2,3,2,3,1,7,4,,
2024,final,Israel,United Kingdom,24,14,19,8,16,21,11,,
2024,final,Italy,Armenia,7,9,11,21,6,8,5,,
2024,final,Italy,Austria,15,7,6,19,3,10,8,,
2024,final,Italy,Croatia,3,4,4,6,4,12,2,,
2024,final,Italy,Cyprus,16,23,18,18,17,21,21,,
2024,final,Italy,Estonia,12,10,5,22,9,6,11,,
2024,final,Italy,Finland,11,21,14,20,16,23,14,,
2024,final,Italy,France,5,11,7,12,10,11,10,,
2024,final,Italy,Georgia,6,13,12,7,20,9,23,,
2024,final,Italy,Germany,14,8,20,4,12,14,4,,
2024,final,Italy,Greece,9,14,13,15,8,24,9,,
2024,final,Italy,Ireland,8,3,3,13,2,4,7,,
2024,final,Italy,Israel,1,22,25,11,23,25,25,,
2024,final,Italy,Latvia,18,19,23,14,13,13,19,,
2024,final,Italy,Lithuania,13,24,22,16,22,17,20,,
2024,final,Italy,Luxembourg,19,20,16,17,14,16,16,,
2024,final,Italy,Norway,20,16,24,24,25,7,18,,
2024,final,Italy,Portugal,24,15,17,9,19,19,15,,
2024,final,Italy,Serbia,17,17,8,23,24,18,22,,
2024,final,Italy,Slovenia,22,25,19,25,21,20,24,,
2024,final,Italy,Spain,10,5,10,3,7,2,6,,
2024,final,Italy,Sweden,21,6,9,2,5,5,12,,
2024,final,Italy,Switzerland,4,1,1,1,1,1,1,,
2024,final,Italy,Ukraine,2,12,15,5,18,15,13,,
2024,final,Italy,United Kingdom,23,18,21,10,15,22,17,,
2024,final,Latvia,Armenia,9,4,3,4,10,3,6,,
2024,final,Latvia,Austria,15,21,20,21,14,22,21,,
2024,final,Latvia,Croatia,6,5,5,15,2,11,8,,
2024,final,Latvia,Cyprus,19,25,21,23,20,25,22,,
2024,final,Latvia,Estonia,1,12,7,8,15,12,10,,
2024,final,Latvia,Finland,10,19,16,19,21,17,17,,
2024,final,Latvia,France,5,2,2,2,6,4,2,,
2024,final,Latvia,Georgia,21,17,15,14,13,21,18,,
2024,final,Latvia,Germany,13,7,10,11,7,5,7,,
2024,final,Latvia,Greece,17,20,19,16,18,19,23,,
2024,final,Latvia,Ireland,8,18,23,25,25,10,14,,
2024,final,Latvia,Israel,4,10,12,13,4,14,9,,
2024,final,Latvia,Italy,11,14,11,6,12,20,16,,
2024,final,Latvia,Lithuania,3,13,8,7,22,9,15,,
2024,final,Latvia,Luxembourg,18,16,18,18,24,6,19,,
2024,final,Latvia,Norway,12,15,17,20,5,15,13,,
2024,final,Latvia,Portugal,22,11,13,9,8,7,12,,
2024,final,Latvia,Serbia,23,24,22,24,17,24,25,,
2024,final,Latvia,Slovenia,24,23,24,22,16,23,24,,
2024,final,Latvia,Spain,16,22,25,17,23,18,20,,
2024,final,Latvia,Sweden,14,6,9,10,3,16,4,,
2024,final,Latvia,Switzerland,7,1,1,3,1,1,1,,
2024,final,Latvia,Ukraine,2,3,4,1,11,2,5,,
2024,final,Latvia,United Kingdom,20,9,14,12,9,13,3,,
2024,final,Lithuania,Armenia,12,11,16,11,16,7,8,,
2024,final,Lithuania,Austria,19,25,19,23,15,24,24,,
2024,final,Lithuania,Croatia,2,2,7,3,2,5,3,,
2024,final,Lithuania,Cyprus,15,20,15,15,17,12,22,,
2024,final,Lithuania,Estonia,5,24,24,18,19,17,16,,
2024,final,Lithuania,Finland,11,21,22,24,25,14,12,,
2024,final,Lithuania,France,4,4,2,2,8,8,5,,
2024,final,Lithuania,Georgia,21,23,13,22,18,25,17,,
2024,final,Lithuania,Germany,14,10,10,7,11,9,21,,
2024,final,Lithuania,Greece,18,22,21,12,20,18,20,,
2024,final,Lithuania,Ireland,6,8,4,10,13,6,7,,
2024,final,Lithuania,Israel,8,7,6,14,1,16,14,,
2024,final,Lithuania,Italy,9,17,20,9,23,22,11,,
2024,final,Lithuania,Latvia,7,15,11,21,7,21,25,,
2024,final,Lithuania,Luxembourg,20,12,12,8,14,10,23,,
2024,final,Lithuania,Norway,17,9,5,17,3,15,15,,
2024,final,Lithuania,Portugal,23,3,3,5,4,3,6,,
2024,final,Lithuania,Serbia,24,18,14,16,9,23,18,,
2024,final,Lithuania,Slovenia,22,14,8,13,10,19,19,,
2024,final,Lithuania,Spain,13,13,25,20,24,20,4,,
2024,final,Lithuania,Sweden,10,6,17,6,12,1,13,,
2024,final,Lithuania,Switzerland,3,1,1,1,6,2,1,,
2024,final,Lithuania,Ukraine,1,5,9,4,5,4,2,,
2024,final,Lithuania,United Kingdom,16,19,18,25,21,13,10,,
2024,final,Luxembourg,Armenia,14,10,10,3,7,21,15,,
2024,final,Luxembourg,Austria,20,19,18,4,16,14,24,,
2024,final,Luxembourg,Croatia,2,6,15,10,15,1,10,,
2024,final,Luxembourg,Cyprus,18,5,5,16,11,4,7,,
2024,final,Luxembourg,Estonia,13,24,25,23,10,24,18,,
2024,final,Luxembourg,Finland,15,14,6,5,20,16,23,,
2024,final,Luxembourg,France,3,3,3,8,14,19,3,,
2024,final,Luxembourg,Georgia,24,20,16,21,25,5,21,,
2024,final,Luxembourg,Germany,10,8,19,18,6,3,9,,
2024,final,Luxembourg,Greece,6,21,23,7,19,22,17,,
2024,final,Luxembourg,Ireland,11,13,24,25,4,6,12,,
2024,final,Luxembourg,Israel,1,18,11,20,23,9,6,,
2024,final,Luxembourg,Italy,8,17,21,9,9,7,16,,
2024,final,Luxembourg,Latvia,12,4,4,24,18,10,2,,
2024,final,Luxembourg,Lithuania,7,16,9,6,12,13,20,,
2024,final,Luxembourg,Norway,22,15,22,22,17,8,4,,
2024,final,Luxembourg,Portugal,5,9,14,14,2,15,8,,
2024,final,Luxembourg,Serbia,16,12,7,11,5,18,11,,
2024,final,Luxembourg,Slovenia,23,23,20,17,13,17,14,,
2024,final,Luxembourg,Spain,17,22,8,15,24,25,19,,
2024,final,Luxembourg,Sweden,19,11,13,13,21,2,13,,
2024,final,Luxembourg,Switzerland,9,1,2,2,1,20,1,,
2024,final,Luxembourg,Ukraine,4,7,17,12,3,12,5,,
2024,final,Luxembourg,United Kingdom,21,25,12,19,22,23,22,,
2024,final,Malta,Armenia,15,14,10,10,17,10,19,,
2024,final,Malta,Austria,14,15,15,11,10,14,13,,
2024,final,Malta,Croatia,2,2,7,4,3,6,3,,
2024,final,Malta,Cyprus,20,23,17,20,23,13,24,,
2024,final,Malta,Estonia,21,25,24,26,24,20,15,,
2024,final,Malta,Finland,18,24,14,24,25,24,14,,
2024,final,Malta,France,4,5,16,3,5,3,5,,
2024,final,Malta,Georgia,13,9,8,7,9,8,12,,
2024,final,Malta,Germany,22,12,4,18,22,17,17,,
2024,final,Malta,Greece,9,19,21,21,19,9,26,,
2024,final,Malta,Ireland,7,4,12,5,2,2,6,,
2024,final,Malta,Israel,6,8,5,8,26,5,16,,
2024,final,Malta,Italy,3,3,2,2,6,4,20,,
2024,final,Malta,Latvia,11,6,6,6,14,26,1,,
2024,final,Malta,Lithuania,12,22,19,15,15,18,23,,
2024,final,Malta,Luxembourg,19,7,3,12,4,11,9,,
2024,final,Malta,Norway,23,18,13,22,20,25,10,,
2024,final,Malta,Portugal,24,11,9,9,16,7,18,,
2024,final,Malta,Serbia,8,20,23,23,18,15,11,,
2024,final,Malta,Slovenia,25,26,26,25,21,23,22,,
2024,final,Malta,Spain,16,16,25,16,12,19,8,,
2024,final,Malta,Sweden,10,17,20,13,11,16,21,,
2024,final,Malta,Switzerland,5,1,1,1,1,1,2,,
2024,final,Malta,Ukraine,1,13,18,17,8,22,7,,
2024,final,Malta,United Kingdom,17,21,22,19,13,12,25,,
2024,final,Moldova,Armenia,10,15,24,26,6,15,10,,
2024,final,Moldova,Austria,19,24,17,17,25,22,19,,
2024,final,Moldova,Croatia,4,3,3,1,24,7,3,,
2024,final,Moldova,Cyprus,18,12,8,23,8,9,18,,
2024,final,Moldova,Estonia,15,23,16,16,18,25,25,,
2024,final,Moldova,Finland,16,25,25,13,23,24,26,,
2024,final,Moldova,France,5,5,11,2,14,6,1,,
2024,final,Moldova,Georgia,17,20,18,18,15,16,20,,
2024,final,Moldova,Germany,11,14,6,11,21,17,11,,
2024,final,Moldova,Greece,8,13,23,15,9,8,9,,
2024,final,Moldova,Ireland,9,21,22,25,16,14,16,,
2024,final,Moldova,Israel,2,8,15,7,4,4,8,,
2024,final,Moldova,Italy,7,2,9,3,1,2,12,,
2024,final,Moldova,Latvia,20,18,21,12,26,18,15,,
2024,final,Moldova,Lithuania,14,6,2,20,10,5,4,,
2024,final,Moldova,Luxembourg,13,9,5,9,5,13,14,,
2024,final,Moldova,Norway,12,16,13,6,17,21,17,,
2024,final,Moldova,Portugal,25,7,10,21,2,11,2,,
2024,final,Moldova,Serbia,21,22,20,22,22,19,13,,
2024,final,Moldova,Slovenia,24,19,19,24,11,20,21,,
2024,final,Moldova,Spain,22,26,26,19,19,23,24,,
2024,final,Moldova,Sweden,3,11,14,10,12,12,7,,
2024,final,Moldova,Switzerland,6,4,7,5,7,1,5,,
2024,final,Moldova,Ukraine,1,1,1,4,3,3,6,,
2024,final,Moldova,United Kingdom,23,17,12,8,13,26,23,,
2024,final,Netherlands,Armenia,8,8,10,11,3,10,11,,
2024,final,Netherlands,Austria,16,13,7,7,10,24,24,,
2024,final,Netherlands,Croatia,2,4,4,2,13,12,10,,
2024,final,Netherlands,Cyprus,21,20,14,8,23,19,23,,
2024,final,Netherlands,Estonia,14,15,24,3,24,22,19,,
2024,final,Netherlands,Finland,13,22,18,10,15,25,18,,
2024,final,Netherlands,France,6,2,2,1,2,2,3,,
2024,final,Netherlands,Georgia,24,19,21,9,14,20,15,,
2024,final,Netherlands,Germany,18,6,19,17,7,4,4,,
2024,final,Netherlands,Greece,7,16,5,19,16,13,21,,
2024,final,Netherlands,Ireland,5,17,11,24,17,6,25,,
2024,final,Netherlands,Israel,1,18,17,14,12,17,9,,
2024,final,Netherlands,Italy,9,5,3,13,4,9,14,,
2024,final,Netherlands,Latvia,11,10,23,12,9,8,7,,
2024,final,Netherlands,Lithuania,10,7,9,15,11,5,5,,
2024,final,Netherlands,Luxembourg,20,14,20,16,8,16,6,,
2024,final,Netherlands,Norway,12,24,13,20,25,23,13,,
2024,final,Netherlands,Portugal,17,3,12,21,20,3,1,,
2024,final,Netherlands,Serbia,22,21,25,23,22,7,20,,
2024,final,Netherlands,Slovenia,25,23,22,22,21,11,12,,
2024,final,Netherlands,Spain,15,11,16,5,18,18,8,,
2024,final,Netherlands,Sweden,19,12,8,18,5,21,16,,
2024,final,Netherlands,Switzerland,4,1,1,4,1,1,2,,
2024,final,Netherlands,Ukraine,3,9,6,6,6,15,17,,
2024,final,Netherlands,United Kingdom,23,25,15,25,19,14,22,,
2024,final,Norway,Armenia,12,4,11,2,2,8,9,,
2024,final,Norway,Austria,16,15,24,19,7,10,19,,
2024,final,Norway,Croatia,1,13,8,5,22,15,22,,
2024,final,Norway,Cyprus,17,23,23,17,18,21,14,,
2024,final,Norway,Estonia,14,18,13,14,10,22,24,,
2024,final,Norway,Finland,10,25,22,22,24,25,23,,
2024,final,Norway,France,4,2,4,8,1,1,10,,
2024,final,Norway,Georgia,22,10,9,15,23,3,12,,
2024,final,Norway,Germany,15,5,6,4,3,12,8,,
2024,final,Norway,Greece,18,9,18,10,14,6,4,,
2024,final,Norway,Ireland,7,20,25,25,11,24,16,,
2024,final,Norway,Israel,6,3,2,3,6,23,2,,
2024,final,Norway,Italy,11,6,15,7,17,2,3,,
2024,final,Norway,Latvia,9,11,7,9,20,18,5,,
2024,final,Norway,Lithuania,8,21,17,18,25,13,20,,
2024,final,Norway,Luxembourg,20,16,14,11,12,19,11,,
2024,final,Norway,Portugal,23,12,21,16,15,4,7,,
2024,final,Norway,Serbia,19,22,20,13,21,20,18,,
2024,final,Norway,Slovenia,24,19,16,20,19,16,15,,
2024,final,Norway,Spain,13,17,12,23,13,9,21,,
2024,final,Norway,Sweden,2,8,5,12,8,5,13,,
2024,final,Norway,Switzerland,5,1,1,1,4,7,1,,
2024,final,Norway,Ukraine,3,7,3,6,9,14,6,,
2024,final,Norway,United Kingdom,21,24,19,24,16,17,17,,
2024,final,Poland,Armenia,11,24,23,24,20,19,16,,
2024,final,Poland,Austria,16,22,20,12,22,22,23,,
2024,final,Poland,Croatia,2,3,2,1,10,10,6,,
2024,final,Poland,Cyprus,20,15,18,14,14,7,14,,
2024,final,Poland,Estonia,13,26,24,22,24,24,22,,
2024,final,Poland,Finland,10,25,26,15,26,25,26,,
2024,final,Poland,France,4,8,3,11,6,21,9,,
2024,final,Poland,Georgia,22,21,22,13,19,17,19,,
2024,final,Poland,Germany,14,7,19,7,4,8,5,,
2024,final,Poland,Greece,17,20,11,17,18,23,15,,
2024,final,Poland,Ireland,5,11,7,21,5,18,11,,
2024,final,Poland,Israel,6,19,25,18,21,26,8,,
2024,final,Poland,Italy,7,4,4,3,11,4,4,,
2024,final,Poland,Latvia,18,9,17,8,15,2,18,,
2024,final,Poland,Lithuania,8,13,8,19,9,15,7,,
2024,final,Poland,Luxembourg,21,14,16,20,12,6,17,,
2024,final,Poland,Norway,12,18,13,16,17,11,20,,
2024,final,Poland,Portugal,25,5,6,23,3,9,3,,
2024,final,Poland,Serbia,24,17,15,26,13,13,13,,
2024,final,Poland,Slovenia,23,23,21,25,16,14,24,,
2024,final,Poland,Spain,15,16,9,10,23,20,25,,
2024,final,Poland,Sweden,9,6,10,5,7,3,12,,
2024,final,Poland,Switzerland,3,1,1,4,1,1,1,,
2024,final,Poland,Ukraine,1,2,5,6,2,5,2,,
2024,final,Poland,United Kingdom,19,12,12,9,8,12,10,,
2024,final,Portugal,Armenia,9,3,3,2,1,3,3,,
2024,final,Portugal,Austria,21,25,24,24,22,20,24,,
2024,final,Portugal,Croatia,4,20,8,19,24,23,21,,
2024,final,Portugal,Cyprus,10,12,19,21,14,6,11,,
2024,final,Portugal,Estonia,19,14,25,6,21,16,17,,
2024,final,Portugal,Finland,14,18,11,11,17,24,20,,
2024,final,Portugal,France,3,19,12,17,12,18,19,,
2024,final,Portugal,Georgia,23,24,23,20,23,19,23,,
2024,final,Portugal,Germany,20,9,14,13,9,10,7,,
2024,final,Portugal,Greece,13,22,16,23,20,17,25,,
2024,final,Portugal,Ireland,6,2,1,3,3,1,2,,
2024,final,Portugal,Israel,1,23,22,25,25,25,16,,
2024,final,Portugal,Italy,7,6,4,9,7,11,6,,
2024,final,Portugal,Latvia,16,15,21,22,13,8,15,,
2024,final,Portugal,Lithuania,12,4,6,5,4,9,4,,
2024,final,Portugal,Luxembourg,11,11,9,14,16,12,8,,
2024,final,Portugal,Norway,15,21,18,16,19,13,22,,
2024,final,Portugal,Serbia,22,10,13,15,10,15,5,,
2024,final,Portugal,Slovenia,24,16,20,18,15,14,9,,
2024,final,Portugal,Spain,8,13,17,7,11,21,13,,
2024,final,Portugal,Sweden,18,8,7,10,8,5,12,,
2024,final,Portugal,Switzerland,5,1,2,1,2,2,1,,
2024,final,Portugal,Ukraine,2,5,5,4,6,7,10,,
2024,final,Portugal,United Kingdom,17,7,15,8,5,4,14,,
2024,final,San Marino,Armenia,11,4,4,16,3,16,4,,
2024,final,San Marino,Austria,19,18,10,10,26,9,21,,
2024,final,San Marino,Croatia,3,13,24,7,25,4,12,,
2024,final,San Marino,Cyprus,7,9,17,4,15,7,14,,
2024,final,San Marino,Estonia,20,23,25,18,22,10,23,,
2024,final,San Marino,Finland,16,8,16,6,19,3,18,,
2024,final,San Marino,France,5,17,7,11,12,19,19,,
2024,final,San Marino,Georgia,15,25,18,13,24,25,22,,
2024,final,San Marino,Germany,23,11,22,3,7,20,25,,
2024,final,San Marino,Greece,4,19,6,23,14,17,17,,
2024,final,San Marino,Ireland,9,5,9,9,6,2,10,,
2024,final,San Marino,Israel,1,24,26,26,21,26,11,,
2024,final,San Marino,Italy,8,2,11,5,1,1,1,,
2024,final,San Marino,Latvia,12,20,15,20,13,13,13,,
2024,final,San Marino,Lithuania,10,14,8,15,16,23,5,,
2024,final,San Marino,Luxembourg,18,15,21,12,9,11,7,,
2024,final,San Marino,Norway,22,12,5,19,8,22,8,,
2024,final,San Marino,Portugal,24,7,19,21,2,21,6,,
2024,final,San Marino,Serbia,17,22,23,24,17,24,9,,
2024,final,San Marino,Slovenia,25,26,20,22,20,18,24,,
2024,final,San Marino,Spain,13,6,14,8,23,8,3,,
2024,final,San Marino,Sweden,14,10,3,14,11,14,16,,
2024,final,San Marino,Switzerland,6,1,1,1,4,6,2,,
2024,final,San Marino,Ukraine,2,16,13,25,5,12,26,,
2024,final,San Marino,United Kingdom,21,21,12,17,18,15,15,,
2024,final,Serbia,Armenia,10,14,9,15,15,15,7,,
2024,final,Serbia,Austria,12,23,24,21,19,23,21,,
2024,final,Serbia,Croatia,1,1,1,1,2,1,2,,
2024,final,Serbia,Cyprus,13,15,21,7,17,13,10,,
2024,final,Serbia,Estonia,15,22,22,22,24,24,16,,
2024,final,Serbia,Finland,17,19,12,20,12,16,19,,
2024,final,Serbia,France,2,3,5,3,9,18,1,,
2024,final,Serbia,Georgia,21,13,17,5,21,8,20,,
2024,final,Serbia,Germany,22,18,14,10,20,19,13,,
2024,final,Serbia,Greece,3,9,8,18,10,4,17,,
2024,final,Serbia,Ireland,4,10,6,25,6,9,15,,
2024,final,Serbia,Israel,8,24,16,23,25,25,25,,
2024,final,Serbia,Italy,7,5,4,11,11,5,5,,
2024,final,Serbia,Latvia,23,21,15,19,14,20,18,,
2024,final,Serbia,Lithuania,19,4,11,4,3,7,11,,
2024,final,Serbia,Luxembourg,16,17,23,8,23,21,12,,
2024,final,Serbia,Norway,18,20,18,14,16,12,23,,
2024,final,Serbia,Portugal,20,12,20,6,13,14,6,,
2024,final,Serbia,Slovenia,9,25,19,24,22,22,22,,
2024,final,Serbia,Spain,14,16,13,12,18,17,8,,
2024,final,Serbia,Sweden,6,7,3,9,7,11,14,,
2024,final,Serbia,Switzerland,5,2,2,2,1,2,4,,
2024,final,Serbia,Ukraine,11,11,25,16,4,6,24,,
2024,final,Serbia,United Kingdom,24,8,10,13,8,10,3,,
2024,final,Slovenia,Armenia,14,4,4,10,13,4,3,,
2024,final,Slovenia,Austria,12,23,20,24,17,22,21,,
2024,final,Slovenia,Croatia,1,5,12,1,5,10,12,,
2024,final,Slovenia,Cyprus,5,13,10,21,14,11,13,,
2024,final,Slovenia,Estonia,17,19,17,14,22,20,19,,
2024,final,Slovenia,Finland,15,20,13,23,24,19,18,,
2024,final,Slovenia,France,4,1,2,3,2,2,1,,
2024,final,Slovenia,Georgia,23,16,19,22,10,21,14,,
2024,final,Slovenia,Germany,20,17,14,20,18,14,15,,
2024,final,Slovenia,Greece,16,9,5,13,15,6,5,,
2024,final,Slovenia,Ireland,9,10,15,11,9,9,4,,
2024,final,Slovenia,Israel,2,18,18,18,12,18,17,,
2024,final,Slovenia,Italy,8,8,8,6,7,7,8,,
2024,final,Slovenia,Latvia,21,21,16,19,19,17,23,,
2024,final,Slovenia,Lithuania,11,14,23,7,20,15,22,,
2024,final,Slovenia,Luxembourg,18,6,9,9,4,5,7,,
2024,final,Slovenia,Norway,19,22,22,16,23,23,20,,
2024,final,Slovenia,Portugal,24,3,1,5,1,1,10,,
2024,final,Slovenia,Serbia,6,7,7,4,6,8,9,,
2024,final,Slovenia,Spain,13,25,24,25,25,24,25,,
2024,final,Slovenia,Sweden,10,12,11,12,8,12,11,,
2024,final,Slovenia,Switzerland,7,2,3,2,3,3,2,,
2024,final,Slovenia,Ukraine,3,15,21,15,11,16,16,,
2024,final,Slovenia,United Kingdom,22,24,25,17,21,25,24,,
2024,final,Spain,Armenia,8,18,18,9,20,7,22,,
2024,final,Spain,Austria,13,5,13,6,8,1,18,,
2024,final,Spain,Croatia,3,19,10,23,18,9,20,,
2024,final,Spain,Cyprus,20,12,11,8,9,6,23,,
2024,final,Spain,Estonia,21,24,25,22,25,24,15,,
2024,final,Spain,Finland,12,11,24,15,22,2,11,,
2024,final,Spain,France,6,4,2,13,4,22,4,,
2024,final,Spain,Georgia,17,17,17,18,6,16,12,,
2024,final,Spain,Germany,19,6,12,16,2,15,3,,
2024,final,Spain,Greece,9,21,22,12,17,14,17,,
2024,final,Spain,Ireland,4,2,4,3,11,4,2,,
2024,final,Spain,Israel,1,15,21,25,3,25,25,,
2024,final,Spain,Italy,7,10,6,10,10,8,10,,
2024,final,Spain,Latvia,15,7,7,17,1,19,7,,
2024,final,Spain,Lithuania,10,13,8,5,21,18,16,,
2024,final,Spain,Luxembourg,14,14,15,20,7,11,9,,
2024,final,Spain,Norway,22,25,23,21,24,17,24,,
2024,final,Spain,Portugal,11,8,3,7,14,21,6,,
2024,final,Spain,Serbia,23,20,14,14,15,20,14,,
2024,final,Spain,Slovenia,24,23,16,19,23,13,13,,
2024,final,Spain,Sweden,18,3,5,1,16,3,21,,
2024,final,Spain,Switzerland,5,1,1,2,5,5,1,,
2024,final,Spain,Ukraine,2,22,20,24,12,12,19,,
2024,final,Spain,United Kingdom,16,9,9,4,13,10,8,,
2024,final,Sweden,Armenia,9,14,20,5,16,12,9,,
2024,final,Sweden,Austria,17,10,2,19,11,15,13,,
2024,final,Sweden,Croatia,2,2,1,2,9,13,11,,
2024,final,Sweden,Cyprus,18,9,10,9,3,14,15,,
2024,final,Sweden,Estonia,15,25,24,22,25,25,23,,
2024,final,Sweden,Finland,6,11,11,12,8,6,12,,
2024,final,Sweden,France,5,6,13,8,20,5,1,,
2024,final,Sweden,Georgia,22,21,25,11,17,19,14,,
2024,final,Sweden,Germany,16,15,15,18,12,9,6,,
2024,final,Sweden,Greece,14,18,22,6,24,10,16,,
2024,final,Sweden,Ireland,7,12,17,4,7,20,21,,
2024,final,Sweden,Israel,1,16,16,17,14,7,7,,
2024,final,Sweden,Italy,10,4,12,7,10,2,3,,
2024,final,Sweden,Latvia,11,23,18,20,23,21,10,,
2024,final,Sweden,Lithuania,8,13,8,24,4,23,18,,
2024,final,Sweden,Luxembourg,21,5,9,14,5,4,4,,
2024,final,Sweden,Norway,12,20,14,13,13,22,20,,
2024,final,Sweden,Portugal,23,7,23,21,19,3,2,,
2024,final,Sweden,Serbia,19,24,19,23,22,18,19,,
2024,final,Sweden,Slovenia,24,22,21,10,21,16,25,,
2024,final,Sweden,Spain,13,19,7,15,18,11,22,,
2024,final,Sweden,Switzerland,4,1,6,1,1,1,5,,
2024,final,Sweden,Ukraine,3,8,3,16,6,8,17,,
2024,final,Sweden,United Kingdom,20,3,5,3,2,17,8,,
2024,final,Switzerland,Armenia,10,7,10,5,8,3,17,,
2024,final,Switzerland,Austria,12,24,15,24,24,17,15,,
2024,final,Switzerland,Croatia,2,3,14,2,3,10,3,,
2024,final,Switzerland,Cyprus,20,12,16,20,20,21,2,,
2024,final,Switzerland,Estonia,18,13,4,14,22,15,18,,
2024,final,Switzerland,Finland,16,21,19,6,25,20,24,,
2024,final,Switzerland,France,4,6,8,10,11,9,1,,
2024,final,Switzerland,Georgia,23,16,25,13,10,22,6,,
2024,final,Switzerland,Germany,8,14,20,17,14,24,4,,
2024,final,Switzerland,Greece,7,1,2,4,5,1,10,,
2024,final,Switzerland,Ireland,11,2,3,3,1,7,9,,
2024,final,Switzerland,Israel,1,22,21,25,13,25,8,,
2024,final,Switzerland,Italy,3,5,7,7,4,8,5,,
2024,final,Switzerland,Latvia,14,25,17,21,21,16,20,,
2024,final,Switzerland,Lithuania,15,18,24,15,15,6,21,,
2024,final,Switzerland,Luxembourg,17,20,12,23,7,19,23,,
2024,final,Switzerland,Norway,21,15,6,18,17,14,11,,
2024,final,Switzerland,Portugal,9,4,18,16,2,2,7,,
2024,final,Switzerland,Serbia,6,17,11,11,16,11,12,,
2024,final,Switzerland,Slovenia,24,23,13,22,19,18,13,,
2024,final,Switzerland,Spain,13,11,1,19,23,23,25,,
2024,final,Switzerland,Sweden,19,19,23,8,12,12,19,,
2024,final,Switzerland,Ukraine,5,10,9,12,9,4,16,,
2024,final,Switzerland,United Kingdom,22,9,5,9,6,13,14,,
2024,final,Ukraine,Armenia,10,15,9,18,16,16,19,,
2024,final,Ukraine,Austria,20,18,18,24,19,12,25,,
2024,final,Ukraine,Croatia,2,7,2,9,7,5,8,,
2024,final,Ukraine,Cyprus,18,14,14,22,13,9,23,,
2024,final,Ukraine,Estonia,7,25,24,21,22,19,17,,
2024,final,Ukraine,Finland,9,12,13,17,11,15,9,,
2024,final,Ukraine,France,5,5,11,5,2,10,4,,
2024,final,Ukraine,Georgia,19,23,19,23,20,21,16,,
2024,final,Ukraine,Germany,15,4,8,13,5,3,3,,
2024,final,Ukraine,Greece,21,20,17,25,18,22,15,,
2024,final,Ukraine,Ireland,3,2,6,1,3,2,5,,
2024,final,Ukraine,Israel,11,22,16,20,25,20,18,,
2024,final,Ukraine,Italy,12,9,4,4,8,11,14,,
2024,final,Ukraine,Latvia,6,11,15,8,15,13,10,,
2024,final,Ukraine,Lithuania,4,6,5,3,6,7,7,,
2024,final,Ukraine,Luxembourg,13,10,7,10,10,6,21,,
2024,final,Ukraine,Norway,8,16,23,14,14,23,12,,
2024,final,Ukraine,Portugal,22,8,3,7,9,8,6,,
2024,final,Ukraine,Serbia,24,17,22,16,21,24,11,,
2024,final,Ukraine,Slovenia,23,21,21,15,17,25,24,,
2024,final,Ukraine,Spain,17,19,25,12,23,18,20,,
2024,final,Ukraine,Sweden,16,3,10,6,4,4,2,,
2024,final,Ukraine,Switzerland,1,1,1,2,1,1,1,,
2024,final,Ukraine,United Kingdom,14,13,12,11,12,14,13,,
2024,final,United Kingdom,Armenia,14,17,12,9,20,15,14,,
2024,final,United Kingdom,Austria,15,16,18,8,22,9,19,,
2024,final,United Kingdom,Croatia,4,3,13,4,3,1,13,,
2024,final,United Kingdom,Cyprus,13,10,9,13,13,7,8,,
2024,final,United Kingdom,Estonia,16,23,24,18,25,16,21,,
2024,final,United Kingdom,Finland,8,22,23,14,19,13,23,,
2024,final,United Kingdom,France,9,20,17,25,16,10,25,,
2024,final,United Kingdom,Georgia,22,19,15,21,15,19,12,,
2024,final,United Kingdom,Germany,17,9,3,20,11,12,10,,
2024,final,United Kingdom,Greece,10,21,21,22,21,11,18,,
2024,final,United Kingdom,Ireland,2,4,8,1,12,4,15,,
2024,final,United Kingdom,Israel,1,15,6,23,17,24,9,,
2024,final,United Kingdom,Italy,12,6,4,7,7,18,4,,
2024,final,United Kingdom,Latvia,7,8,7,6,4,23,7,,
2024,final,United Kingdom,Lithuania,3,11,19,17,8,5,11,,
2024,final,United Kingdom,Luxembourg,19,7,5,15,6,8,5,,
2024,final,United Kingdom,Norway,20,25,20,24,23,25,22,,
2024,final,United Kingdom,Portugal,21,1,2,3,2,3,1,,
2024,final,United Kingdom,Serbia,23,18,14,16,10,17,17,,
2024,final,United Kingdom,Slovenia,24,14,16,12,5,14,16,,
2024,final,United Kingdom,Spain,11,24,22,19,24,22,20,,
2024,final,United Kingdom,Sweden,18,5,11,5,9,6,3,,
2024,final,United Kingdom,Switzerland,6,2,1,10,1,2,2,,
2024,final,United Kingdom,Ukraine,5,13,10,11,14,21,6,,
2025,semi-final-1,Albania,Azerbaijan,14,,,,,,,,
2025,semi-final-1,Albania,Belgium,13,,,,,,,,
2025,semi-final-1,Albania,Croatia,11,,,,,,,,
2025,semi-final-1,Albania,Cyprus,1,,,,,,,,
2025,semi-final-1,Albania,Estonia,3,,,,,,,,
2025,semi-final-1,Albania,Iceland,6,,,,,,,,
2025,semi-final-1,Albania,Netherlands,4,,,,,,,,
2025,semi-final-1,Albania,Norway,8,,,,,,,,
2025,semi-final-1,Albania,Poland,9,,,,,,,,
2025,semi-final-1,Albania,Portugal,12,,,,,,,,
2025,semi-final-1,Albania,San Marino,7,,,,,,,,
2025,semi-final-1,Albania,Slovenia,10,,,,,,,,
2025,semi-final-1,Albania,Sweden,5,,,,,,,,
2025,semi-final-1,Albania,Ukraine,2,,,,,,,,
2025,semi-final-1,Azerbaijan,Albania,5,,,,,,,,
2025,semi-final-1,Azerbaijan,Belgium,13,,,,,,,,
2025,semi-final-1,Azerbaijan,Croatia,14,,,,,,,,
2025,semi-final-1,Azerbaijan,Cyprus,1,,,,,,,,
2025,semi-final-1,Azerbaijan,Estonia,2,,,,,,,,
2025,semi-final-1,Azerbaijan,Iceland,12,,,,,,,,
2025,semi-final-1,Azerbaijan,Netherlands,8,,,,,,,,
2025,semi-final-1,Azerbaijan,Norway,3,,,,,,,,
2025,semi-final-1,Azerbaijan,Poland,10,,,,,,,,
2025,semi-final-1,Azerbaijan,Portugal,11,,,,,,,,
2025,semi-final-1,Azerbaijan,San Marino,6,,,,,,,,
2025,semi-final-1,Azerbaijan,Slovenia,9,,,,,,,,
2025,semi-final-1,Azerbaijan,Sweden,7,,,,,,,,
2025,semi-final-1,Azerbaijan,Ukraine,4,,,,,,,,
2025,semi-final-1,Belgium,Albania,4,,,,,,,,
2025,semi-final-1,Belgium,Azerbaijan,14,,,,,,,,
2025,semi-final-1,Belgium,Croatia,13,,,,,,,,
2025,semi-final-1,Belgium,Cyprus,11,,,,,,,,
2025,semi-final-1,Belgium,Estonia,7,,,,,,,,
2025,semi-final-1,Belgium,Iceland,6,,,,,,,,
2025,semi-final-1,Belgium,Netherlands,1,,,,,,,,
2025,semi-final-1,Belgium,Norway,9,,,,,,,,
2025,semi-final-1,Belgium,Poland,2,,,,,,,,
2025,semi-final-1,Belgium,Portugal,8,,,,,,,,
2025,semi-final-1,Belgium,San Marino,10,,,,,,,,
2025,semi-final-1,Belgium,Slovenia,12,,,,,,,,
2025,semi-final-1,Belgium,Sweden,3,,,,,,,,
2025,semi-final-1,Belgium,Ukraine,5,,,,,,,,
2025,semi-final-1,Croatia,Albania,2,,,,,,,,
2025,semi-final-1,Croatia,Azerbaijan,14,,,,,,,,
2025,semi-final-1,Croatia,Belgium,13,,,,,,,,
2025,semi-final-1,Croatia,Cyprus,11,,,,,,,,
2025,semi-final-1,Croatia,Estonia,1,,,,,,,,
2025,semi-final-1,Croatia,Iceland,4,,,,,,,,
2025,semi-final-1,Croatia,Netherlands,8,,,,,,,,
2025,semi-final-1,Croatia,Norway,6,,,,,,,,
2025,semi-final-1,Croatia,Poland,10,,,,,,,,
2025,semi-final-1,Croatia,Portugal,12,,,,,,,,
2025,semi-final-1,Croatia,San Marino,9,,,,,,,,
2025,semi-final-1,Croatia,Slovenia,5,,,,,,,,
2025,semi-final-1,Croatia,Sweden,3,,,,,,,,
2025,semi-final-1,Croatia,Ukraine,7,,,,,,,,
2025,semi-final-1,Cyprus,Albania,8,,,,,,,,
2025,semi-final-1,Cyprus,Azerbaijan,14,,,,,,,,
2025,semi-final-1,Cyprus,Belgium,13,,,,,,,,
2025,semi-final-1,Cyprus,Croatia,12,,,,,,,,
2025,semi-final-1,Cyprus,Estonia,3,,,,,,,,
2025,semi-final-1,Cyprus,Iceland,4,,,,,,,,
2025,semi-final-1,Cyprus,Netherlands,2,,,,,,,,
2025,semi-final-1,Cyprus,Norway,5,,,,,,,,
2025,semi-final-1,Cyprus,Poland,7,,,,,,,,
2025,semi-final-1,Cyprus,Portugal,11,,,,,,,,
2025,semi-final-1,Cyprus,San Marino,9,,,,,,,,
2025,semi-final-1,Cyprus,Slovenia,10,,,,,,,,
2025,semi-final-1,Cyprus,Sweden,6,,,,,,,,
2025,semi-final-1,Cyprus,Ukraine,1,,,,,,,,
2025,semi-final-1,Estonia,Albania,9,,,,,,,,
2025,semi-final-1,Estonia,Azerbaijan,11,,,,,,,,
2025,semi-final-1,Estonia,Belgium,10,,,,,,,,
2025,semi-final-1,Estonia,Croatia,12,,,,,,,,
2025,semi-final-1,Estonia,Cyprus,14,,,,,,,,
2025,semi-final-1,Estonia,Iceland,4,,,,,,,,
2025,semi-final-1,Estonia,Netherlands,2,,,,,,,,
2025,semi-final-1,Estonia,Norway,6,,,,,,,,
2025,semi-final-1,Estonia,Poland,13,,,,,,,,
2025,semi-final-1,Estonia,Portugal,5,,,,,,,,
2025,semi-final-1,Estonia,San Marino,7,,,,,,,,
2025,semi-final-1,Estonia,Slovenia,8,,,,,,,,
2025,semi-final-1,Estonia,Sweden,1,,,,,,,,
2025,semi-final-1,Estonia,Ukraine,3,,,,,,,,
2025,semi-final-1,Iceland,Albania,9,,,,,,,,
2025,semi-final-1,Iceland,Azerbaijan,14,,,,,,,,
2025,semi-final-1,Iceland,Belgium,6,,,,,,,,
2025,semi-final-1,Iceland,Croatia,12,,,,,,,,
2025,semi-final-1,Iceland,Cyprus,11,,,,,,,,
2025,semi-final-1,Iceland,Estonia,5,,,,,,,,
2025,semi-final-1,Iceland,Netherlands,3,,,,,,,,
2025,semi-final-1,Iceland,Norway,2,,,,,,,,
2025,semi-final-1,Iceland,Poland,4,,,,,,,,
2025,semi-final-1,Iceland,Portugal,10,,,,,,,,
2025,semi-final-1,Iceland,San Marino,8,,,,,,,,
2025,semi-final-1,Iceland,Slovenia,13,,,,,,,,
2025,semi-final-1,Iceland,Sweden,1,,,,,,,,
2025,semi-final-1,Iceland,Ukraine,7,,,,,,,,
2025,semi-final-1,Italy,Albania,2,,,,,,,,
2025,semi-final-1,Italy,Azerbaijan,15,,,,,,,,
2025,semi-final-1,Italy,Belgium,13,,,,,,,,
2025,semi-final-1,Italy,Croatia,12,,,,,,,,
2025,semi-final-1,Italy,Cyprus,14,,,,,,,,
2025,semi-final-1,Italy,Estonia,3,,,,,,,,
2025,semi-final-1,Italy,Iceland,7,,,,,,,,
2025,semi-final-1,Italy,Netherlands,6,,,,,,,,
2025,semi-final-1,Italy,Norway,9,,,,,,,,
2025,semi-final-1,Italy,Poland,8,,,,,,,,
2025,semi-final-1,Italy,Portugal,10,,,,,,,,
2025,semi-final-1,Italy,San Marino,1,,,,,,,,
2025,semi-final-1,Italy,Slovenia,11,,,,,,,,
2025,semi-final-1,Italy,Sweden,5,,,,,,,,
2025,semi-final-1,Italy,Ukraine,4,,,,,,,,
2025,semi-final-1,Netherlands,Albania,7,,,,,,,,
2025,semi-final-1,Netherlands,Azerbaijan,14,,,,,,,,
2025,semi-final-1,Netherlands,Belgium,6,,,,,,,,
2025,semi-final-1,Netherlands,Croatia,10,,,,,,,,
2025,semi-final-1,Netherlands,Cyprus,13,,,,,,,,
2025,semi-final-1,Netherlands,Estonia,5,,,,,,,,
2025,semi-final-1,Netherlands,Iceland,2,,,,,,,,
2025,semi-final-1,Netherlands,Norway,9,,,,,,,,
2025,semi-final-1,Netherlands,Poland,1,,,,,,,,
2025,semi-final-1,Netherlands,Portugal,8,,,,,,,,
2025,semi-final-1,Netherlands,San Marino,12,,,,,,,,
2025,semi-final-1,Netherlands,Slovenia,11,,,,,,,,
2025,semi-final-1,Netherlands,Sweden,4,,,,,,,,
2025,semi-final-1,Netherlands,Ukraine,3,,,,,,,,
2025,semi-final-1,Norway,Albania,7,,,,,,,,
2025,semi-final-1,Norway,Azerbaijan,14,,,,,,,,
2025,semi-final-1,Norway,Belgium,13,,,,,,,,
2025,semi-final-1,Norway,Croatia,11,,,,,,,,
2025,semi-final-1,Norway,Cyprus,12,,,,,,,,
2025,semi-final-1,Norway,Estonia,5,,,,,,,,
2025,semi-final-1,Norway,Iceland,3,,,,,,,,
2025,semi-final-1,Norway,Netherlands,2,,,,,,,,
2025,semi-final-1,Norway,Poland,4,,,,,,,,
2025,semi-final-1,Norway,Portugal,8,,,,,,,,
2025,semi-final-1,Norway,San Marino,9,,,,,,,,
2025,semi-final-1,Norway,Slovenia,10,,,,,,,,
2025,semi-final-1,Norway,Sweden,1,,,,,,,,
2025,semi-final-1,Norway,Ukraine,6,,,,,,,,
2025,semi-final-1,Poland,Albania,2,,,,,,,,
2025,semi-final-1,Poland,Azerbaijan,14,,,,,,,,
2025,semi-final-1,Poland,Belgium,11,,,,,,,,
2025,semi-final-1,Poland,Croatia,9,,,,,,,,
2025,semi-final-1,Poland,Cyprus,13,,,,,,,,
2025,semi-final-1,Poland,Estonia,3,,,,,,,,
2025,semi-final-1,Poland,Iceland,5,,,,,,,,
2025,semi-final-1,Poland,Netherlands,7,,,,,,,,
2025,semi-final-1,Poland,Norway,6,,,,,,,,
2025,semi-final-1,Poland,Portugal,8,,,,,,,,
2025,semi-final-1,Poland,San Marino,10,,,,,,,,
2025,semi-final-1,Poland,Slovenia,12,,,,,,,,
2025,semi-final-1,Poland,Sweden,4,,,,,,,,
2025,semi-final-1,Poland,Ukraine,1,,,,,,,,
2025,semi-final-1,Portugal,Albania,3,,,,,,,,
2025,semi-final-1,Portugal,Azerbaijan,13,,,,,,,,
2025,semi-final-1,Portugal,Belgium,12,,,,,,,,
2025,semi-final-1,Portugal,Croatia,14,,,,,,,,
2025,semi-final-1,Portugal,Cyprus,6,,,,,,,,
2025,semi-final-1,Portugal,Estonia,5,,,,,,,,
2025,semi-final-1,Portugal,Iceland,9,,,,,,,,
2025,semi-final-1,Portugal,Netherlands,2,,,,,,,,
2025,semi-final-1,Portugal,Norway,8,,,,,,,,
2025,semi-final-1,Portugal,Poland,7,,,,,,,,
2025,semi-final-1,Portugal,San Marino,10,,,,,,,,
2025,semi-final-1,Portugal,Slovenia,11,,,,,,,,
2025,semi-final-1,Portugal,Sweden,4,,,,,,,,
2025,semi-final-1,Portugal,Ukraine,1,,,,,,,,
2025,semi-final-1,San Marino,Albania,10,,,,,,,,
2025,semi-final-1,San Marino,Azerbaijan,4,,,,,,,,
2025,semi-final-1,San Marino,Belgium,1,,,,,,,,
2025,semi-final-1,San Marino,Croatia,9,,,,,,,,
2025,semi-final-1,San Marino,Cyprus,6,,,,,,,,
2025,semi-final-1,San Marino,Estonia,2,,,,,,,,
2025,semi-final-1,San Marino,Iceland,11,,,,,,,,
2025,semi-final-1,San Marino,Netherlands,8,,,,,,,,
2025,semi-final-1,San Marino,Norway,12,,,,,,,,
2025,semi-final-1,San Marino,Poland,14,,,,,,,,
2025,semi-final-1,San Marino,Portugal,7,,,,,,,,
2025,semi-final-1,San Marino,Slovenia,3,,,,,,,,
2025,semi-final-1,San Marino,Sweden,13,,,,,,,,
2025,semi-final-1,San Marino,Ukraine,5,,,,,,,,
2025,semi-final-1,Slovenia,Albania,4,,,,,,,,
2025,semi-final-1,Slovenia,Azerbaijan,14,,,,,,,,
2025,semi-final-1,Slovenia,Belgium,13,,,,,,,,
2025,semi-final-1,Slovenia,Croatia,1,,,,,,,,
2025,semi-final-1,Slovenia,Cyprus,2,,,,,,,,
2025,semi-final-1,Slovenia,Estonia,10,,,,,,,,
2025,semi-final-1,Slovenia,Iceland,6,,,,,,,,
2025,semi-final-1,Slovenia,Netherlands,5,,,,,,,,
2025,semi-final-1,Slovenia,Norway,9,,,,,,,,
2025,semi-final-1,Slovenia,Poland,12,,,,,,,,
2025,semi-final-1,Slovenia,Portugal,8,,,,,,,,
2025,semi-final-1,Slovenia,San Marino,11,,,,,,,,
2025,semi-final-1,Slovenia,Sweden,7,,,,,,,,
2025,semi-final-1,Slovenia,Ukraine,3,,,,,,,,
2025,semi-final-1,Spain,Albania,5,,,,,,,,
2025,semi-final-1,Spain,Azerbaijan,15,,,,,,,,
2025,semi-final-1,Spain,Belgium,11,,,,,,,,
2025,semi-final-1,Spain,Croatia,14,,,,,,,,
2025,semi-final-1,Spain,Cyprus,12,,,,,,,,
2025,semi-final-1,Spain,Estonia,7,,,,,,,,
2025,semi-final-1,Spain,Iceland,6,,,,,,,,
2025,semi-final-1,Spain,Netherlands,8,,,,,,,,
2025,semi-final-1,Spain,Norway,3,,,,,,,,
2025,semi-final-1,Spain,Poland,2,,,,,,,,
2025,semi-final-1,Spain,Portugal,4,,,,,,,,
2025,semi-final-1,Spain,San Marino,10,,,,,,,,
2025,semi-final-1,Spain,Slovenia,13,,,,,,,,
2025,semi-final-1,Spain,Sweden,9,,,,,,,,
2025,semi-final-1,Spain,Ukraine,1,,,,,,,,
2025,semi-final-1,Sweden,Albania,2,,,,,,,,
2025,semi-final-1,Sweden,Azerbaijan,14,,,,,,,,
2025,semi-final-1,Sweden,Belgium,11,,,,,,,,
2025,semi-final-1,Sweden,Croatia,10,,,,,,,,
2025,semi-final-1,Sweden,Cyprus,12,,,,,,,,
2025,semi-final-1,Sweden,Estonia,5,,,,,,,,
2025,semi-final-1,Sweden,Iceland,1,,,,,,,,
2025,semi-final-1,Sweden,Netherlands,3,,,,,,,,
2025,semi-final-1,Sweden,Norway,6,,,,,,,,
2025,semi-final-1,Sweden,Poland,4,,,,,,,,
2025,semi-final-1,Sweden,Portugal,9,,,,,,,,
2025,semi-final-1,Sweden,San Marino,8,,,,,,,,
2025,semi-final-1,Sweden,Slovenia,13,,,,,,,,
2025,semi-final-1,Sweden,Ukraine,7,,,,,,,,
2025,semi-final-1,Switzerland,Albania,2,,,,,,,,
2025,semi-final-1,Switzerland,Azerbaijan,14,,,,,,,,
2025,semi-final-1,Switzerland,Belgium,15,,,,,,,,
2025,semi-final-1,Switzerland,Croatia,12,,,,,,,,
2025,semi-final-1,Switzerland,Cyprus,13,,,,,,,,
2025,semi-final-1,Switzerland,Estonia,8,,,,,,,,
2025,semi-final-1,Switzerland,Iceland,7,,,,,,,,
2025,semi-final-1,Switzerland,Netherlands,1,,,,,,,,
2025,semi-final-1,Switzerland,Norway,10,,,,,,,,
2025,semi-final-1,Switzerland,Poland,5,,,,,,,,
2025,semi-final-1,Switzerland,Portugal,3,,,,,,,,
2025,semi-final-1,Switzerland,San Marino,6,,,,,,,,
2025,semi-final-1,Switzerland,Slovenia,11,,,,,,,,
2025,semi-final-1,Switzerland,Sweden,4,,,,,,,,
2025,semi-final-1,Switzerland,Ukraine,9,,,,,,,,
2025,semi-final-1,Ukraine,Albania,2,,,,,,,,
2025,semi-final-1,Ukraine,Azerbaijan,14,,,,,,,,
2025,semi-final-1,Ukraine,Belgium,11,,,,,,,,
2025,semi-final-1,Ukraine,Croatia,3,,,,,,,,
2025,semi-final-1,Ukraine,Cyprus,12,,,,,,,,
2025,semi-final-1,Ukraine,Estonia,8,,,,,,,,
2025,semi-final-1,Ukraine,Iceland,9,,,,,,,,
2025,semi-final-1,Ukraine,Netherlands,5,,,,,,,,
2025,semi-final-1,Ukraine,Norway,1,,,,,,,,
2025,semi-final-1,Ukraine,Poland,6,,,,,,,,
2025,semi-final-1,Ukraine,Portugal,4,,,,,,,,
2025,semi-final-1,Ukraine,San Marino,13,,,,,,,,
2025,semi-final-1,Ukraine,Slovenia,10,,,,,,,,
2025,semi-final-1,Ukraine,Sweden,7,,,,,,,,
2025,semi-final-2,Armenia,Australia,14,,,,,,,,
2025,semi-final-2,Armenia,Austria,3,,,,,,,,
2025,semi-final-2,Armenia,Czechia,14,,,,,,,,
2025,semi-final-2,Armenia,Denmark,8,,,,,,,,
2025,semi-final-2,Armenia,Finland,5,,,,,,,,
2025,semi-final-2,Armenia,Georgia,2,,,,,,,,
2025,semi-final-2,Armenia,Greece,1,,,,,,,,
2025,semi-final-2,Armenia,Ireland,11,,,,,,,,
2025,semi-final-2,Armenia,Israel,9,,,,,,,,
2025,semi-final-2,Armenia,Latvia,7,,,,,,,,
2025,semi-final-2,Armenia,Lithuania,10,,,,,,,,
2025,semi-final-2,Armenia,Luxembourg,13,,,,,,,,
2025,semi-final-2,Armenia,Malta,4,,,,,,,,
2025,semi-final-2,Armenia,Montenegro,12,,,,,,,,
2025,semi-final-2,Armenia,Serbia,15,,,,,,,,
2025,semi-final-2,Australia,Armenia,12,,,,,,,,
2025,semi-final-2,Australia,Austria,8,,,,,,,,
2025,semi-final-2,Australia,Czechia,tbc,,,,,,,,
2025,semi-final-2,Australia,Denmark,5,,,,,,,,
2025,semi-final-2,Australia,Finland,2,,,,,,,,
2025,semi-final-2,Australia,Georgia,13,,,,,,,,
2025,semi-final-2,Australia,Greece,6,,,,,,,,
2025,semi-final-2,Australia,Ireland,9,,,,,,,,
2025,semi-final-2,Australia,Israel,1,,,,,,,,
2025,semi-final-2,Australia,Latvia,4,,,,,,,,
2025,semi-final-2,Australia,Lithuania,10,,,,,,,,
2025,semi-final-2,Australia,Luxembourg,7,,,,,,,,
2025,semi-final-2,Australia,Malta,3,,,,,,,,
2025,semi-final-2,Australia,Montenegro,15,,,,,,,,
2025,semi-final-2,Australia,Serbia,14,,,,,,,,
2025,semi-final-2,Austria,Armenia,12,,,,,,,,
2025,semi-final-2,Austria,Australia,9,,,,,,,,
2025,semi-final-2,Austria,Czechia,9,,,,,,,,
2025,semi-final-2,Austria,Denmark,8,,,,,,,,
2025,semi-final-2,Austria,Finland,7,,,,,,,,
2025,semi-final-2,Austria,Georgia,14,,,,,,,,
2025,semi-final-2,Austria,Greece,4,,,,,,,,
2025,semi-final-2,Austria,Ireland,13,,,,,,,,
2025,semi-final-2,Austria,Israel,1,,,,,,,,
2025,semi-final-2,Austria,Latvia,3,,,,,,,,
2025,semi-final-2,Austria,Lithuania,11,,,,,,,,
2025,semi-final-2,Austria,Luxembourg,5,,,,,,,,
2025,semi-final-2,Austria,Malta,10,,,,,,,,
2025,semi-final-2,Austria,Montenegro,15,,,,,,,,
2025,semi-final-2,Austria,Serbia,2,,,,,,,,
2025,semi-final-2,Czechia,Armenia,8,,,,,,,,
2025,semi-final-2,Czechia,Australia,10,,,,,,,,
2025,semi-final-2,Czechia,Austria,5,,,,,,,,
2025,semi-final-2,Czechia,Denmark,6,,,,,,,,
2025,semi-final-2,Czechia,Finland,4,,,,,,,,
2025,semi-final-2,Czechia,Georgia,15,,,,,,,,
2025,semi-final-2,Czechia,Greece,7,,,,,,,,
2025,semi-final-2,Czechia,Ireland,12,,,,,,,,
2025,semi-final-2,Czechia,Israel,1,,,,,,,,
2025,semi-final-2,Czechia,Latvia,2,,,,,,,,
2025,semi-final-2,Czechia,Lithuania,3,,,,,,,,
2025,semi-final-2,Czechia,Luxembourg,11,,,,,,,,
2025,semi-final-2,Czechia,Malta,9,,,,,,,,
2025,semi-final-2,Czechia,Montenegro,13,,,,,,,,
2025,semi-final-2,Czechia,Serbia,14,,,,,,,,
2025,semi-final-2,Denmark,Armenia,11,,,,,,,,
2025,semi-final-2,Denmark,Australia,8,,,,,,,,
2025,semi-final-2,Denmark,Austria,4,,,,,,,,
2025,semi-final-2,Denmark,Czechia,8,,,,,,,,
2025,semi-final-2,Denmark,Finland,2,,,,,,,,
2025,semi-final-2,Denmark,Georgia,14,,,,,,,,
2025,semi-final-2,Denmark,Greece,7,,,,,,,,
2025,semi-final-2,Denmark,Ireland,9,,,,,,,,
2025,semi-final-2,Denmark,Israel,1,,,,,,,,
2025,semi-final-2,Denmark,Latvia,3,,,,,,,,
2025,semi-final-2,Denmark,Lithuania,5,,,,,,,,
2025,semi-final-2,Denmark,Luxembourg,6,,,,,,,,
2025,semi-final-2,Denmark,Malta,10,,,,,,,,
2025,semi-final-2,Denmark,Montenegro,15,,,,,,,,
2025,semi-final-2,Denmark,Serbia,13,,,,,,,,
2025,semi-final-2,Finland,Armenia,12,,,,,,,,
2025,semi-final-2,Finland,Australia,6,,,,,,,,
2025,semi-final-2,Finland,Austria,4,,,,,,,,
2025,semi-final-2,Finland,Czechia,6,,,,,,,,
2025,semi-final-2,Finland,Denmark,3,,,,,,,,
2025,semi-final-2,Finland,Georgia,13,,,,,,,,
2025,semi-final-2,Finland,Greece,10,,,,,,,,
2025,semi-final-2,Finland,Ireland,9,,,,,,,,
2025,semi-final-2,Finland,Israel,1,,,,,,,,
2025,semi-final-2,Finland,Latvia,2,,,,,,,,
2025,semi-final-2,Finland,Lithuania,5,,,,,,,,
2025,semi-final-2,Finland,Luxembourg,7,,,,,,,,
2025,semi-final-2,Finland,Malta,8,,,,,,,,
2025,semi-final-2,Finland,Montenegro,15,,,,,,,,
2025,semi-final-2,Finland,Serbia,14,,,,,,,,
2025,semi-final-2,France,Armenia,3,,,,,,,,
2025,semi-final-2,France,Australia,11,,,,,,,,
2025,semi-final-2,France,Austria,10,,,,,,,,
2025,semi-final-2,France,Czechia,11,,,,,,,,
2025,semi-final-2,France,Denmark,8,,,,,,,,
2025,semi-final-2,France,Finland,9,,,,,,,,
2025,semi-final-2,France,Georgia,15,,,,,,,,
2025,semi-final-2,France,Greece,4,,,,,,,,
2025,semi-final-2,France,Ireland,12,,,,,,,,
2025,semi-final-2,France,Israel,1,,,,,,,,
2025,semi-final-2,France,Latvia,5,,,,,,,,
2025,semi-final-2,France,Lithuania,6,,,,,,,,
2025,semi-final-2,France,Luxembourg,2,,,,,,,,
2025,semi-final-2,France,Malta,13,,,,,,,,
2025,semi-final-2,France,Montenegro,16,,,,,,,,
2025,semi-final-2,France,Serbia,7,,,,,,,,
2025,semi-final-2,Georgia,Armenia,1,,,,,,,,
2025,semi-final-2,Georgia,Australia,10,,,,,,,,
2025,semi-final-2,Georgia,Austria,5,,,,,,,,
2025,semi-final-2,Georgia,Czechia,10,,,,,,,,
2025,semi-final-2,Georgia,Denmark,11,,,,,,,,
2025,semi-final-2,Georgia,Finland,7,,,,,,,,
2025,semi-final-2,Georgia,Greece,6,,,,,,,,
2025,semi-final-2,Georgia,Ireland,13,,,,,,,,
2025,semi-final-2,Georgia,Israel,2,,,,,,,,
2025,semi-final-2,Georgia,Latvia,4,,,,,,,,
2025,semi-final-2,Georgia,Lithuania,3,,,,,,,,
2025,semi-final-2,Georgia,Luxembourg,12,,,,,,,,
2025,semi-final-2,Georgia,Malta,9,,,,,,,,
2025,semi-final-2,Georgia,Montenegro,15,,,,,,,,
2025,semi-final-2,Georgia,Serbia,14,,,,,,,,
2025,semi-final-2,Germany,Armenia,12,,,,,,,,
2025,semi-final-2,Germany,Australia,9,,,,,,,,
2025,semi-final-2,Germany,Austria,6,,,,,,,,
2025,semi-final-2,Germany,Czechia,9,,,,,,,,
2025,semi-final-2,Germany,Denmark,7,,,,,,,,
2025,semi-final-2,Germany,Finland,5,,,,,,,,
2025,semi-final-2,Germany,Georgia,15,,,,,,,,
2025,semi-final-2,Germany,Greece,2,,,,,,,,
2025,semi-final-2,Germany,Ireland,13,,,,,,,,
2025,semi-final-2,Germany,Israel,1,,,,,,,,
2025,semi-final-2,Germany,Latvia,3,,,,,,,,
2025,semi-final-2,Germany,Lithuania,4,,,,,,,,
2025,semi-final-2,Germany,Luxembourg,8,,,,,,,,
2025,semi-final-2,Germany,Malta,11,,,,,,,,
2025,semi-final-2,Germany,Montenegro,16,,,,,,,,
2025,semi-final-2,Germany,Serbia,10,,,,,,,,
2025,semi-final-2,Greece,Armenia,3,,,,,,,,
2025,semi-final-2,Greece,Australia,14,,,,,,,,
2025,semi-final-2,Greece,Austria,2,,,,,,,,
2025,semi-final-2,Greece,Czechia,14,,,,,,,,
2025,semi-final-2,Greece,Denmark,11,,,,,,,,
2025,semi-final-2,Greece,Finland,9,,,,,,,,
2025,semi-final-2,Greece,Georgia,6,,,,,,,,
2025,semi-final-2,Greece,Ireland,13,,,,,,,,
2025,semi-final-2,Greece,Israel,1,,,,,,,,
2025,semi-final-2,Greece,Latvia,8,,,,,,,,
2025,semi-final-2,Greece,Lithuania,7,,,,,,,,
2025,semi-final-2,Greece,Luxembourg,4,,,,,,,,
2025,semi-final-2,Greece,Malta,5,,,,,,,,
2025,semi-final-2,Greece,Montenegro,15,,,,,,,,
2025,semi-final-2,Greece,Serbia,10,,,,,,,,
2025,semi-final-2,Ireland,Armenia,11,,,,,,,,
2025,semi-final-2,Ireland,Australia,8,,,,,,,,
2025,semi-final-2,Ireland,Austria,5,,,,,,,,
2025,semi-final-2,Ireland,Czechia,8,,,,,,,,
2025,semi-final-2,Ireland,Denmark,6,,,,,,,,
2025,semi-final-2,Ireland,Finland,4,,,,,,,,
2025,semi-final-2,Ireland,Georgia,13,,,,,,,,
2025,semi-final-2,Ireland,Greece,10,,,,,,,,
2025,semi-final-2,Ireland,Israel,1,,,,,,,,
2025,semi-final-2,Ireland,Latvia,3,,,,,,,,
2025,semi-final-2,Ireland,Lithuania,2,,,,,,,,
2025,semi-final-2,Ireland,Luxembourg,9,,,,,,,,
2025,semi-final-2,Ireland,Malta,7,,,,,,,,
2025,semi-final-2,Ireland,Montenegro,15,,,,,,,,
2025,semi-final-2,Ireland,Serbia,14,,,,,,,,
2025,semi-final-2,Israel,Armenia,1,,,,,,,,
2025,semi-final-2,Israel,Australia,11,,,,,,,,
2025,semi-final-2,Israel,Austria,5,,,,,,,,
2025,semi-final-2,Israel,Czechia,11,,,,,,,,
2025,semi-final-2,Israel,Denmark,10,,,,,,,,
2025,semi-final-2,Israel,Finland,9,,,,,,,,
2025,semi-final-2,Israel,Georgia,4,,,,,,,,
2025,semi-final-2,Israel,Greece,3,,,,,,,,
2025,semi-final-2,Israel,Ireland,14,,,,,,,,
2025,semi-final-2,Israel,Latvia,7,,,,,,,,
2025,semi-final-2,Israel,Lithuania,13,,,,,,,,
2025,semi-final-2,Israel,Luxembourg,2,,,,,,,,
2025,semi-final-2,Israel,Malta,6,,,,,,,,
2025,semi-final-2,Israel,Montenegro,15,,,,,,,,
2025,semi-final-2,Israel,Serbia,12,,,,,,,,
2025,semi-final-2,Latvia,Armenia,10,,,,,,,,
2025,semi-final-2,Latvia,Australia,5,,,,,,,,
2025,semi-final-2,Latvia,Austria,4,,,,,,,,
2025,semi-final-2,Latvia,Czechia,5,,,,,,,,
2025,semi-final-2,Latvia,Denmark,9,,,,,,,,
2025,semi-final-2,Latvia,Finland,3,,,,,,,,
2025,semi-final-2,Latvia,Georgia,8,,,,,,,,
2025,semi-final-2,Latvia,Greece,12,,,,,,,,
2025,semi-final-2,Latvia,Ireland,7,,,,,,,,
2025,semi-final-2,Latvia,Israel,2,,,,,,,,
2025,semi-final-2,Latvia,Lithuania,1,,,,,,,,
2025,semi-final-2,Latvia,Luxembourg,6,,,,,,,,
2025,semi-final-2,Latvia,Malta,11,,,,,,,,
2025,semi-final-2,Latvia,Montenegro,15,,,,,,,,
2025,semi-final-2,Latvia,Serbia,14,,,,,,,,
2025,semi-final-2,Lithuania,Armenia,6,,,,,,,,
2025,semi-final-2,Lithuania,Australia,5,,,,,,,,
2025,semi-final-2,Lithuania,Austria,3,,,,,,,,
2025,semi-final-2,Lithuania,Czechia,5,,,,,,,,
2025,semi-final-2,Lithuania,Denmark,7,,,,,,,,
2025,semi-final-2,Lithuania,Finland,4,,,,,,,,
2025,semi-final-2,Lithuania,Georgia,8,,,,,,,,
2025,semi-final-2,Lithuania,Greece,12,,,,,,,,
2025,semi-final-2,Lithuania,Ireland,9,,,,,,,,
2025,semi-final-2,Lithuania,Israel,2,,,,,,,,
2025,semi-final-2,Lithuania,Latvia,1,,,,,,,,
2025,semi-final-2,Lithuania,Luxembourg,10,,,,,,,,
2025,semi-final-2,Lithuania,Malta,13,,,,,,,,
2025,semi-final-2,Lithuania,Montenegro,15,,,,,,,,
2025,semi-final-2,Lithuania,Serbia,14,,,,,,,,
2025,semi-final-2,Luxembourg,Armenia,14,,,,,,,,
2025,semi-final-2,Luxembourg,Australia,11,,,,,,,,
2025,semi-final-2,Luxembourg,Austria,7,,,,,,,,
2025,semi-final-2,Luxembourg,Czechia,11,,,,,,,,
2025,semi-final-2,Luxembourg,Denmark,10,,,,,,,,
2025,semi-final-2,Luxembourg,Finland,5,,,,,,,,
2025,semi-final-2,Luxembourg,Georgia,15,,,,,,,,
2025,semi-final-2,Luxembourg,Greece,2,,,,,,,,
2025,semi-final-2,Luxembourg,Ireland,9,,,,,,,,
2025,semi-final-2,Luxembourg,Israel,1,,,,,,,,
2025,semi-final-2,Luxembourg,Latvia,4,,,,,,,,
2025,semi-final-2,Luxembourg,Lithuania,3,,,,,,,,
2025,semi-final-2,Luxembourg,Malta,8,,,,,,,,
2025,semi-final-2,Luxembourg,Montenegro,12,,,,,,,,
2025,semi-final-2,Luxembourg,Serbia,13,,,,,,,,
2025,semi-final-2,Malta,Armenia,10,,,,,,,,
2025,semi-final-2,Malta,Australia,6,,,,,,,,
2025,semi-final-2,Malta,Austria,4,,,,,,,,
2025,semi-final-2,Malta,Czechia,6,,,,,,,,
2025,semi-final-2,Malta,Denmark,7,,,,,,,,
2025,semi-final-2,Malta,Finland,2,,,,,,,,
2025,semi-final-2,Malta,Georgia,14,,,,,,,,
2025,semi-final-2,Malta,Greece,3,,,,,,,,
2025,semi-final-2,Malta,Ireland,5,,,,,,,,
2025,semi-final-2,Malta,Israel,1,,,,,,,,
2025,semi-final-2,Malta,Latvia,8,,,,,,,,
2025,semi-final-2,Malta,Lithuania,9,,,,,,,,
2025,semi-final-2,Malta,Luxembourg,12,,,,,,,,
2025,semi-final-2,Malta,Montenegro,15,,,,,,,,
2025,semi-final-2,Malta,Serbia,11,,,,,,,,
2025,semi-final-2,Montenegro,Armenia,12,,,,,,,,
2025,semi-final-2,Montenegro,Australia,14,,,,,,,,
2025,semi-final-2,Montenegro,Austria,4,,,,,,,,
2025,semi-final-2,Montenegro,Czechia,14,,,,,,,,
2025,semi-final-2,Montenegro,Denmark,9,,,,,,,,
2025,semi-final-2,Montenegro,Finland,5,,,,,,,,
2025,semi-final-2,Montenegro,Georgia,15,,,,,,,,
2025,semi-final-2,Montenegro,Greece,2,,,,,,,,
2025,semi-final-2,Montenegro,Ireland,13,,,,,,,,
2025,semi-final-2,Montenegro,Israel,3,,,,,,,,
2025,semi-final-2,Montenegro,Latvia,8,,,,,,,,
2025,semi-final-2,Montenegro,Lithuania,6,,,,,,,,
2025,semi-final-2,Montenegro,Luxembourg,10,,,,,,,,
2025,semi-final-2,Montenegro,Malta,7,,,,,,,,
2025,semi-final-2,Montenegro,Serbia,1,,,,,,,,
2025,semi-final-2,Serbia,Armenia,10,,,,,,,,
2025,semi-final-2,Serbia,Australia,12,,,,,,,,
2025,semi-final-2,Serbia,Austria,5,,,,,,,,
2025,semi-final-2,Serbia,Czechia,12,,,,,,,,
2025,semi-final-2,Serbia,Denmark,13,,,,,,,,
2025,semi-final-2,Serbia,Finland,3,,,,,,,,
2025,semi-final-2,Serbia,Georgia,15,,,,,,,,
2025,semi-final-2,Serbia,Greece,2,,,,,,,,
2025,semi-final-2,Serbia,Ireland,11,,,,,,,,
2025,semi-final-2,Serbia,Israel,4,,,,,,,,
2025,semi-final-2,Serbia,Latvia,7,,,,,,,,
2025,semi-final-2,Serbia,Lithuania,6,,,,,,,,
2025,semi-final-2,Serbia,Luxembourg,8,,,,,,,,
2025,semi-final-2,Serbia,Malta,9,,,,,,,,
2025,semi-final-2,Serbia,Montenegro,1,,,,,,,,
2025,semi-final-2,United Kingdom,Armenia,13,,,,,,,,
2025,semi-final-2,United Kingdom,Australia,6,,,,,,,,
2025,semi-final-2,United Kingdom,Austria,11,,,,,,,,
2025,semi-final-2,United Kingdom,Czechia,6,,,,,,,,
2025,semi-final-2,United Kingdom,Denmark,5,,,,,,,,
2025,semi-final-2,United Kingdom,Finland,7,,,,,,,,
2025,semi-final-2,United Kingdom,Georgia,15,,,,,,,,
2025,semi-final-2,United Kingdom,Greece,8,,,,,,,,
2025,semi-final-2,United Kingdom,Ireland,4,,,,,,,,
2025,semi-final-2,United Kingdom,Israel,1,,,,,,,,
2025,semi-final-2,United Kingdom,Latvia,3,,,,,,,,
2025,semi-final-2,United Kingdom,Lithuania,2,,,,,,,,
2025,semi-final-2,United Kingdom,Luxembourg,10,,,,,,,,
2025,semi-final-2,United Kingdom,Malta,9,,,,,,,,
2025,semi-final-2,United Kingdom,Montenegro,16,,,,,,,,
2025,semi-final-2,United Kingdom,Serbia,14,,,,,,,,
2025,final,Albania,Armenia,18,17,11,17,13,22,16,,
2025,final,Albania,Austria,5,4,4,1,4,14,11,,
2025,final,Albania,Denmark,24,14,6,15,7,19,10,,
2025,final,Albania,Estonia,6,18,23,11,14,25,18,,
2025,final,Albania,Finland,13,21,22,18,24,11,24,,
2025,final,Albania,France,11,1,3,9,1,20,2,,
2025,final,Albania,Germany,7,12,2,22,20,8,21,,
2025,final,Albania,Greece,1,5,9,3,5,9,3,,
2025,final,Albania,Iceland,15,22,19,23,17,13,23,,
2025,final,Albania,Israel,4,6,8,2,3,12,8,,
2025,final,Albania,Italy,2,13,10,13,16,5,9,,
2025,final,Albania,Latvia,19,11,14,20,19,1,17,,
2025,final,Albania,Lithuania,17,24,24,16,25,15,25,,
2025,final,Albania,Luxembourg,3,16,20,6,8,16,22,,
2025,final,Albania,Malta,22,23,16,25,22,23,15,,
2025,final,Albania,Netherlands,10,8,7,8,10,10,4,,
2025,final,Albania,Norway,12,20,13,24,15,21,20,,
2025,final,Albania,Poland,16,25,25,14,23,24,19,,
2025,final,Albania,Portugal,23,10,15,7,18,2,14,,
2025,final,Albania,San Marino,8,9,17,12,11,3,6,,
2025,final,Albania,Spain,21,2,5,5,2,4,7,,
2025,final,Albania,Sweden,9,7,1,10,12,7,13,,
2025,final,Albania,Switzerland,20,3,18,4,6,6,1,,
2025,final,Albania,Ukraine,14,19,21,19,21,18,12,,
2025,final,Albania,United Kingdom,25,15,12,21,9,17,5,,
2025,final,Armenia,Albania,8,22,25,20,23,16,16,,
2025,final,Armenia,Austria,4,3,3,4,4,3,3,,
2025,final,Armenia,Denmark,22,19,18,17,21,15,15,,
2025,final,Armenia,Estonia,1,9,6,8,17,21,4,,
2025,final,Armenia,Finland,10,2,2,2,2,2,2,,
2025,final,Armenia,France,2,1,1,1,1,1,1,,
2025,final,Armenia,Germany,6,12,11,12,13,12,9,,
2025,final,Armenia,Greece,3,15,20,19,11,13,10,,
2025,final,Armenia,Iceland,23,23,24,23,18,25,20,,
2025,final,Armenia,Israel,11,25,21,25,25,22,25,,
2025,final,Armenia,Italy,13,11,12,13,5,14,12,,
2025,final,Armenia,Latvia,16,10,13,11,7,7,8,,
2025,final,Armenia,Lithuania,14,14,7,18,10,19,14,,
2025,final,Armenia,Luxembourg,19,24,23,24,22,23,24,,
2025,final,Armenia,Malta,12,6,5,10,6,10,7,,
2025,final,Armenia,Netherlands,9,8,8,5,19,6,11,,
2025,final,Armenia,Norway,7,18,14,16,14,24,19,,
2025,final,Armenia,Poland,17,21,17,15,20,17,23,,
2025,final,Armenia,Portugal,15,16,19,9,15,20,17,,
2025,final,Armenia,San Marino,21,20,22,21,24,11,22,,
2025,final,Armenia,Spain,20,17,16,14,16,18,18,,
2025,final,Armenia,Sweden,5,5,10,6,12,4,6,,
2025,final,Armenia,Switzerland,18,4,4,3,3,5,21,,
2025,final,Armenia,Ukraine,25,7,9,7,8,9,5,,
2025,final,Armenia,United Kingdom,24,13,15,22,9,8,13,,
2025,final,Australia,Albania,7,14,18,8,7,10,14,,
2025,final,Australia,Armenia,23,23,19,19,17,14,24,,
2025,final,Australia,Austria,8,4,2,7,18,7,3,,
2025,final,Australia,Denmark,13,7,11,2,22,6,8,,
2025,final,Australia,Estonia,5,8,9,17,1,9,13,,
2025,final,Australia,Finland,2,9,8,9,12,5,6,,
2025,final,Australia,France,18,12,3,12,6,16,20,,
2025,final,Australia,Germany,12,18,22,10,13,12,25,,
2025,final,Australia,Greece,4,1,1,4,16,1,7,,
2025,final,Australia,Iceland,11,15,21,25,3,25,16,,
2025,final,Australia,Israel,1,22,13,21,19,19,19,,
2025,final,Australia,Italy,14,21,25,20,11,22,22,,
2025,final,Australia,Latvia,9,2,4,6,4,8,2,,
2025,final,Australia,Lithuania,20,11,12,26,2,11,9,,
2025,final,Australia,Luxembourg,17,16,15,5,20,18,15,,
2025,final,Australia,Malta,6,3,20,1,15,3,4,,
2025,final,Australia,Netherlands,16,19,10,16,25,24,23,,
2025,final,Australia,Norway,22,20,14,23,21,13,18,,
2025,final,Australia,Poland,10,6,6,15,10,2,5,,
2025,final,Australia,Portugal,25,25,24,18,23,23,21,,
2025,final,Australia,San Marino,26,26,26,22,24,26,26,,
2025,final,Australia,Spain,15,17,16,13,8,20,17,,
2025,final,Australia,Sweden,3,5,5,11,5,17,1,,
2025,final,Australia,Switzerland,24,10,7,3,14,15,10,,
2025,final,Australia,Ukraine,21,24,23,24,26,21,11,,
2025,final,Australia,United Kingdom,19,13,17,14,9,4,12,,
2025,final,Austria,Albania,5,18,10,24,5,20,25,,
2025,final,Austria,Armenia,18,13,12,8,7,15,14,,
2025,final,Austria,Denmark,20,3,6,21,2,1,2,,
2025,final,Austria,Estonia,3,8,14,4,14,10,9,,
2025,final,Austria,Finland,9,1,2,3,1,5,5,,
2025,final,Austria,France,14,5,3,20,18,4,7,,
2025,final,Austria,Germany,1,14,9,18,13,9,8,,
2025,final,Austria,Greece,11,25,17,22,21,18,19,,
2025,final,Austria,Iceland,10,16,8,6,12,24,22,,
2025,final,Austria,Israel,4,12,4,15,16,11,15,,
2025,final,Austria,Italy,2,15,16,11,11,14,6,,
2025,final,Austria,Latvia,12,7,7,13,23,8,4,,
2025,final,Austria,Lithuania,19,23,18,16,15,25,21,,
2025,final,Austria,Luxembourg,17,10,19,5,20,7,12,,
2025,final,Austria,Malta,21,2,11,2,4,3,1,,
2025,final,Austria,Netherlands,8,9,15,12,6,6,18,,
2025,final,Austria,Norway,16,21,25,17,19,12,11,,
2025,final,Austria,Poland,6,22,23,10,22,19,20,,
2025,final,Austria,Portugal,25,19,21,7,25,21,23,,
2025,final,Austria,San Marino,22,17,5,23,9,22,24,,
2025,final,Austria,Spain,23,20,22,9,17,17,17,,
2025,final,Austria,Sweden,7,6,1,25,8,16,10,,
2025,final,Austria,Switzerland,15,11,20,19,3,13,13,,
2025,final,Austria,Ukraine,13,24,24,14,24,23,16,,
2025,final,Austria,United Kingdom,24,4,13,1,10,2,3,,
2025,final,Azerbaijan,Albania,4,13,5,9,16,10,22,,
2025,final,Azerbaijan,Armenia,26,26,26,26,26,26,26,,
2025,final,Azerbaijan,Austria,2,15,11,15,9,15,10,,
2025,final,Azerbaijan,Denmark,21,17,16,23,15,25,8,,
2025,final,Azerbaijan,Estonia,3,4,8,4,3,22,2,,
2025,final,Azerbaijan,Finland,6,18,24,11,17,13,17,,
2025,final,Azerbaijan,France,9,25,23,24,19,24,25,,
2025,final,Azerbaijan,Germany,12,9,13,10,6,6,9,,
2025,final,Azerbaijan,Greece,16,24,18,22,22,20,20,,
2025,final,Azerbaijan,Iceland,19,23,15,17,24,18,23,,
2025,final,Azerbaijan,Israel,1,1,7,1,2,1,1,,
2025,final,Azerbaijan,Italy,15,2,1,2,4,2,7,,
2025,final,Azerbaijan,Latvia,17,14,10,8,8,16,11,,
2025,final,Azerbaijan,Lithuania,14,21,17,18,12,21,21,,
2025,final,Azerbaijan,Luxembourg,22,20,25,16,20,14,13,,
2025,final,Azerbaijan,Malta,10,16,14,12,18,12,14,,
2025,final,Azerbaijan,Netherlands,13,8,12,7,7,17,5,,
2025,final,Azerbaijan,Norway,5,22,22,14,21,19,18,,
2025,final,Azerbaijan,Poland,11,7,21,3,23,4,16,,
2025,final,Azerbaijan,Portugal,18,5,2,20,11,8,6,,
2025,final,Azerbaijan,San Marino,20,19,20,21,14,11,19,,
2025,final,Azerbaijan,Spain,25,6,19,13,5,5,4,,
2025,final,Azerbaijan,Sweden,8,12,9,25,25,3,15,,
2025,final,Azerbaijan,Switzerland,24,10,3,19,13,7,12,,
2025,final,Azerbaijan,Ukraine,7,3,4,6,1,9,3,,
2025,final,Azerbaijan,United Kingdom,23,11,6,5,10,23,24,,
2025,final,Belgium,Albania,4,20,19,19,13,20,21,,
2025,final,Belgium,Armenia,18,23,15,20,19,22,19,,
2025,final,Belgium,Austria,8,1,1,5,1,1,4,,
2025,final,Belgium,Denmark,22,11,9,7,16,8,9,,
2025,final,Belgium,Estonia,9,2,4,4,3,7,3,,
2025,final,Belgium,Finland,12,7,18,2,11,4,5,,
2025,final,Belgium,France,3,14,16,11,21,19,8,,
2025,final,Belgium,Germany,15,10,17,6,7,9,10,,
2025,final,Belgium,Greece,5,16,10,23,26,13,15,,
2025,final,Belgium,Iceland,17,24,21,16,25,17,24,,
2025,final,Belgium,Israel,1,15,24,21,8,26,12,,
2025,final,Belgium,Italy,10,6,6,13,4,10,2,,
2025,final,Belgium,Latvia,19,4,2,10,2,3,11,,
2025,final,Belgium,Lithuania,16,12,11,9,15,11,20,,
2025,final,Belgium,Luxembourg,13,22,20,26,18,25,13,,
2025,final,Belgium,Malta,25,19,13,25,23,16,17,,
2025,final,Belgium,Netherlands,6,8,7,3,9,6,7,,
2025,final,Belgium,Norway,21,18,14,17,17,21,16,,
2025,final,Belgium,Poland,2,9,8,14,6,12,6,,
2025,final,Belgium,Portugal,20,26,25,24,20,23,25,,
2025,final,Belgium,San Marino,24,25,26,15,24,24,26,,
2025,final,Belgium,Spain,14,21,22,18,22,18,14,,
2025,final,Belgium,Sweden,7,5,5,1,14,2,18,,
2025,final,Belgium,Switzerland,23,3,3,12,5,5,1,,
2025,final,Belgium,Ukraine,11,13,12,8,12,15,23,,
2025,final,Belgium,United Kingdom,26,17,23,22,10,14,22,,
2025,final,Croatia,Albania,2,19,24,22,13,9,25,,
2025,final,Croatia,Armenia,23,16,11,23,16,12,14,,
2025,final,Croatia,Austria,6,2,2,6,5,1,2,,
2025,final,Croatia,Denmark,26,20,10,20,17,25,16,,
2025,final,Croatia,Estonia,1,6,17,2,2,6,7,,
2025,final,Croatia,Finland,4,12,5,12,21,19,21,,
2025,final,Croatia,France,16,14,12,13,10,14,15,,
2025,final,Croatia,Germany,8,15,21,24,12,8,24,,
2025,final,Croatia,Greece,15,7,7,10,14,5,6,,
2025,final,Croatia,Iceland,10,24,26,16,25,18,20,,
2025,final,Croatia,Israel,12,5,3,4,4,10,5,,
2025,final,Croatia,Italy,5,1,1,5,1,2,1,,
2025,final,Croatia,Latvia,17,4,20,1,7,4,4,,
2025,final,Croatia,Lithuania,14,21,14,18,23,24,18,,
2025,final,Croatia,Luxembourg,22,22,15,19,18,23,22,,
2025,final,Croatia,Malta,18,25,16,26,22,20,23,,
2025,final,Croatia,Netherlands,11,17,22,14,15,11,13,,
2025,final,Croatia,Norway,7,10,4,15,19,16,9,,
2025,final,Croatia,Poland,13,18,9,21,24,21,12,,
2025,final,Croatia,Portugal,25,13,23,11,11,13,10,,
2025,final,Croatia,San Marino,20,26,25,25,26,26,26,,
2025,final,Croatia,Spain,19,11,13,8,9,15,17,,
2025,final,Croatia,Sweden,3,8,18,7,8,7,8,,
2025,final,Croatia,Switzerland,21,3,6,3,3,3,3,,
2025,final,Croatia,Ukraine,9,9,8,9,6,17,11,,
2025,final,Croatia,United Kingdom,24,23,19,17,20,22,19,,
2025,final,Cyprus,Albania,18,7,5,5,5,16,23,,
2025,final,Cyprus,Armenia,9,14,9,23,8,24,24,,
2025,final,Cyprus,Austria,5,4,2,3,11,6,4,,
2025,final,Cyprus,Denmark,26,19,20,24,16,10,14,,
2025,final,Cyprus,Estonia,4,16,16,10,12,14,20,,
2025,final,Cyprus,Finland,15,15,10,9,15,20,22,,
2025,final,Cyprus,France,8,2,3,2,2,2,2,,
2025,final,Cyprus,Germany,13,18,22,11,25,23,9,,
2025,final,Cyprus,Greece,1,1,1,1,1,1,1,,
2025,final,Cyprus,Iceland,20,17,11,12,24,21,12,,
2025,final,Cyprus,Israel,2,6,6,26,9,4,6,,
2025,final,Cyprus,Italy,12,8,12,7,6,8,11,,
2025,final,Cyprus,Latvia,19,25,21,25,17,18,17,,
2025,final,Cyprus,Lithuania,14,24,18,15,21,22,21,,
2025,final,Cyprus,Luxembourg,21,12,15,21,14,13,7,,
2025,final,Cyprus,Malta,16,20,14,14,19,17,15,,
2025,final,Cyprus,Netherlands,10,3,7,6,4,3,3,,
2025,final,Cyprus,Norway,6,22,17,16,18,15,18,,
2025,final,Cyprus,Poland,7,26,19,19,26,26,25,,
2025,final,Cyprus,Portugal,23,11,26,20,13,7,10,,
2025,final,Cyprus,San Marino,25,10,4,22,10,19,16,,
2025,final,Cyprus,Spain,17,13,8,13,22,12,19,,
2025,final,Cyprus,Sweden,11,9,23,8,7,11,8,,
2025,final,Cyprus,Switzerland,24,5,13,4,3,5,5,,
2025,final,Cyprus,Ukraine,3,23,25,18,20,25,13,,
2025,final,Cyprus,United Kingdom,22,21,24,17,23,9,26,,
2025,final,Czechia,Albania,6,25,22,21,25,16,24,,
2025,final,Czechia,Armenia,16,13,19,25,12,2,18,,
2025,final,Czechia,Austria,7,22,25,24,14,18,13,,
2025,final,Czechia,Denmark,22,10,13,18,1,26,12,,
2025,final,Czechia,Estonia,5,18,8,17,8,15,14,,
2025,final,Czechia,Finland,8,17,9,7,20,23,10,,
2025,final,Czechia,France,17,3,12,8,3,3,7,,
2025,final,Czechia,Germany,10,1,1,3,7,20,5,,
2025,final,Czechia,Greece,11,16,18,15,11,5,17,,
2025,final,Czechia,Iceland,12,20,23,6,23,24,23,,
2025,final,Czechia,Israel,2,14,14,12,4,13,11,,
2025,final,Czechia,Italy,15,8,5,14,13,14,2,,
2025,final,Czechia,Latvia,13,11,6,23,21,8,4,,
2025,final,Czechia,Lithuania,14,6,4,11,6,12,3,,
2025,final,Czechia,Luxembourg,23,19,15,9,17,9,16,,
2025,final,Czechia,Malta,19,9,16,5,9,7,9,,
2025,final,Czechia,Netherlands,18,4,10,2,22,1,20,,
2025,final,Czechia,Norway,9,5,17,1,2,17,21,,
2025,final,Czechia,Poland,3,24,24,16,24,19,25,,
2025,final,Czechia,Portugal,25,7,2,20,10,6,6,,
2025,final,Czechia,San Marino,24,26,26,26,26,25,26,,
2025,final,Czechia,Spain,21,21,20,10,18,11,22,,
2025,final,Czechia,Sweden,4,15,11,4,16,21,15,,
2025,final,Czechia,Switzerland,20,12,7,22,15,4,8,,
2025,final,Czechia,Ukraine,1,23,21,19,19,22,19,,
2025,final,Czechia,United Kingdom,26,2,3,13,5,10,1,,
2025,final,Denmark,Albania,16,17,11,24,22,10,15,,
2025,final,Denmark,Armenia,23,10,24,1,17,23,13,,
2025,final,Denmark,Austria,8,6,5,4,15,12,3,,
2025,final,Denmark,Estonia,5,16,8,15,10,20,25,,
2025,final,Denmark,Finland,6,5,6,9,5,2,8,,
2025,final,Denmark,France,17,14,17,14,12,8,5,,
2025,final,Denmark,Germany,10,18,10,22,25,11,20,,
2025,final,Denmark,Greece,15,11,14,17,16,7,4,,
2025,final,Denmark,Iceland,2,13,20,2,13,19,16,,
2025,final,Denmark,Israel,3,8,21,7,8,4,11,,
2025,final,Denmark,Italy,13,3,1,12,1,6,10,,
2025,final,Denmark,Latvia,11,1,7,3,3,5,1,,
2025,final,Denmark,Lithuania,9,22,15,21,14,25,23,,
2025,final,Denmark,Luxembourg,18,15,16,6,11,17,17,,
2025,final,Denmark,Malta,24,12,22,10,7,9,7,,
2025,final,Denmark,Netherlands,14,21,18,16,24,14,12,,
2025,final,Denmark,Norway,12,20,12,19,20,13,18,,
2025,final,Denmark,Poland,4,24,19,20,21,18,19,,
2025,final,Denmark,Portugal,22,23,13,25,18,24,22,,
2025,final,Denmark,San Marino,25,25,25,18,23,22,24,,
2025,final,Denmark,Spain,21,19,23,23,19,16,9,,
2025,final,Denmark,Sweden,1,4,2,8,4,3,14,,
2025,final,Denmark,Switzerland,19,2,4,11,2,1,6,,
2025,final,Denmark,Ukraine,7,9,3,13,6,21,21,,
2025,final,Denmark,United Kingdom,20,7,9,5,9,15,2,,
2025,final,Estonia,Albania,20,25,21,18,25,25,,,
2025,final,Estonia,Armenia,17,12,17,17,4,13,,,
2025,final,Estonia,Austria,11,4,5,14,2,7,,,
2025,final,Estonia,Denmark,22,19,18,25,8,19,,,
2025,final,Estonia,Finland,2,2,13,4,1,4,,,
2025,final,Estonia,France,13,5,2,9,6,14,,,
2025,final,Estonia,Germany,8,17,16,24,13,9,,,
2025,final,Estonia,Greece,25,18,19,8,19,22,,,
2025,final,Estonia,Iceland,6,24,24,21,15,17,,,
2025,final,Estonia,Israel,9,11,7,11,18,5,,,
2025,final,Estonia,Italy,4,7,3,7,22,11,,,
2025,final,Estonia,Latvia,3,8,15,2,9,18,,,
2025,final,Estonia,Lithuania,10,16,8,10,21,24,,,
2025,final,Estonia,Luxembourg,18,13,25,23,17,3,,,
2025,final,Estonia,Malta,24,21,12,16,14,20,,,
2025,final,Estonia,Netherlands,7,10,6,15,11,6,,,
2025,final,Estonia,Norway,12,22,23,22,16,10,,,
2025,final,Estonia,Poland,23,9,11,12,3,16,,,
2025,final,Estonia,Portugal,15,15,9,6,24,15,,,
2025,final,Estonia,San Marino,16,20,10,13,23,21,,,
2025,final,Estonia,Spain,21,23,22,19,10,23,,,
2025,final,Estonia,Sweden,1,3,14,1,12,1,,,
2025,final,Estonia,Switzerland,14,1,1,5,5,2,,,
2025,final,Estonia,Ukraine,5,14,4,20,20,12,,,
2025,final,Estonia,United Kingdom,19,6,20,3,7,8,,,
2025,final,Finland,Albania,7,17,8,23,14,22,8,,
2025,final,Finland,Armenia,20,12,10,6,21,10,19,,
2025,final,Finland,Austria,4,1,2,1,1,2,1,,
2025,final,Finland,Denmark,16,15,19,9,18,9,10,,
2025,final,Finland,Estonia,3,7,6,14,8,5,14,,
2025,final,Finland,France,14,3,3,2,4,3,12,,
2025,final,Finland,Germany,6,10,17,8,13,20,5,,
2025,final,Finland,Greece,18,8,7,5,12,7,24,,
2025,final,Finland,Iceland,5,13,23,16,6,12,11,,
2025,final,Finland,Israel,2,9,18,12,5,6,20,,
2025,final,Finland,Italy,11,22,25,17,17,13,25,,
2025,final,Finland,Latvia,8,11,14,10,11,21,6,,
2025,final,Finland,Lithuania,10,14,15,21,16,25,4,,
2025,final,Finland,Luxembourg,13,20,12,20,20,17,17,,
2025,final,Finland,Malta,17,4,9,4,7,4,7,,
2025,final,Finland,Netherlands,12,18,5,22,24,15,22,,
2025,final,Finland,Norway,15,19,16,13,15,14,9,,
2025,final,Finland,Poland,22,23,24,18,22,23,16,,
2025,final,Finland,Portugal,24,25,22,24,23,19,21,,
2025,final,Finland,San Marino,23,21,11,19,25,18,23,,
2025,final,Finland,Spain,19,16,13,11,10,11,13,,
2025,final,Finland,Sweden,1,2,1,3,2,1,3,,
2025,final,Finland,Switzerland,21,5,4,7,3,16,15,,
2025,final,Finland,Ukraine,9,24,21,25,19,24,18,,
2025,final,Finland,United Kingdom,25,6,20,15,9,8,2,,
2025,final,France,Albania,2,1,1,2,5,7,1,,
2025,final,France,Armenia,3,2,7,1,7,1,7,,
2025,final,France,Austria,9,7,13,9,1,8,18,,
2025,final,France,Denmark,24,23,14,13,14,18,17,,
2025,final,France,Estonia,14,21,10,11,23,16,24,,
2025,final,France,Finland,19,12,2,22,13,25,23,,
2025,final,France,Germany,15,22,20,17,18,20,8,,
2025,final,France,Greece,7,3,4,8,2,3,13,,
2025,final,France,Iceland,18,20,16,21,16,9,14,,
2025,final,France,Israel,1,4,5,16,3,11,3,,
2025,final,France,Italy,8,5,24,12,4,2,6,,
2025,final,France,Latvia,17,17,23,14,24,6,16,,
2025,final,France,Lithuania,20,24,25,20,25,13,22,,
2025,final,France,Luxembourg,10,16,12,10,12,14,15,,
2025,final,France,Malta,25,11,18,15,10,24,2,,
2025,final,France,Netherlands,12,8,11,5,20,4,10,,
2025,final,France,Norway,23,14,17,4,19,23,20,,
2025,final,France,Poland,4,10,3,23,21,19,5,,
2025,final,France,Portugal,6,19,21,19,8,12,25,,
2025,final,France,San Marino,21,18,19,6,17,22,19,,
2025,final,France,Spain,11,6,6,3,6,21,9,,
2025,final,France,Sweden,13,15,8,25,11,15,12,,
2025,final,France,Switzerland,16,9,9,7,9,5,11,,
2025,final,France,Ukraine,5,25,22,24,22,17,21,,
2025,final,France,United Kingdom,22,13,15,18,15,10,4,,
2025,final,Georgia,Albania,8,23,13,24,25,25,26,,
2025,final,Georgia,Armenia,1,8,17,9,5,3,19,,
2025,final,Georgia,Austria,6,25,22,26,26,17,23,,
2025,final,Georgia,Denmark,24,2,1,4,1,7,4,,
2025,final,Georgia,Estonia,3,12,6,8,23,8,16,,
2025,final,Georgia,Finland,11,24,19,22,17,24,21,,
2025,final,Georgia,France,18,16,12,15,15,18,8,,
2025,final,Georgia,Germany,9,9,9,5,8,6,20,,
2025,final,Georgia,Greece,14,6,10,6,4,9,5,,
2025,final,Georgia,Iceland,20,15,11,23,16,20,7,,
2025,final,Georgia,Israel,4,10,3,12,10,10,14,,
2025,final,Georgia,Italy,13,1,2,1,3,2,1,,
2025,final,Georgia,Latvia,12,3,7,10,2,5,3,,
2025,final,Georgia,Lithuania,5,22,16,18,20,22,24,,
2025,final,Georgia,Luxembourg,23,26,20,25,21,26,25,,
2025,final,Georgia,Malta,17,18,25,13,13,15,11,,
2025,final,Georgia,Netherlands,16,4,4,11,18,1,9,,
2025,final,Georgia,Norway,7,13,5,14,9,12,22,,
2025,final,Georgia,Poland,15,14,14,21,7,13,17,,
2025,final,Georgia,Portugal,21,11,23,3,14,23,6,,
2025,final,Georgia,San Marino,25,21,24,16,24,16,13,,
2025,final,Georgia,Spain,22,20,15,20,19,14,15,,
2025,final,Georgia,Sweden,10,17,26,17,6,19,18,,
2025,final,Georgia,Switzerland,19,7,21,7,11,11,2,,
2025,final,Georgia,Ukraine,2,5,8,2,12,4,12,,
2025,final,Georgia,United Kingdom,26,19,18,19,22,21,10,,
2025,final,Germany,Albania,3,21,18,25,22,18,10,,
2025,final,Germany,Armenia,18,16,24,11,7,16,12,,
2025,final,Germany,Austria,5,1,2,8,10,4,1,,
2025,final,Germany,Denmark,21,18,12,20,20,12,17,,
2025,final,Germany,Estonia,7,15,20,9,8,7,19,,
2025,final,Germany,Finland,12,12,22,12,12,10,3,,
2025,final,Germany,France,16,2,5,5,3,2,8,,
2025,final,Germany,Greece,2,5,6,14,17,1,4,,
2025,final,Germany,Iceland,10,25,25,24,25,22,22,,
2025,final,Germany,Israel,1,8,11,7,16,3,14,,
2025,final,Germany,Italy,9,6,14,3,2,20,7,,
2025,final,Germany,Latvia,14,17,7,21,21,14,23,,
2025,final,Germany,Lithuania,13,20,10,18,18,25,16,,
2025,final,Germany,Luxembourg,17,14,8,6,6,21,25,,
2025,final,Germany,Malta,24,3,1,2,4,11,13,,
2025,final,Germany,Netherlands,11,13,4,15,11,8,15,,
2025,final,Germany,Norway,20,10,9,22,13,5,6,,
2025,final,Germany,Poland,4,9,3,23,24,15,5,,
2025,final,Germany,Portugal,23,22,17,13,23,19,21,,
2025,final,Germany,San Marino,25,23,19,19,14,24,20,,
2025,final,Germany,Spain,19,19,15,17,19,17,11,,
2025,final,Germany,Sweden,6,7,23,4,9,13,2,,
2025,final,Germany,Switzerland,15,4,13,1,1,6,18,,
2025,final,Germany,Ukraine,8,24,21,16,15,23,24,,
2025,final,Germany,United Kingdom,22,11,16,10,5,9,9,,
2025,final,Greece,Albania,1,9,12,6,7,21,8,,
2025,final,Greece,Armenia,9,8,7,23,8,5,12,,
2025,final,Greece,Austria,2,2,1,2,3,3,2,,
2025,final,Greece,Denmark,25,15,14,17,13,8,14,,
2025,final,Greece,Estonia,3,12,5,20,6,19,25,,
2025,final,Greece,Finland,15,18,10,11,21,17,24,,
2025,final,Greece,France,6,1,3,1,1,1,3,,
2025,final,Greece,Germany,8,6,4,9,11,12,6,,
2025,final,Greece,Iceland,13,17,17,16,18,9,15,,
2025,final,Greece,Israel,4,10,16,7,19,7,7,,
2025,final,Greece,Italy,11,7,19,5,9,14,5,,
2025,final,Greece,Latvia,21,13,25,13,22,13,4,,
2025,final,Greece,Lithuania,12,25,23,24,25,25,21,,
2025,final,Greece,Luxembourg,16,14,22,4,15,16,16,,
2025,final,Greece,Malta,17,11,6,12,5,18,23,,
2025,final,Greece,Netherlands,5,3,2,10,2,2,11,,
2025,final,Greece,Norway,7,22,11,22,14,23,18,,
2025,final,Greece,Poland,18,24,18,18,17,20,22,,
2025,final,Greece,Portugal,24,19,24,14,12,15,13,,
2025,final,Greece,San Marino,22,21,15,25,16,11,19,,
2025,final,Greece,Spain,14,16,13,19,10,10,20,,
2025,final,Greece,Sweden,10,4,8,3,4,6,9,,
2025,final,Greece,Switzerland,20,5,20,8,20,4,1,,
2025,final,Greece,Ukraine,19,23,21,21,24,22,10,,
2025,final,Greece,United Kingdom,23,20,9,15,23,24,17,,
2025,final,Iceland,Albania,19,24,23,23,13,21,24,,
2025,final,Iceland,Armenia,25,17,15,21,20,11,11,,
2025,final,Iceland,Austria,8,3,19,1,11,1,3,,
2025,final,Iceland,Denmark,9,11,6,8,19,8,17,,
2025,final,Iceland,Estonia,4,8,7,9,9,6,10,,
2025,final,Iceland,Finland,6,10,4,20,16,16,6,,
2025,final,Iceland,France,13,7,8,18,10,5,4,,
2025,final,Iceland,Germany,10,18,18,10,22,13,15,,
2025,final,Iceland,Greece,21,21,22,14,23,15,18,,
2025,final,Iceland,Israel,7,16,11,15,8,19,23,,
2025,final,Iceland,Italy,11,9,12,6,6,23,7,,
2025,final,Iceland,Latvia,14,20,25,24,24,10,16,,
2025,final,Iceland,Lithuania,12,23,24,13,18,24,20,,
2025,final,Iceland,Luxembourg,22,19,13,16,12,20,19,,
2025,final,Iceland,Malta,23,12,14,5,21,14,9,,
2025,final,Iceland,Netherlands,5,2,3,4,2,3,1,,
2025,final,Iceland,Norway,3,5,10,7,3,7,13,,
2025,final,Iceland,Poland,1,13,20,25,4,9,22,,
2025,final,Iceland,Portugal,24,22,16,19,25,25,14,,
2025,final,Iceland,San Marino,20,15,9,11,14,17,12,,
2025,final,Iceland,Spain,15,14,17,17,17,12,5,,
2025,final,Iceland,Sweden,2,1,1,2,1,2,2,,
2025,final,Iceland,Switzerland,17,4,2,12,5,4,8,,
2025,final,Iceland,Ukraine,16,25,21,22,15,22,21,,
2025,final,Iceland,United Kingdom,18,6,5,3,7,18,25,,
2025,final,Ireland,Albania,12,18,14,10,17,19,20,,
2025,final,Ireland,Armenia,25,10,4,22,14,6,15,,
2025,final,Ireland,Austria,7,1,1,1,3,1,1,,
2025,final,Ireland,Denmark,22,20,10,14,15,23,26,,
2025,final,Ireland,Estonia,5,11,26,3,23,10,10,,
2025,final,Ireland,Finland,6,7,8,2,13,17,5,,
2025,final,Ireland,France,15,3,2,6,4,13,6,,
2025,final,Ireland,Germany,11,21,15,23,22,11,14,,
2025,final,Ireland,Greece,19,8,11,11,20,3,8,,
2025,final,Ireland,Iceland,14,15,12,16,8,25,24,,
2025,final,Ireland,Israel,2,4,3,20,2,4,23,,
2025,final,Ireland,Italy,13,16,16,24,11,18,11,,
2025,final,Ireland,Latvia,8,22,25,8,24,22,25,,
2025,final,Ireland,Lithuania,3,17,23,21,26,7,19,,
2025,final,Ireland,Luxembourg,24,14,7,15,10,12,13,,
2025,final,Ireland,Malta,17,5,18,7,9,5,2,,
2025,final,Ireland,Netherlands,16,2,5,9,1,2,4,,
2025,final,Ireland,Norway,23,19,17,17,12,21,12,,
2025,final,Ireland,Poland,1,23,20,12,21,16,16,,
2025,final,Ireland,Portugal,21,26,24,25,19,24,21,,
2025,final,Ireland,San Marino,26,24,22,26,16,20,22,,
2025,final,Ireland,Spain,10,13,19,4,18,14,9,,
2025,final,Ireland,Sweden,9,6,6,18,5,8,3,,
2025,final,Ireland,Switzerland,20,12,13,13,6,15,7,,
2025,final,Ireland,Ukraine,4,25,21,19,25,26,18,,
2025,final,Ireland,United Kingdom,18,9,9,5,7,9,17,,
2025,final,Israel,Albania,13,17,18,13,15,12,14,,
2025,final,Israel,Armenia,5,6,5,3,5,11,9,,
2025,final,Israel,Austria,3,5,23,8,10,1,4,,
2025,final,Israel,Denmark,18,18,9,18,13,23,21,,
2025,final,Israel,Estonia,2,14,20,10,8,20,18,,
2025,final,Israel,Finland,10,16,24,21,19,10,8,,
2025,final,Israel,France,7,20,19,19,20,14,13,,
2025,final,Israel,Germany,6,2,2,4,1,2,1,,
2025,final,Israel,Greece,4,1,1,1,2,3,2,,
2025,final,Israel,Iceland,25,24,25,24,24,15,24,,
2025,final,Israel,Italy,15,8,4,9,17,19,5,,
2025,final,Israel,Latvia,12,4,6,5,4,7,7,,
2025,final,Israel,Lithuania,22,12,10,14,11,18,6,,
2025,final,Israel,Luxembourg,8,9,7,7,7,16,16,,
2025,final,Israel,Malta,14,3,3,2,6,5,3,,
2025,final,Israel,Netherlands,11,15,16,17,22,6,20,,
2025,final,Israel,Norway,20,23,17,25,23,17,23,,
2025,final,Israel,Poland,17,10,8,11,12,9,11,,
2025,final,Israel,Portugal,24,21,11,22,21,22,15,,
2025,final,Israel,San Marino,19,19,14,12,14,25,25,,
2025,final,Israel,Spain,23,25,21,23,25,24,19,,
2025,final,Israel,Sweden,9,13,22,16,9,8,12,,
2025,final,Israel,Switzerland,16,11,13,15,16,4,17,,
2025,final,Israel,Ukraine,1,7,15,6,3,13,10,,
2025,final,Israel,United Kingdom,21,22,12,20,18,21,22,,
2025,final,Italy,Albania,2,8,15,8,21,1,22,,
2025,final,Italy,Armenia,22,16,20,10,6,23,20,,
2025,final,Italy,Austria,7,25,22,21,25,21,23,,
2025,final,Italy,Denmark,25,4,1,7,13,16,3,,
2025,final,Italy,Estonia,4,2,9,3,2,3,2,,
2025,final,Italy,Finland,18,10,24,24,3,7,14,,
2025,final,Italy,France,15,14,8,18,9,18,6,,
2025,final,Italy,Germany,12,3,3,1,12,20,1,,
2025,final,Italy,Greece,9,18,10,16,23,15,9,,
2025,final,Italy,Iceland,14,19,14,22,16,10,15,,
2025,final,Italy,Israel,3,17,16,9,8,25,17,,
2025,final,Italy,Latvia,17,21,23,14,24,9,25,,
2025,final,Italy,Lithuania,20,11,21,5,5,24,21,,
2025,final,Italy,Luxembourg,19,20,17,15,11,13,24,,
2025,final,Italy,Malta,21,6,7,20,20,2,10,,
2025,final,Italy,Netherlands,11,15,6,19,14,8,13,,
2025,final,Italy,Norway,10,24,25,23,17,19,19,,
2025,final,Italy,Poland,8,22,18,17,19,11,18,,
2025,final,Italy,Portugal,16,12,11,13,4,22,11,,
2025,final,Italy,San Marino,1,5,4,6,10,6,7,,
2025,final,Italy,Spain,13,23,19,25,18,17,16,,
2025,final,Italy,Sweden,6,13,13,12,22,5,8,,
2025,final,Italy,Switzerland,23,7,5,11,15,12,4,,
2025,final,Italy,Ukraine,5,9,12,4,7,14,12,,
2025,final,Italy,United Kingdom,24,1,2,2,1,4,5,,
2025,final,Latvia,Albania,12,22,16,11,15,19,25,,
2025,final,Latvia,Armenia,18,7,12,18,9,9,1,,
2025,final,Latvia,Austria,7,1,2,1,4,1,15,,
2025,final,Latvia,Denmark,23,16,14,19,6,20,10,,
2025,final,Latvia,Estonia,1,10,6,5,18,10,12,,
2025,final,Latvia,Finland,8,2,1,3,2,2,17,,
2025,final,Latvia,France,15,5,5,2,11,8,8,,
2025,final,Latvia,Germany,6,9,18,13,7,4,9,,
2025,final,Latvia,Greece,20,19,19,14,17,13,14,,
2025,final,Latvia,Iceland,13,20,11,15,16,17,24,,
2025,final,Latvia,Israel,4,23,25,24,13,21,11,,
2025,final,Latvia,Italy,9,11,15,12,14,7,4,,
2025,final,Latvia,Lithuania,2,4,3,6,10,5,6,,
2025,final,Latvia,Luxembourg,17,8,21,16,5,11,3,,
2025,final,Latvia,Malta,21,6,13,10,1,6,18,,
2025,final,Latvia,Netherlands,11,14,9,4,20,18,21,,
2025,final,Latvia,Norway,10,18,10,17,25,15,13,,
2025,final,Latvia,Poland,19,21,22,22,8,25,23,,
2025,final,Latvia,Portugal,16,17,23,21,23,12,5,,
2025,final,Latvia,San Marino,25,24,24,20,22,22,16,,
2025,final,Latvia,Spain,22,13,17,23,21,24,2,,
2025,final,Latvia,Sweden,3,15,7,7,12,14,22,,
2025,final,Latvia,Switzerland,14,3,8,9,3,3,7,,
2025,final,Latvia,Ukraine,5,12,4,8,19,16,20,,
2025,final,Latvia,United Kingdom,24,25,20,25,24,23,19,,
2025,final,Lithuania,Albania,13,16,9,8,24,23,24,,
2025,final,Lithuania,Armenia,18,12,12,6,12,18,16,,
2025,final,Lithuania,Austria,6,7,11,7,5,2,11,,
2025,final,Lithuania,Denmark,22,24,22,15,21,15,15,,
2025,final,Lithuania,Estonia,2,4,4,4,9,9,5,,
2025,final,Lithuania,Finland,11,13,8,21,17,8,12,,
2025,final,Lithuania,France,16,11,16,13,6,6,19,,
2025,final,Lithuania,Germany,3,6,3,20,1,13,13,,
2025,final,Lithuania,Greece,21,15,25,10,22,7,23,,
2025,final,Lithuania,Iceland,14,20,17,22,16,24,10,,
2025,final,Lithuania,Israel,8,17,14,11,14,12,22,,
2025,final,Lithuania,Italy,5,2,2,1,8,4,1,,
2025,final,Lithuania,Latvia,1,1,1,2,4,1,3,,
2025,final,Lithuania,Luxembourg,20,21,20,19,10,20,17,,
2025,final,Lithuania,Malta,23,25,23,25,25,25,25,,
2025,final,Lithuania,Netherlands,10,3,10,12,2,14,2,,
2025,final,Lithuania,Norway,9,23,19,14,19,19,14,,
2025,final,Lithuania,Poland,15,22,13,16,20,16,21,,
2025,final,Lithuania,Portugal,12,5,5,3,15,11,4,,
2025,final,Lithuania,San Marino,19,18,24,24,7,22,20,,
2025,final,Lithuania,Spain,24,19,18,18,18,10,18,,
2025,final,Lithuania,Sweden,7,10,21,23,3,21,8,,
2025,final,Lithuania,Switzerland,17,8,15,5,13,3,7,,
2025,final,Lithuania,Ukraine,4,9,6,9,11,5,6,,
2025,final,Lithuania,United Kingdom,25,14,7,17,23,17,9,,
2025,final,Luxembourg,Albania,4,23,22,17,18,16,15,,
2025,final,Luxembourg,Armenia,21,21,17,18,16,13,22,,
2025,final,Luxembourg,Austria,12,2,2,2,2,10,1,,
2025,final,Luxembourg,Denmark,20,14,14,5,22,20,11,,
2025,final,Luxembourg,Estonia,6,8,10,25,4,4,20,,
2025,final,Luxembourg,Finland,15,25,25,22,25,25,24,,
2025,final,Luxembourg,France,5,1,3,1,5,2,3,,
2025,final,Luxembourg,Germany,11,7,6,15,6,7,4,,
2025,final,Luxembourg,Greece,2,22,18,13,19,21,16,,
2025,final,Luxembourg,Iceland,18,17,19,21,12,18,10,,
2025,final,Luxembourg,Israel,1,10,7,12,7,9,9,,
2025,final,Luxembourg,Italy,13,13,13,11,10,14,7,,
2025,final,Luxembourg,Latvia,10,9,21,10,8,3,14,,
2025,final,Luxembourg,Lithuania,7,15,23,16,9,23,12,,
2025,final,Luxembourg,Malta,19,12,12,3,24,19,17,,
2025,final,Luxembourg,Netherlands,16,4,1,4,23,6,5,,
2025,final,Luxembourg,Norway,25,24,15,23,20,24,21,,
2025,final,Luxembourg,Poland,8,19,11,14,21,22,23,,
2025,final,Luxembourg,Portugal,3,20,24,20,11,17,19,,
2025,final,Luxembourg,San Marino,24,18,16,19,17,12,18,,
2025,final,Luxembourg,Spain,17,11,9,7,15,15,8,,
2025,final,Luxembourg,Sweden,9,6,4,6,14,5,6,,
2025,final,Luxembourg,Switzerland,23,3,5,9,1,11,2,,
2025,final,Luxembourg,Ukraine,14,16,20,24,13,8,25,,
2025,final,Luxembourg,United Kingdom,22,5,8,8,3,1,13,,
2025,final,Malta,Albania,7,17,25,8,25,18,20,,
2025,final,Malta,Armenia,19,1,2,4,1,3,1,,
2025,final,Malta,Austria,2,4,5,6,3,6,4,,
2025,final,Malta,Denmark,20,16,17,10,20,16,17,,
2025,final,Malta,Estonia,1,8,14,14,9,2,8,,
2025,final,Malta,Finland,4,5,9,1,12,4,5,,
2025,final,Malta,France,22,3,1,2,13,9,3,,
2025,final,Malta,Germany,12,21,23,15,16,14,22,,
2025,final,Malta,Greece,11,2,10,12,2,1,2,,
2025,final,Malta,Iceland,21,18,20,25,10,15,16,,
2025,final,Malta,Israel,6,12,7,13,14,20,7,,
2025,final,Malta,Italy,3,7,3,9,6,8,18,,
2025,final,Malta,Latvia,17,22,13,19,18,24,21,,
2025,final,Malta,Lithuania,16,25,21,17,22,21,24,,
2025,final,Malta,Luxembourg,23,13,18,16,8,12,11,,
2025,final,Malta,Netherlands,13,14,24,21,11,7,14,,
2025,final,Malta,Norway,5,24,22,18,19,17,19,,
2025,final,Malta,Poland,9,15,15,11,15,23,9,,
2025,final,Malta,Portugal,24,23,12,22,23,25,23,,
2025,final,Malta,San Marino,8,11,19,24,7,5,15,,
2025,final,Malta,Spain,14,6,4,7,4,13,6,,
2025,final,Malta,Sweden,10,10,6,3,17,10,13,,
2025,final,Malta,Switzerland,25,9,11,5,5,11,10,,
2025,final,Malta,Ukraine,15,19,8,20,24,22,25,,
2025,final,Malta,United Kingdom,18,20,16,23,21,19,12,,
2025,final,Montenegro,Albania,1,2,3,3,1,6,5,,
2025,final,Montenegro,Armenia,15,10,8,7,12,12,6,,
2025,final,Montenegro,Austria,8,3,4,5,11,2,2,,
2025,final,Montenegro,Denmark,24,14,13,15,14,8,17,,
2025,final,Montenegro,Estonia,2,12,17,10,3,14,12,,
2025,final,Montenegro,Finland,11,19,26,13,24,18,15,,
2025,final,Montenegro,France,9,5,2,8,18,4,10,,
2025,final,Montenegro,Germany,12,17,23,16,23,10,22,,
2025,final,Montenegro,Greece,7,1,1,2,2,1,1,,
2025,final,Montenegro,Iceland,22,26,24,23,25,22,26,,
2025,final,Montenegro,Israel,4,13,6,26,26,3,19,,
2025,final,Montenegro,Italy,10,24,18,18,17,20,24,,
2025,final,Montenegro,Latvia,13,11,16,6,8,9,9,,
2025,final,Montenegro,Lithuania,16,8,10,11,5,24,4,,
2025,final,Montenegro,Luxembourg,3,7,14,12,9,5,3,,
2025,final,Montenegro,Malta,19,6,9,4,6,7,7,,
2025,final,Montenegro,Netherlands,20,9,7,9,7,13,8,,
2025,final,Montenegro,Norway,14,21,20,14,20,19,21,,
2025,final,Montenegro,Poland,17,18,12,20,16,17,23,,
2025,final,Montenegro,Portugal,21,25,25,24,22,26,20,,
2025,final,Montenegro,San Marino,18,15,19,22,10,11,14,,
2025,final,Montenegro,Spain,23,23,21,21,15,21,18,,
2025,final,Montenegro,Sweden,6,22,22,19,21,16,16,,
2025,final,Montenegro,Switzerland,25,4,5,1,4,15,13,,
2025,final,Montenegro,Ukraine,5,20,11,25,19,25,25,,
2025,final,Montenegro,United Kingdom,26,16,15,17,13,23,11,,
2025,final,Netherlands,Albania,11,10,16,24,7,3,17,,
2025,final,Netherlands,Armenia,19,23,22,23,24,22,18,,
2025,final,Netherlands,Austria,8,1,1,1,8,1,4,,
2025,final,Netherlands,Denmark,22,21,15,21,14,19,22,,
2025,final,Netherlands,Estonia,3,17,18,8,13,20,10,,
2025,final,Netherlands,Finland,5,25,20,25,23,24,24,,
2025,final,Netherlands,France,12,9,7,11,12,7,9,,
2025,final,Netherlands,Germany,10,12,11,9,4,17,16,,
2025,final,Netherlands,Greece,6,18,10,12,15,11,21,,
2025,final,Netherlands,Iceland,15,15,12,4,17,14,13,,
2025,final,Netherlands,Israel,1,6,21,6,21,10,1,,
2025,final,Netherlands,Italy,9,11,9,7,11,18,6,,
2025,final,Netherlands,Latvia,14,8,5,20,5,12,14,,
2025,final,Netherlands,Lithuania,13,7,6,15,25,2,12,,
2025,final,Netherlands,Luxembourg,21,5,4,3,6,13,5,,
2025,final,Netherlands,Malta,23,22,24,17,20,23,23,,
2025,final,Netherlands,Norway,20,14,19,5,22,8,11,,
2025,final,Netherlands,Poland,2,13,8,19,16,4,15,,
2025,final,Netherlands,Portugal,17,4,2,14,2,6,8,,
2025,final,Netherlands,San Marino,25,24,23,22,18,25,25,,
2025,final,Netherlands,Spain,18,19,17,16,19,9,20,,
2025,final,Netherlands,Sweden,4,3,13,2,1,15,3,,
2025,final,Netherlands,Switzerland,16,2,3,13,3,5,2,,
2025,final,Netherlands,Ukraine,7,20,25,18,9,21,19,,
2025,final,Netherlands,United Kingdom,24,16,14,10,10,16,7,,
2025,final,Norway,Albania,11,15,15,19,6,9,22,,
2025,final,Norway,Armenia,24,20,14,12,25,13,18,,
2025,final,Norway,Austria,10,1,6,1,1,1,11,,
2025,final,Norway,Denmark,13,11,10,6,7,10,9,,
2025,final,Norway,Estonia,4,7,7,16,9,8,3,,
2025,final,Norway,Finland,5,3,1,5,10,3,12,,
2025,final,Norway,France,17,9,2,9,23,15,7,,
2025,final,Norway,Germany,16,14,25,21,5,22,6,,
2025,final,Norway,Greece,15,12,11,2,24,11,17,,
2025,final,Norway,Iceland,8,22,23,18,22,24,13,,
2025,final,Norway,Israel,2,18,13,8,13,21,19,,
2025,final,Norway,Italy,12,17,21,13,14,16,8,,
2025,final,Norway,Latvia,14,5,20,3,15,2,20,,
2025,final,Norway,Lithuania,7,24,18,23,19,20,24,,
2025,final,Norway,Luxembourg,22,21,12,24,18,23,15,,
2025,final,Norway,Malta,23,19,19,22,16,12,10,,
2025,final,Norway,Netherlands,6,6,5,14,12,7,4,,
2025,final,Norway,Poland,3,23,22,20,17,19,25,,
2025,final,Norway,Portugal,20,16,16,10,8,14,23,,
2025,final,Norway,San Marino,25,25,24,25,21,25,16,,
2025,final,Norway,Spain,18,13,3,15,11,17,14,,
2025,final,Norway,Sweden,1,2,4,4,2,6,1,,
2025,final,Norway,Switzerland,19,8,17,11,20,5,2,,
2025,final,Norway,Ukraine,9,10,9,17,4,4,21,,
2025,final,Norway,United Kingdom,21,4,8,7,3,18,5,,
2025,final,Poland,Albania,7,6,25,16,6,13,4,,
2025,final,Poland,Armenia,15,25,19,24,25,18,23,,
2025,final,Poland,Austria,4,4,7,3,3,4,10,,
2025,final,Poland,Denmark,21,12,21,5,10,20,11,,
2025,final,Poland,Estonia,2,15,10,23,11,6,18,,
2025,final,Poland,Finland,10,24,17,13,21,19,25,,
2025,final,Poland,France,16,8,23,11,4,15,9,,
2025,final,Poland,Germany,6,13,18,9,13,5,22,,
2025,final,Poland,Greece,17,7,12,15,16,12,3,,
2025,final,Poland,Iceland,13,23,9,19,14,23,16,,
2025,final,Poland,Israel,12,18,4,18,20,25,21,,
2025,final,Poland,Italy,11,3,5,10,8,1,2,,
2025,final,Poland,Latvia,9,11,16,12,7,21,6,,
2025,final,Poland,Lithuania,5,5,11,6,18,2,17,,
2025,final,Poland,Luxembourg,24,19,14,21,15,24,5,,
2025,final,Poland,Malta,22,20,20,7,19,9,24,,
2025,final,Poland,Netherlands,14,2,1,2,2,3,14,,
2025,final,Poland,Norway,8,9,15,20,5,8,12,,
2025,final,Poland,Portugal,19,22,22,8,23,10,19,,
2025,final,Poland,San Marino,23,14,3,25,22,16,15,,
2025,final,Poland,Spain,20,21,6,14,24,22,20,,
2025,final,Poland,Sweden,3,16,24,22,9,11,7,,
2025,final,Poland,Switzerland,18,1,2,1,1,7,1,,
2025,final,Poland,Ukraine,1,17,8,17,17,14,8,,
2025,final,Poland,United Kingdom,25,10,13,4,12,17,13,,
2025,final,Portugal,Albania,9,7,1,13,10,12,21,,
2025,final,Portugal,Armenia,21,14,22,5,8,17,16,,
2025,final,Portugal,Austria,4,5,10,6,15,4,3,,
2025,final,Portugal,Denmark,23,21,23,12,17,21,19,,
2025,final,Portugal,Estonia,10,8,12,8,19,2,11,,
2025,final,Portugal,Finland,13,20,20,22,11,15,23,,
2025,final,Portugal,France,6,12,14,9,9,8,10,,
2025,final,Portugal,Germany,15,17,21,15,7,22,15,,
2025,final,Portugal,Greece,18,10,6,14,16,19,4,,
2025,final,Portugal,Iceland,19,24,18,24,25,25,17,,
2025,final,Portugal,Israel,1,23,13,25,22,18,25,,
2025,final,Portugal,Italy,3,1,3,2,1,1,1,,
2025,final,Portugal,Latvia,16,4,7,3,2,7,14,,
2025,final,Portugal,Lithuania,14,13,15,7,13,11,7,,
2025,final,Portugal,Luxembourg,20,15,9,21,18,13,6,,
2025,final,Portugal,Malta,24,22,25,16,21,14,18,,
2025,final,Portugal,Netherlands,8,6,4,11,6,9,8,,
2025,final,Portugal,Norway,17,18,11,17,23,20,12,,
2025,final,Portugal,Poland,12,16,5,20,20,23,24,,
2025,final,Portugal,San Marino,25,25,17,23,24,24,22,,
2025,final,Portugal,Spain,5,19,19,18,14,16,13,,
2025,final,Portugal,Sweden,7,11,24,10,12,3,20,,
2025,final,Portugal,Switzerland,11,2,8,1,4,6,2,,
2025,final,Portugal,Ukraine,2,3,2,4,3,5,9,,
2025,final,Portugal,United Kingdom,22,9,16,19,5,10,5,,
2025,final,San Marino,Albania,3,14,21,12,4,11,8,,
2025,final,San Marino,Armenia,18,21,19,20,11,23,20,,
2025,final,San Marino,Austria,6,13,7,4,12,15,14,,
2025,final,San Marino,Denmark,24,15,16,14,25,8,16,,
2025,final,San Marino,Estonia,4,4,4,9,6,9,6,,
2025,final,San Marino,Finland,12,23,23,24,24,13,19,,
2025,final,San Marino,France,13,6,6,10,19,10,3,,
2025,final,San Marino,Germany,16,11,10,8,13,4,12,,
2025,final,San Marino,Greece,1,12,5,7,15,22,7,,
2025,final,San Marino,Iceland,19,16,24,22,8,17,22,,
2025,final,San Marino,Israel,2,19,9,15,23,25,25,,
2025,final,San Marino,Italy,8,1,1,1,1,1,1,,
2025,final,San Marino,Latvia,17,3,14,3,2,6,13,,
2025,final,San Marino,Lithuania,14,8,8,13,3,12,11,,
2025,final,San Marino,Luxembourg,23,20,20,21,9,24,24,,
2025,final,San Marino,Malta,21,10,25,6,16,7,5,,
2025,final,San Marino,Netherlands,9,18,11,19,17,16,18,,
2025,final,San Marino,Norway,11,22,17,18,14,18,23,,
2025,final,San Marino,Poland,5,25,22,23,21,21,21,,
2025,final,San Marino,Portugal,25,5,12,16,10,3,4,,
2025,final,San Marino,Spain,15,17,15,11,20,19,15,,
2025,final,San Marino,Sweden,10,24,18,25,18,20,17,,
2025,final,San Marino,Switzerland,20,2,2,2,7,2,2,,
2025,final,San Marino,Ukraine,7,7,3,17,22,5,9,,
2025,final,San Marino,United Kingdom,22,9,13,5,5,14,10,,
2025,final,Serbia,Albania,7,24,24,24,20,22,21,,
2025,final,Serbia,Armenia,19,9,6,8,9,11,9,,
2025,final,Serbia,Austria,2,3,4,3,2,5,4,,
2025,final,Serbia,Denmark,25,6,5,6,8,4,6,,
2025,final,Serbia,Estonia,1,8,18,5,12,6,8,,
2025,final,Serbia,Finland,5,21,17,17,17,21,22,,
2025,final,Serbia,France,13,1,1,2,1,1,1,,
2025,final,Serbia,Germany,6,2,2,1,6,2,2,,
2025,final,Serbia,Greece,3,5,8,4,3,3,13,,
2025,final,Serbia,Iceland,15,26,25,23,24,26,24,,
2025,final,Serbia,Israel,9,11,11,7,7,13,17,,
2025,final,Serbia,Italy,11,13,14,16,16,18,7,,
2025,final,Serbia,Latvia,17,10,13,14,4,8,10,,
2025,final,Serbia,Lithuania,14,25,21,26,26,20,26,,
2025,final,Serbia,Luxembourg,20,14,12,11,13,16,23,,
2025,final,Serbia,Malta,10,18,20,25,11,14,19,,
2025,final,Serbia,Netherlands,12,16,15,21,14,12,15,,
2025,final,Serbia,Norway,8,22,26,22,15,25,18,,
2025,final,Serbia,Poland,16,23,16,20,22,24,25,,
2025,final,Serbia,Portugal,26,19,22,19,21,15,12,,
2025,final,Serbia,San Marino,23,20,23,12,23,23,20,,
2025,final,Serbia,Spain,18,12,9,13,25,9,16,,
2025,final,Serbia,Sweden,4,17,19,18,18,17,11,,
2025,final,Serbia,Switzerland,22,4,3,10,5,7,3,,
2025,final,Serbia,Ukraine,21,7,7,9,10,10,5,,
2025,final,Serbia,United Kingdom,24,15,10,15,19,19,14,,
2025,final,Slovenia,Albania,3,13,8,25,24,8,12,,
2025,final,Slovenia,Armenia,25,19,13,13,15,25,13,,
2025,final,Slovenia,Austria,2,2,1,6,5,1,2,,
2025,final,Slovenia,Denmark,26,23,22,19,21,13,19,,
2025,final,Slovenia,Estonia,4,4,5,4,4,11,5,,
2025,final,Slovenia,Finland,11,15,24,8,7,26,25,,
2025,final,Slovenia,France,15,8,6,7,17,5,6,,
2025,final,Slovenia,Germany,12,17,17,10,8,19,26,,
2025,final,Slovenia,Greece,17,14,15,16,12,7,14,,
2025,final,Slovenia,Iceland,10,18,18,21,14,22,7,,
2025,final,Slovenia,Israel,5,12,9,18,22,9,10,,
2025,final,Slovenia,Italy,1,1,4,1,1,2,1,,
2025,final,Slovenia,Latvia,19,16,19,11,19,15,8,,
2025,final,Slovenia,Lithuania,14,11,26,5,23,10,21,,
2025,final,Slovenia,Luxembourg,7,25,23,23,25,17,18,,
2025,final,Slovenia,Malta,23,22,20,24,13,16,24,,
2025,final,Slovenia,Netherlands,13,7,3,9,6,12,9,,
2025,final,Slovenia,Norway,9,9,14,14,10,14,4,,
2025,final,Slovenia,Poland,16,20,12,15,11,21,22,,
2025,final,Slovenia,Portugal,18,10,21,17,20,4,15,,
2025,final,Slovenia,San Marino,22,26,25,26,26,24,23,,
2025,final,Slovenia,Spain,21,24,16,20,18,23,16,,
2025,final,Slovenia,Sweden,6,5,2,12,2,20,11,,
2025,final,Slovenia,Switzerland,20,3,7,2,3,6,3,,
2025,final,Slovenia,Ukraine,8,6,10,3,9,3,20,,
2025,final,Slovenia,United Kingdom,24,21,11,22,16,18,17,,
2025,final,Spain,Albania,8,10,5,12,9,18,4,,
2025,final,Spain,Armenia,13,19,10,16,11,24,19,,
2025,final,Spain,Austria,7,4,11,4,6,5,3,,
2025,final,Spain,Denmark,20,16,16,22,12,17,6,,
2025,final,Spain,Estonia,4,24,23,24,24,13,15,,
2025,final,Spain,Finland,5,17,14,11,7,25,22,,
2025,final,Spain,France,10,3,8,10,1,2,17,,
2025,final,Spain,Germany,14,8,12,6,4,10,10,,
2025,final,Spain,Greece,15,20,21,21,15,23,8,,
2025,final,Spain,Iceland,17,22,22,23,19,9,23,,
2025,final,Spain,Israel,1,18,25,20,22,6,24,,
2025,final,Spain,Italy,11,7,6,3,13,11,11,,
2025,final,Spain,Latvia,22,12,7,5,16,19,20,,
2025,final,Spain,Lithuania,19,15,4,18,23,20,16,,
2025,final,Spain,Luxembourg,25,13,15,8,20,7,9,,
2025,final,Spain,Malta,18,6,13,15,5,12,1,,
2025,final,Spain,Netherlands,12,2,3,9,3,1,7,,
2025,final,Spain,Norway,9,21,20,17,10,22,14,,
2025,final,Spain,Poland,3,14,18,19,14,14,5,,
2025,final,Spain,Portugal,16,23,17,13,21,15,21,,
2025,final,Spain,San Marino,21,25,24,25,25,16,25,,
2025,final,Spain,Sweden,6,11,2,14,17,8,12,,
2025,final,Spain,Switzerland,23,1,1,1,2,4,18,,
2025,final,Spain,Ukraine,2,9,9,7,18,21,2,,
2025,final,Spain,United Kingdom,24,5,19,2,8,3,13,,
2025,final,Sweden,Albania,4,8,1,22,6,13,24,,
2025,final,Sweden,Armenia,20,17,24,13,17,9,8,,
2025,final,Sweden,Austria,11,1,16,1,18,2,3,,
2025,final,Sweden,Denmark,13,22,21,14,20,12,11,,
2025,final,Sweden,Estonia,3,11,20,15,9,6,6,,
2025,final,Sweden,Finland,2,5,11,9,10,1,5,,
2025,final,Sweden,France,17,4,2,5,14,18,1,,
2025,final,Sweden,Germany,12,18,12,24,7,21,17,,
2025,final,Sweden,Greece,8,16,4,18,22,22,20,,
2025,final,Sweden,Iceland,6,20,9,20,12,23,18,,
2025,final,Sweden,Israel,1,12,23,17,3,15,12,,
2025,final,Sweden,Italy,10,15,8,7,15,14,19,,
2025,final,Sweden,Latvia,16,13,5,11,25,10,23,,
2025,final,Sweden,Lithuania,15,19,6,23,24,24,25,,
2025,final,Sweden,Luxembourg,19,14,15,19,16,4,14,,
2025,final,Sweden,Malta,25,10,19,8,5,8,7,,
2025,final,Sweden,Netherlands,9,3,17,2,1,16,4,,
2025,final,Sweden,Norway,14,7,22,3,8,5,10,,
2025,final,Sweden,Poland,5,21,10,16,13,17,22,,
2025,final,Sweden,Portugal,23,24,14,12,23,20,16,,
2025,final,Sweden,San Marino,22,23,13,21,11,25,15,,
2025,final,Sweden,Spain,18,9,18,10,2,11,9,,
2025,final,Sweden,Switzerland,21,2,7,4,4,7,2,,
2025,final,Sweden,Ukraine,7,6,3,6,19,3,21,,
2025,final,Sweden,United Kingdom,24,25,25,25,21,19,13,,
2025,final,Switzerland,Albania,2,15,17,7,20,11,21,,
2025,final,Switzerland,Armenia,25,21,22,21,8,19,19,,
2025,final,Switzerland,Austria,5,4,23,1,7,2,17,,
2025,final,Switzerland,Denmark,23,22,13,23,16,14,15,,
2025,final,Switzerland,Estonia,9,6,6,5,13,22,2,,
2025,final,Switzerland,Finland,16,8,4,25,5,8,9,,
2025,final,Switzerland,France,7,3,3,3,3,5,10,,
2025,final,Switzerland,Germany,11,12,25,19,19,9,4,,
2025,final,Switzerland,Greece,4,11,5,8,18,18,11,,
2025,final,Switzerland,Iceland,14,20,8,13,22,24,23,,
2025,final,Switzerland,Israel,1,14,7,11,11,17,22,,
2025,final,Switzerland,Italy,3,1,2,6,1,4,1,,
2025,final,Switzerland,Latvia,20,13,18,12,14,25,5,,
2025,final,Switzerland,Lithuania,21,18,20,16,9,20,13,,
2025,final,Switzerland,Luxembourg,19,23,12,15,25,16,18,,
2025,final,Switzerland,Malta,24,24,19,24,15,12,16,,
2025,final,Switzerland,Netherlands,10,5,10,2,12,3,12,,
2025,final,Switzerland,Norway,18,19,9,14,17,15,25,,
2025,final,Switzerland,Poland,8,25,16,20,23,23,14,,
2025,final,Switzerland,Portugal,12,9,15,17,2,13,6,,
2025,final,Switzerland,San Marino,17,17,24,9,24,10,20,,
2025,final,Switzerland,Spain,13,16,14,18,21,21,7,,
2025,final,Switzerland,Sweden,6,2,1,4,4,1,24,,
2025,final,Switzerland,Ukraine,15,10,21,10,10,6,8,,
2025,final,Switzerland,United Kingdom,22,7,11,22,6,7,3,,
2025,final,Ukraine,Albania,11,12,19,23,3,24,21,,
2025,final,Ukraine,Armenia,19,15,13,18,14,12,10,,
2025,final,Ukraine,Austria,5,10,11,7,12,10,8,,
2025,final,Ukraine,Denmark,22,21,18,17,13,18,18,,
2025,final,Ukraine,Estonia,9,6,5,6,17,2,15,,
2025,final,Ukraine,Finland,14,14,15,15,20,5,23,,
2025,final,Ukraine,France,17,11,14,14,4,19,20,,
2025,final,Ukraine,Germany,6,1,2,4,1,1,5,,
2025,final,Ukraine,Greece,24,20,22,22,21,25,9,,
2025,final,Ukraine,Iceland,16,24,24,25,25,21,17,,
2025,final,Ukraine,Israel,10,9,7,10,10,15,6,,
2025,final,Ukraine,Italy,4,3,1,1,9,7,4,,
2025,final,Ukraine,Latvia,3,5,6,5,6,4,3,,
2025,final,Ukraine,Lithuania,1,17,12,12,24,17,11,,
2025,final,Ukraine,Luxembourg,18,8,10,13,19,3,7,,
2025,final,Ukraine,Malta,15,19,23,16,15,11,25,,
2025,final,Ukraine,Netherlands,12,18,16,11,18,14,16,,
2025,final,Ukraine,Norway,2,16,21,21,8,13,14,,
2025,final,Ukraine,Poland,8,22,20,19,16,22,12,,
2025,final,Ukraine,Portugal,13,7,4,9,7,9,13,,
2025,final,Ukraine,San Marino,23,25,25,24,23,23,24,,
2025,final,Ukraine,Spain,25,23,17,20,22,20,19,,
2025,final,Ukraine,Sweden,7,13,9,8,11,16,22,,
2025,final,Ukraine,Switzerland,20,4,3,3,5,6,2,,
2025,final,Ukraine,United Kingdom,21,2,8,2,2,8,1,,
2025,final,United Kingdom,Albania,6,24,22,24,19,25,20,,
2025,final,United Kingdom,Armenia,19,13,25,2,18,16,19,,
2025,final,United Kingdom,Austria,12,3,6,1,6,5,24,,
2025,final,United Kingdom,Denmark,16,2,13,13,1,3,3,,
2025,final,United Kingdom,Estonia,5,8,2,17,12,9,15,,
2025,final,United Kingdom,Finland,7,6,5,10,3,19,7,,
2025,final,United Kingdom,France,23,9,21,3,8,23,10,,
2025,final,United Kingdom,Germany,13,18,7,12,17,17,8,,
2025,final,United Kingdom,Greece,9,10,20,21,9,15,2,,
2025,final,United Kingdom,Iceland,11,23,24,19,10,22,23,,
2025,final,United Kingdom,Israel,1,22,16,18,21,14,16,,
2025,final,United Kingdom,Italy,15,20,10,11,23,18,9,,
2025,final,United Kingdom,Latvia,8,1,1,5,5,1,25,,
2025,final,United Kingdom,Lithuania,3,5,12,4,20,20,1,,
2025,final,United Kingdom,Luxembourg,20,7,4,8,11,6,12,,
2025,final,United Kingdom,Malta,10,4,3,15,4,2,22,,
2025,final,United Kingdom,Netherlands,18,17,18,9,7,10,13,,
2025,final,United Kingdom,Norway,24,14,14,6,13,8,14,,
2025,final,United Kingdom,Poland,2,19,19,20,14,4,18,,
2025,final,United Kingdom,Portugal,21,16,9,14,24,12,5,,
2025,final,United Kingdom,San Marino,25,25,23,25,25,24,21,,
2025,final,United Kingdom,Spain,17,15,15,7,16,7,11,,
2025,final,United Kingdom,Sweden,4,11,11,23,2,13,17,,
2025,final,United Kingdom,Switzerland,22,12,8,22,15,11,4,,
2025,final,United Kingdom,Ukraine,14,21,17,16,22,21,6,,
2026,semi-final-1,Belgium,Croatia,6,4,6,4,13,8,6,4,3
2026,semi-final-1,Belgium,Estonia,10,8,7,6,10,9,2,7,11
2026,semi-final-1,Belgium,Finland,5,5,11,5,4,6,4,5,7
2026,semi-final-1,Belgium,Georgia,13,14,14,13,8,14,14,14,12
2026,semi-final-1,Belgium,Greece,4,9,5,10,11,10,10,9,2
2026,semi-final-1,Belgium,Israel,2,3,2,14,2,4,7,2,14
2026,semi-final-1,Belgium,Lithuania,9,7,9,3,9,5,8,8,5
2026,semi-final-1,Belgium,Moldova,1,10,13,9,6,13,9,6,4
2026,semi-final-1,Belgium,Montenegro,14,11,4,7,12,7,12,10,9
2026,semi-final-1,Belgium,Poland,3,1,1,1,1,1,1,1,1
2026,semi-final-1,Belgium,Portugal,7,6,12,8,3,2,3,11,13
2026,semi-final-1,Belgium,San Marino,11,12,8,12,7,11,11,13,10
2026,semi-final-1,Belgium,Serbia,8,13,10,11,14,12,13,12,6
2026,semi-final-1,Belgium,Sweden,12,2,3,2,5,3,5,3,8
2026,semi-final-1,Croatia,Belgium,11,9,8,8,8,10,5,5,6
2026,semi-final-1,Croatia,Estonia,9,12,14,13,12,9,11,9,5
2026,semi-final-1,Croatia,Finland,8,2,2,6,2,1,1,10,4
2026,semi-final-1,Croatia,Georgia,14,14,12,14,14,14,13,14,14
2026,semi-final-1,Croatia,Greece,7,7,7,4,5,8,4,12,10
2026,semi-final-1,Croatia,Israel,5,1,1,2,9,2,3,3,2
2026,semi-final-1,Croatia,Lithuania,12,8,4,7,11,5,9,4,12
2026,semi-final-1,Croatia,Moldova,3,5,6,9,4,3,6,6,11
2026,semi-final-1,Croatia,Montenegro,2,10,9,3,7,13,12,7,13
2026,semi-final-1,Croatia,Poland,4,3,3,5,6,4,7,1,1
2026,semi-final-1,Croatia,Portugal,6,11,11,12,10,11,10,11,3
2026,semi-final-1,Croatia,San Marino,13,13,13,11,13,12,14,13,7
2026,semi-final-1,Croatia,Serbia,1,4,5,1,1,6,8,2,8
2026,semi-final-1,Croatia,Sweden,10,6,10,10,3,7,2,8,9
2026,semi-final-1,Estonia,Belgium,11,3,4,2,5,7,7,4,2
2026,semi-final-1,Estonia,Croatia,8,5,1,7,4,4,8,7,10
2026,semi-final-1,Estonia,Finland,1,1,9,1,1,1,1,1,1
2026,semi-final-1,Estonia,Georgia,14,13,8,12,12,10,12,12,9
2026,semi-final-1,Estonia,Greece,10,4,11,8,2,5,3,2,5
2026,semi-final-1,Estonia,Israel,2,7,5,9,6,9,10,3,6
2026,semi-final-1,Estonia,Lithuania,5,8,3,14,13,6,4,5,13
2026,semi-final-1,Estonia,Moldova,4,12,12,10,8,8,9,10,12
2026,semi-final-1,Estonia,Montenegro,13,11,2,11,11,11,11,13,11
2026,semi-final-1,Estonia,Poland,7,2,6,5,3,2,2,6,7
2026,semi-final-1,Estonia,Portugal,3,9,7,6,9,13,5,9,8
2026,semi-final-1,Estonia,San Marino,12,10,13,4,10,14,14,11,4
2026,semi-final-1,Estonia,Serbia,6,14,14,13,14,12,13,14,14
2026,semi-final-1,Estonia,Sweden,9,6,10,3,7,3,6,8,3
2026,semi-final-1,Finland,Belgium,10,1,7,5,3,4,2,4,1
2026,semi-final-1,Finland,Croatia,5,2,2,13,7,7,1,1,2
2026,semi-final-1,Finland,Estonia,1,11,10,9,9,8,9,3,8
2026,semi-final-1,Finland,Georgia,14,14,12,12,14,13,13,12,14
2026,semi-final-1,Finland,Greece,12,7,13,3,13,9,4,9,3
2026,semi-final-1,Finland,Israel,2,5,3,2,4,6,7,8,5
2026,semi-final-1,Finland,Lithuania,6,3,1,4,1,1,11,13,6
2026,semi-final-1,Finland,Moldova,7,8,8,1,11,11,14,5,10
2026,semi-final-1,Finland,Montenegro,11,9,5,11,8,5,5,11,12
2026,semi-final-1,Finland,Poland,9,4,4,6,2,3,6,7,4
2026,semi-final-1,Finland,Portugal,8,10,11,7,12,10,8,2,9
2026,semi-final-1,Finland,San Marino,13,13,14,14,10,14,12,10,11
2026,semi-final-1,Finland,Serbia,3,12,6,10,5,12,10,14,13
2026,semi-final-1,Finland,Sweden,4,6,9,8,6,2,3,6,7
2026,semi-final-1,Georgia,Belgium,9,13,13,12,12,14,12,10,11
2026,semi-final-1,Georgia,Croatia,10,8,7,3,8,10,9,9,14
2026,semi-final-1,Georgia,Estonia,14,12,9,11,14,13,13,14,9
2026,semi-final-1,Georgia,Finland,7,1,1,1,1,2,1,2,2
2026,semi-final-1,Georgia,Greece,4,2,3,2,2,1,2,4,1
2026,semi-final-1,Georgia,Israel,1,6,6,6,6,4,7,5,6
2026,semi-final-1,Georgia,Lithuania,5,10,10,9,10,9,10,8,8
2026,semi-final-1,Georgia,Moldova,2,4,5,5,4,5,5,3,3
2026,semi-final-1,Georgia,Montenegro,6,11,12,14,13,11,8,11,12
2026,semi-final-1,Georgia,Poland,8,9,11,4,9,7,11,13,7
2026,semi-final-1,Georgia,Portugal,11,14,14,13,11,12,14,12,13
2026,semi-final-1,Georgia,San Marino,12,7,8,8,7,8,6,7,10
2026,semi-final-1,Georgia,Serbia,3,5,4,10,5,6,3,6,5
2026,semi-final-1,Georgia,Sweden,13,3,2,7,3,3,4,1,4
2026,semi-final-1,Germany,Belgium,11,9,5,9,6,9,9,7,8
2026,semi-final-1,Germany,Croatia,5,3,13,3,4,1,1,9,11
2026,semi-final-1,Germany,Estonia,10,13,7,8,14,14,10,13,7
2026,semi-final-1,Germany,Finland,7,2,6,2,12,2,5,1,2
2026,semi-final-1,Germany,Georgia,15,15,14,10,10,13,15,14,9
2026,semi-final-1,Germany,Greece,3,6,9,15,2,4,14,2,5
2026,semi-final-1,Germany,Israel,1,4,11,6,5,3,6,5,1
2026,semi-final-1,Germany,Lithuania,8,8,4,12,7,10,3,6,14
2026,semi-final-1,Germany,Moldova,4,10,15,7,9,6,12,10,4
2026,semi-final-1,Germany,Montenegro,12,7,3,4,3,12,13,11,13
2026,semi-final-1,Germany,Poland,2,1,1,1,1,7,7,4,3
2026,semi-final-1,Germany,Portugal,9,14,8,13,15,15,8,15,6
2026,semi-final-1,Germany,San Marino,13,11,2,14,11,11,11,8,12
2026,semi-final-1,Germany,Serbia,6,12,12,11,13,8,4,12,15
2026,semi-final-1,Germany,Sweden,14,5,10,5,8,5,2,3,10
2026,semi-final-1,Greece,Belgium,12,11,7,4,8,8,11,14,11
2026,semi-final-1,Greece,Croatia,6,5,3,12,4,1,4,4,6
2026,semi-final-1,Greece,Estonia,14,8,8,5,11,2,7,10,13
2026,semi-final-1,Greece,Finland,8,4,1,2,3,3,6,11,8
2026,semi-final-1,Greece,Georgia,9,13,14,14,14,13,12,8,9
2026,semi-final-1,Greece,Israel,2,7,11,8,12,5,14,3,4
2026,semi-final-1,Greece,Lithuania,10,9,9,1,10,11,8,12,10
2026,semi-final-1,Greece,Moldova,3,6,4,13,6,12,1,5,3
2026,semi-final-1,Greece,Montenegro,7,3,5,10,2,9,3,2,2
2026,semi-final-1,Greece,Poland,5,1,2,7,1,7,2,6,5
2026,semi-final-1,Greece,Portugal,13,14,12,9,13,14,13,9,14
2026,semi-final-1,Greece,San Marino,4,12,13,6,9,10,9,7,7
2026,semi-final-1,Greece,Serbia,1,2,10,3,7,6,5,1,1
2026,semi-final-1,Greece,Sweden,11,10,6,11,5,4,10,13,12
2026,semi-final-1,Israel,Belgium,7,3,1,3,5,4,1,2,3
2026,semi-final-1,Israel,Croatia,4,12,14,12,13,11,7,12,11
2026,semi-final-1,Israel,Estonia,8,5,10,5,6,5,3,6,8
2026,semi-final-1,Israel,Finland,6,2,3,4,1,3,5,1,1
2026,semi-final-1,Israel,Georgia,12,10,12,9,10,12,4,10,14
2026,semi-final-1,Israel,Greece,2,4,4,1,2,2,13,4,4
2026,semi-final-1,Israel,Lithuania,13,13,13,11,11,14,9,11,10
2026,semi-final-1,Israel,Moldova,1,6,7,6,4,6,11,5,5
2026,semi-final-1,Israel,Montenegro,9,11,11,13,12,10,6,13,13
2026,semi-final-1,Israel,Poland,5,1,2,2,3,1,2,3,2
2026,semi-final-1,Israel,Portugal,11,7,6,8,7,7,10,9,7
2026,semi-final-1,Israel,San Marino,3,9,8,7,8,9,8,8,9
2026,semi-final-1,Israel,Serbia,10,14,9,14,14,13,14,14,12
2026,semi-final-1,Israel,Sweden,14,8,5,10,9,8,12,7,6
2026,semi-final-1,Italy,Belgium,13,1,2,5,3,4,2,1,1
2026,semi-final-1,Italy,Croatia,6,10,7,7,9,13,13,4,12
2026,semi-final-1,Italy,Estonia,15,5,8,15,11,1,4,9,3
2026,semi-final-1,Italy,Finland,7,8,11,6,7,5,6,12,9
2026,semi-final-1,Italy,Georgia,12,15,12,13,15,11,14,15,15
2026,semi-final-1,Italy,Greece,8,13,14,8,13,7,9,10,14
2026,semi-final-1,Italy,Israel,2,12,10,10,14,10,12,8,7
2026,semi-final-1,Italy,Lithuania,10,4,6,1,2,3,11,3,5
2026,semi-final-1,Italy,Moldova,1,6,5,2,5,9,7,6,13
2026,semi-final-1,Italy,Montenegro,9,11,13,9,8,14,5,13,8
2026,semi-final-1,Italy,Poland,5,3,3,3,1,12,3,5,2
2026,semi-final-1,Italy,Portugal,14,9,4,12,10,8,10,7,11
2026,semi-final-1,Italy,San Marino,3,7,9,11,4,6,8,11,4
2026,semi-final-1,Italy,Serbia,4,14,15,14,12,15,15,14,10
2026,semi-final-1,Italy,Sweden,11,2,1,4,6,2,1,2,6
2026,semi-final-1,Lithuania,Belgium,11,8,10,7,4,11,5,6,6
2026,semi-final-1,Lithuania,Croatia,8,10,3,11,6,10,8,10,12
2026,semi-final-1,Lithuania,Estonia,3,7,8,4,8,4,10,12,3
2026,semi-final-1,Lithuania,Finland,5,6,13,6,7,3,6,4,5
2026,semi-final-1,Lithuania,Georgia,14,14,11,14,14,14,14,14,14
2026,semi-final-1,Lithuania,Greece,9,9,9,10,13,2,9,5,13
2026,semi-final-1,Lithuania,Israel,6,2,2,5,5,7,2,1,8
2026,semi-final-1,Lithuania,Moldova,4,5,6,3,2,9,4,9,11
2026,semi-final-1,Lithuania,Montenegro,12,12,12,8,11,12,12,11,7
2026,semi-final-1,Lithuania,Poland,2,1,1,1,1,1,1,2,1
2026,semi-final-1,Lithuania,Portugal,7,4,4,9,10,8,7,3,2
2026,semi-final-1,Lithuania,San Marino,13,13,14,12,9,13,13,8,9
2026,semi-final-1,Lithuania,Serbia,1,11,5,13,12,6,11,13,4
2026,semi-final-1,Lithuania,Sweden,10,3,7,2,3,5,3,7,10
2026,semi-final-1,Moldova,Belgium,10,5,10,7,9,6,7,4,4
2026,semi-final-1,Moldova,Croatia,4,4,3,5,4,12,6,6,9
2026,semi-final-1,Moldova,Estonia,9,8,4,13,3,10,12,9,11
2026,semi-final-1,Moldova,Finland,6,7,6,4,13,7,11,12,6
2026,semi-final-1,Moldova,Georgia,13,14,13,12,8,14,14,14,14
2026,semi-final-1,Moldova,Greece,5,3,5,2,6,3,2,1,2
2026,semi-final-1,Moldova,Israel,1,1,2,1,1,2,3,2,1
2026,semi-final-1,Moldova,Lithuania,8,9,9,10,11,8,5,8,7
2026,semi-final-1,Moldova,Montenegro,12,12,11,14,10,13,8,5,8
2026,semi-final-1,Moldova,Poland,2,2,1,3,2,1,1,3,3
2026,semi-final-1,Moldova,Portugal,11,11,12,11,5,5,9,10,13
2026,semi-final-1,Moldova,San Marino,14,13,14,9,14,11,13,13,10
2026,semi-final-1,Moldova,Serbia,3,6,8,6,7,9,4,7,5
2026,semi-final-1,Moldova,Sweden,7,10,7,8,12,4,10,11,12
2026,semi-final-1,Montenegro,Belgium,10,10,14,9,11,10,9,11,13
2026,semi-final-1,Montenegro,Croatia,2,2,2,3,4,5,1,1,1
2026,semi-final-1,Montenegro,Estonia,12,11,10,10,12,9,13,13,11
2026,semi-final-1,Montenegro,Finland,7,3,5,2,2,2,7,3,2
2026,semi-final-1,Montenegro,Georgia,13,13,13,11,13,11,11,10,14
2026,semi-final-1,Montenegro,Greece,8,4,1,5,3,3,5,4,7
2026,semi-final-1,Montenegro,Israel,3,12,6,14,10,14,14,14,12
2026,semi-final-1,Montenegro,Lithuania,6,14,11,13,14,12,12,12,10
2026,semi-final-1,Montenegro,Moldova,4,7,8,8,8,7,4,6,8
2026,semi-final-1,Montenegro,Poland,5,8,9,6,6,8,8,8,6
2026,semi-final-1,Montenegro,Portugal,9,9,12,12,9,13,10,9,9
2026,semi-final-1,Montenegro,San Marino,14,5,4,7,5,6,6,5,3
2026,semi-final-1,Montenegro,Serbia,1,1,3,1,1,1,2,2,4
2026,semi-final-1,Montenegro,Sweden,11,6,7,4,7,4,3,7,5
2026,semi-final-1,Poland,Belgium,11,1,8,5,3,6,4,2,2
2026,semi-final-1,Poland,Croatia,7,9,5,11,5,5,8,3,9
2026,semi-final-1,Poland,Estonia,8,13,9,6,13,11,9,9,6
2026,semi-final-1,Poland,Finland,4,6,11,8,8,2,6,4,5
2026,semi-final-1,Poland,Georgia,14,12,10,7,7,8,13,13,4
2026,semi-final-1,Poland,Greece,9,7,14,14,1,1,7,8,11
2026,semi-final-1,Poland,Israel,3,2,12,1,10,4,5,11,1
2026,semi-final-1,Poland,Lithuania,6,5,6,4,6,9,2,5,10
2026,semi-final-1,Poland,Moldova,1,10,3,13,11,7,3,6,8
2026,semi-final-1,Poland,Montenegro,5,14,13,12,9,13,11,12,13
2026,semi-final-1,Poland,Portugal,13,3,1,9,4,14,10,1,7
2026,semi-final-1,Poland,San Marino,12,11,2,3,14,12,12,14,14
2026,semi-final-1,Poland,Serbia,2,4,7,2,12,10,1,10,3
2026,semi-final-1,Poland,Sweden,10,8,4,10,2,3,14,7,12
2026,semi-final-1,Portugal,Belgium,11,7,2,13,5,2,11,8,10
2026,semi-final-1,Portugal,Croatia,6,3,3,9,9,3,2,2,2
2026,semi-final-1,Portugal,Estonia,10,13,13,12,3,9,14,12,12
2026,semi-final-1,Portugal,Finland,4,1,8,1,2,8,1,3,5
2026,semi-final-1,Portugal,Georgia,13,14,10,11,12,14,13,13,13
2026,semi-final-1,Portugal,Greece,8,10,12,3,14,13,5,10,14
2026,semi-final-1,Portugal,Israel,1,9,14,14,6,4,4,14,11
2026,semi-final-1,Portugal,Lithuania,9,4,7,4,7,5,3,1,6
2026,semi-final-1,Portugal,Moldova,2,11,5,10,13,11,7,11,8
2026,semi-final-1,Portugal,Montenegro,7,8,9,7,8,7,8,9,7
2026,semi-final-1,Portugal,Poland,5,2,1,5,1,6,10,7,1
2026,semi-final-1,Portugal,San Marino,14,12,11,6,11,10,12,6,9
2026,semi-final-1,Portugal,Serbia,3,5,6,2,4,12,6,4,3
2026,semi-final-1,Portugal,Sweden,12,6,4,8,10,1,9,5,4
2026,semi-final-1,San Marino,Belgium,13,12,11,14,12,9,12,8,7
2026,semi-final-1,San Marino,Croatia,8,5,8,3,1,8,8,4,6
2026,semi-final-1,San Marino,Estonia,7,13,13,13,11,11,7,14,11
2026,semi-final-1,San Marino,Finland,3,3,4,2,2,3,11,6,4
2026,semi-final-1,San Marino,Georgia,14,9,10,8,5,7,14,7,14
2026,semi-final-1,San Marino,Greece,10,1,2,1,8,1,1,1,2
2026,semi-final-1,San Marino,Israel,1,2,5,5,4,2,2,5,1
2026,semi-final-1,San Marino,Lithuania,9,14,14,9,13,14,9,10,13
2026,semi-final-1,San Marino,Moldova,2,6,1,11,3,4,6,9,9
2026,semi-final-1,San Marino,Montenegro,11,4,3,7,6,6,4,2,3
2026,semi-final-1,San Marino,Poland,5,10,12,4,14,12,10,11,10
2026,semi-final-1,San Marino,Portugal,6,11,9,12,10,13,13,12,5
2026,semi-final-1,San Marino,Serbia,4,8,7,10,7,10,3,13,8
2026,semi-final-1,San Marino,Sweden,12,7,6,6,9,5,5,3,12
2026,semi-final-1,Serbia,Belgium,13,7,8,7,8,10,10,4,3
2026,semi-final-1,Serbia,Croatia,1,9,10,11,12,4,7,10,10
2026,semi-final-1,Serbia,Estonia,9,5,5,5,2,8,3,5,13
2026,semi-final-1,Serbia,Finland,6,8,7,8,10,6,5,9,7
2026,semi-final-1,Serbia,Georgia,14,14,13,14,13,14,13,12,14
2026,semi-final-1,Serbia,Greece,3,2,2,6,4,1,4,1,1
2026,semi-final-1,Serbia,Israel,5,1,6,1,1,3,1,2,2
2026,semi-final-1,Serbia,Lithuania,8,13,14,9,14,11,12,14,12
2026,semi-final-1,Serbia,Moldova,4,4,1,2,11,5,9,3,5
2026,semi-final-1,Serbia,Montenegro,2,10,9,12,5,7,8,11,11
2026,semi-final-1,Serbia,Poland,7,3,3,3,6,2,2,8,4
2026,semi-final-1,Serbia,Portugal,12,6,4,4,3,12,6,13,6
2026,semi-final-1,Serbia,San Marino,11,12,12,13,9,13,14,7,8
2026,semi-final-1,Serbia,Sweden,10,11,11,10,7,9,11,6,9
2026,semi-final-1,Sweden,Belgium,11,4,8,7,5,5,9,3,4
2026,semi-final-1,Sweden,Croatia,7,3,6,2,4,6,11,12,1
2026,semi-final-1,Sweden,Estonia,4,9,10,6,9,8,2,9,11
2026,semi-final-1,Sweden,Finland,1,1,1,1,1,1,1,1,8
2026,semi-final-1,Sweden,Georgia,14,14,7,14,10,10,8,8,14
2026,semi-final-1,Sweden,Greece,8,6,2,12,14,3,10,2,12
2026,semi-final-1,Sweden,Israel,2,7,5,5,13,7,7,13,2
2026,semi-final-1,Sweden,Lithuania,6,13,11,8,8,12,6,10,10
2026,semi-final-1,Sweden,Moldova,10,5,4,11,3,2,13,11,6
2026,semi-final-1,Sweden,Montenegro,13,12,3,10,11,14,12,7,9
2026,semi-final-1,Sweden,Poland,3,2,9,3,2,4,4,6,7
2026,semi-final-1,Sweden,Portugal,9,8,13,13,6,11,3,4,5
2026,semi-final-1,Sweden,San Marino,12,10,14,9,7,9,5,5,13
2026,semi-final-1,Sweden,Serbia,5,11,12,4,12,13,14,14,3
2026,semi-final-2,Albania,Armenia,13,7,3,10,8,8,2,7,6
2026,semi-final-2,Albania,Australia,4,8,6,8,2,5,8,12,5
2026,semi-final-2,Albania,Azerbaijan,14,11,13,9,13,9,14,4,10
2026,semi-final-2,Albania,Bulgaria,1,5,5,13,10,7,5,2,1
2026,semi-final-2,Albania,Cyprus,7,3,9,2,4,4,6,1,9
2026,semi-final-2,Albania,Czechia,12,2,2,5,6,6,1,6,4
2026,semi-final-2,Albania,Denmark,2,4,4,6,1,1,7,11,7
2026,semi-final-2,Albania,Latvia,10,14,14,14,14,13,12,14,14
2026,semi-final-2,Albania,Luxembourg,11,12,11,7,7,11,13,13,13
2026,semi-final-2,Albania,Malta,5,1,1,4,5,3,3,3,3
2026,semi-final-2,Albania,Norway,3,6,7,3,3,2,9,8,8
2026,semi-final-2,Albania,Romania,8,9,8,11,11,10,4,5,2
2026,semi-final-2,Albania,Switzerland,9,13,12,12,9,12,10,10,11
2026,semi-final-2,Albania,Ukraine,6,10,10,1,12,14,11,9,12
2026,semi-final-2,Armenia,Albania,3,10,10,6,12,6,12,8,10
2026,semi-final-2,Armenia,Australia,7,1,1,1,1,1,1,1,1
2026,semi-final-2,Armenia,Azerbaijan,14,14,14,14,13,13,13,14,14
2026,semi-final-2,Armenia,Bulgaria,2,3,3,3,2,5,4,4,5
2026,semi-final-2,Armenia,Cyprus,1,6,5,11,5,2,9,11,8
2026,semi-final-2,Armenia,Czechia,6,5,4,8,9,3,2,6,4
2026,semi-final-2,Armenia,Denmark,8,2,6,4,3,4,3,3,2
2026,semi-final-2,Armenia,Latvia,10,11,11,12,11,7,5,13,13
2026,semi-final-2,Armenia,Luxembourg,12,12,13,13,10,9,10,10,9
2026,semi-final-2,Armenia,Malta,9,9,9,7,7,8,7,9,12
2026,semi-final-2,Armenia,Norway,11,4,2,2,6,10,8,2,3
2026,semi-final-2,Armenia,Romania,5,7,8,5,8,12,11,5,6
2026,semi-final-2,Armenia,Switzerland,4,8,7,10,4,11,14,7,7
2026,semi-final-2,Armenia,Ukraine,13,13,12,9,14,14,6,12,11
2026,semi-final-2,Australia,Albania,9,13,9,13,13,9,12,10,13
2026,semi-final-2,Australia,Armenia,7,1,2,4,1,1,1,1,4
2026,semi-final-2,Australia,Azerbaijan,14,14,14,14,7,13,14,13,12
2026,semi-final-2,Australia,Bulgaria,3,2,3,1,2,3,2,2,3
2026,semi-final-2,Australia,Cyprus,10,7,13,3,5,4,8,8,8
2026,semi-final-2,Australia,Czechia,8,6,1,6,11,7,4,6,7
2026,semi-final-2,Australia,Denmark,1,3,7,5,4,6,3,4,1
2026,semi-final-2,Australia,Latvia,13,11,4,8,14,14,10,14,14
2026,semi-final-2,Australia,Luxembourg,11,9,5,10,10,12,7,11,10
2026,semi-final-2,Australia,Malta,5,10,8,12,8,10,9,9,11
2026,semi-final-2,Australia,Norway,2,4,11,2,6,2,5,5,5
2026,semi-final-2,Australia,Romania,4,5,12,11,3,5,6,3,2
2026,semi-final-2,Australia,Switzerland,6,8,6,9,9,8,11,7,6
2026,semi-final-2,Australia,Ukraine,12,12,10,7,12,11,13,12,9
2026,semi-final-2,Austria,Albania,8,10,1,15,9,15,8,12,11
2026,semi-final-2,Austria,Armenia,14,12,10,10,6,6,15,7,8
2026,semi-final-2,Austria,Australia,3,2,8,1,1,8,5,5,4
2026,semi-final-2,Austria,Azerbaijan,15,13,13,6,14,11,9,13,14
2026,semi-final-2,Austria,Bulgaria,1,9,11,9,5,7,10,4,7
2026,semi-final-2,Austria,Cyprus,11,11,5,5,12,12,13,6,9
2026,semi-final-2,Austria,Czechia,12,6,2,12,7,3,7,3,13
2026,semi-final-2,Austria,Denmark,10,3,9,4,3,9,3,11,1
2026,semi-final-2,Austria,Latvia,13,15,15,13,13,5,12,14,12
2026,semi-final-2,Austria,Luxembourg,4,14,14,8,15,14,11,15,6
2026,semi-final-2,Austria,Malta,9,7,7,2,11,13,6,2,15
2026,semi-final-2,Austria,Norway,5,1,6,3,4,4,2,1,3
2026,semi-final-2,Austria,Romania,2,5,3,11,2,2,14,10,5
2026,semi-final-2,Austria,Switzerland,7,4,12,7,8,1,4,9,2
2026,semi-final-2,Austria,Ukraine,6,8,4,14,10,10,1,8,10
2026,semi-final-2,Azerbaijan,Albania,5,1,2,1,2,3,1,1,2
2026,semi-final-2,Azerbaijan,Armenia,14,14,14,13,14,14,14,14,13
2026,semi-final-2,Azerbaijan,Australia,11,2,7,2,6,8,3,2,1
2026,semi-final-2,Azerbaijan,Bulgaria,2,7,4,14,4,9,10,3,4
2026,semi-final-2,Azerbaijan,Cyprus,1,5,3,6,3,13,13,5,3
2026,semi-final-2,Azerbaijan,Czechia,7,10,11,5,10,10,7,9,8
2026,semi-final-2,Azerbaijan,Denmark,8,9,6,3,12,11,8,7,11
2026,semi-final-2,Azerbaijan,Latvia,10,8,8,4,5,2,9,12,7
2026,semi-final-2,Azerbaijan,Luxembourg,12,12,10,11,7,7,11,13,10
2026,semi-final-2,Azerbaijan,Malta,6,4,9,9,9,1,4,4,5
2026,semi-final-2,Azerbaijan,Norway,13,11,13,7,11,6,6,10,12
2026,semi-final-2,Azerbaijan,Romania,4,6,5,12,1,5,5,8,9
2026,semi-final-2,Azerbaijan,Switzerland,3,13,12,8,13,12,12,11,14
2026,semi-final-2,Azerbaijan,Ukraine,9,3,1,10,8,4,2,6,6
2026,semi-final-2,Bulgaria,Albania,1,8,11,7,12,3,13,8,5
2026,semi-final-2,Bulgaria,Armenia,6,7,10,10,7,11,5,3,8
2026,semi-final-2,Bulgaria,Australia,8,3,6,4,10,4,2,4,1
2026,semi-final-2,Bulgaria,Azerbaijan,14,9,3,13,6,5,14,12,10
2026,semi-final-2,Bulgaria,Cyprus,2,2,2,2,2,1,4,2,13
2026,semi-final-2,Bulgaria,Czechia,12,11,13,5,11,13,11,6,4
2026,semi-final-2,Bulgaria,Denmark,10,5,5,9,4,6,8,5,11
2026,semi-final-2,Bulgaria,Latvia,13,13,4,11,14,12,9,9,14
2026,semi-final-2,Bulgaria,Luxembourg,9,14,14,12,13,8,12,14,9
2026,semi-final-2,Bulgaria,Malta,4,1,1,1,1,2,1,1,2
2026,semi-final-2,Bulgaria,Norway,5,4,8,3,5,10,6,10,6
2026,semi-final-2,Bulgaria,Romania,3,12,7,6,9,9,10,13,7
2026,semi-final-2,Bulgaria,Switzerland,11,10,9,14,8,7,3,7,12
2026,semi-final-2,Bulgaria,Ukraine,7,6,12,8,3,14,7,11,3
2026,semi-final-2,Cyprus,Albania,6,1,3,1,2,3,2,1,
2026,semi-final-2,Cyprus,Armenia,7,12,13,14,9,12,11,7,
2026,semi-final-2,Cyprus,Australia,3,4,4,6,10,4,5,4,
2026,semi-final-2,Cyprus,Azerbaijan,14,11,9,10,13,8,10,13,
2026,semi-final-2,Cyprus,Bulgaria,1,3,2,3,6,1,1,3,
2026,semi-final-2,Cyprus,Czechia,11,6,12,4,3,6,8,9,
2026,semi-final-2,Cyprus,Denmark,12,5,5,5,8,5,4,12,
2026,semi-final-2,Cyprus,Latvia,13,13,8,12,11,14,13,8,
2026,semi-final-2,Cyprus,Luxembourg,10,14,11,8,14,13,14,10,
2026,semi-final-2,Cyprus,Malta,5,2,1,2,4,2,3,2,
2026,semi-final-2,Cyprus,Norway,8,7,14,7,1,9,9,11,
2026,semi-final-2,Cyprus,Romania,2,10,10,13,5,10,6,14,
2026,semi-final-2,Cyprus,Switzerland,9,9,7,11,7,11,12,6,
2026,semi-final-2,Cyprus,Ukraine,4,8,6,9,12,7,7,5,
2026,semi-final-2,Czechia,Albania,5,7,7,12,8,4,10,3,
2026,semi-final-2,Czechia,Armenia,11,11,14,10,4,10,5,11,
2026,semi-final-2,Czechia,Australia,8,5,6,9,3,11,11,1,
2026,semi-final-2,Czechia,Azerbaijan,14,12,10,8,12,13,14,2,
2026,semi-final-2,Czechia,Bulgaria,3,10,12,5,5,12,7,6,
2026,semi-final-2,Czechia,Cyprus,12,14,11,13,6,14,12,14,
2026,semi-final-2,Czechia,Denmark,7,4,3,3,2,6,3,12,
2026,semi-final-2,Czechia,Latvia,13,6,9,6,13,1,13,4,
2026,semi-final-2,Czechia,Luxembourg,10,13,8,14,14,7,8,10,
2026,semi-final-2,Czechia,Malta,9,9,5,11,10,5,4,13,
2026,semi-final-2,Czechia,Norway,4,1,1,2,9,8,2,5,
2026,semi-final-2,Czechia,Romania,1,2,13,1,1,2,9,7,
2026,semi-final-2,Czechia,Switzerland,6,3,2,7,7,3,1,8,
2026,semi-final-2,Czechia,Ukraine,2,8,4,4,11,9,6,9,
2026,semi-final-2,Denmark,Albania,7,14,6,13,11,10,9,13,8
2026,semi-final-2,Denmark,Armenia,13,8,13,12,10,14,7,6,1
2026,semi-final-2,Denmark,Australia,4,2,1,8,8,5,1,3,7
2026,semi-final-2,Denmark,Azerbaijan,14,13,14,10,12,7,3,10,13
2026,semi-final-2,Denmark,Bulgaria,2,1,5,2,13,2,2,2,5
2026,semi-final-2,Denmark,Cyprus,9,10,8,11,14,4,6,9,6
2026,semi-final-2,Denmark,Czechia,8,3,9,6,4,3,4,1,11
2026,semi-final-2,Denmark,Latvia,12,7,12,5,1,6,5,12,14
2026,semi-final-2,Denmark,Luxembourg,5,4,7,14,2,1,11,4,4
2026,semi-final-2,Denmark,Malta,10,5,4,3,3,11,8,14,2
2026,semi-final-2,Denmark,Norway,1,11,10,7,7,12,13,8,3
2026,semi-final-2,Denmark,Romania,6,6,2,1,9,8,10,7,9
2026,semi-final-2,Denmark,Switzerland,11,12,11,4,6,9,12,11,10
2026,semi-final-2,Denmark,Ukraine,3,9,3,9,5,13,14,5,12
2026,semi-final-2,France,Albania,4,14,15,11,6,15,13,13,12
2026,semi-final-2,France,Armenia,5,10,8,5,13,6,7,3,11
2026,semi-final-2,France,Australia,7,4,2,7,1,13,9,5,7
2026,semi-final-2,France,Azerbaijan,15,15,12,13,15,12,15,8,13
2026,semi-final-2,France,Bulgaria,1,5,7,12,14,2,5,1,6
2026,semi-final-2,France,Cyprus,11,13,14,14,12,10,6,9,10
2026,semi-final-2,France,Czechia,13,9,6,3,5,3,12,11,15
2026,semi-final-2,France,Denmark,14,3,3,8,9,1,11,2,8
2026,semi-final-2,France,Latvia,8,11,13,1,10,14,10,10,9
2026,semi-final-2,France,Luxembourg,9,12,5,15,11,9,14,15,4
2026,semi-final-2,France,Malta,6,6,9,9,3,4,2,14,5
2026,semi-final-2,France,Norway,12,1,1,6,4,8,3,7,1
2026,semi-final-2,France,Romania,2,8,11,2,7,5,4,6,14
2026,semi-final-2,France,Switzerland,10,7,10,4,8,11,1,12,3
2026,semi-final-2,France,Ukraine,3,2,4,10,2,7,8,4,2
2026,semi-final-2,Latvia,Albania,10,11,8,11,12,9,13,7,9
2026,semi-final-2,Latvia,Armenia,13,10,5,9,9,10,10,4,8
2026,semi-final-2,Latvia,Australia,9,8,9,10,4,5,2,6,11
2026,semi-final-2,Latvia,Azerbaijan,14,14,14,14,14,14,14,14,13
2026,semi-final-2,Latvia,Bulgaria,5,6,3,7,13,7,11,5,2
2026,semi-final-2,Latvia,Cyprus,12,13,6,13,11,11,12,10,12
2026,semi-final-2,Latvia,Czechia,11,1,1,5,1,6,9,1,1
2026,semi-final-2,Latvia,Denmark,6,2,4,8,2,3,1,9,5
2026,semi-final-2,Latvia,Luxembourg,7,3,2,3,5,4,7,2,14
2026,semi-final-2,Latvia,Malta,8,12,13,12,10,8,6,12,10
2026,semi-final-2,Latvia,Norway,2,5,11,4,6,2,4,8,3
2026,semi-final-2,Latvia,Romania,3,7,12,1,3,13,5,13,7
2026,semi-final-2,Latvia,Switzerland,4,9,7,2,7,12,8,11,4
2026,semi-final-2,Latvia,Ukraine,1,4,10,6,8,1,3,3,6
2026,semi-final-2,Luxembourg,Albania,5,9,3,6,5,12,6,11,12
2026,semi-final-2,Luxembourg,Armenia,13,12,5,9,7,11,10,14,6
2026,semi-final-2,Luxembourg,Australia,10,2,13,1,2,5,14,2,4
2026,semi-final-2,Luxembourg,Azerbaijan,14,14,11,10,14,14,7,10,14
2026,semi-final-2,Luxembourg,Bulgaria,1,6,4,2,8,8,3,12,13
2026,semi-final-2,Luxembourg,Cyprus,3,13,14,12,4,9,12,9,9
2026,semi-final-2,Luxembourg,Czechia,9,8,7,14,9,2,9,8,5
2026,semi-final-2,Luxembourg,Denmark,6,3,9,11,3,10,4,1,3
2026,semi-final-2,Luxembourg,Latvia,8,11,12,13,13,6,8,3,10
2026,semi-final-2,Luxembourg,Malta,7,5,6,8,6,1,5,13,8
2026,semi-final-2,Luxembourg,Norway,11,4,10,4,11,13,2,5,2
2026,semi-final-2,Luxembourg,Romania,2,1,1,3,1,4,1,6,1
2026,semi-final-2,Luxembourg,Switzerland,12,10,8,5,12,7,11,4,7
2026,semi-final-2,Luxembourg,Ukraine,4,7,2,7,10,3,13,7,11
2026,semi-final-2,Malta,Albania,4,6,4,4,13,5,5,9,
2026,semi-final-2,Malta,Armenia,14,14,7,13,12,11,13,14,
2026,semi-final-2,Malta,Australia,2,1,9,1,2,1,1,5,
2026,semi-final-2,Malta,Azerbaijan,13,12,11,10,5,8,14,10,
2026,semi-final-2,Malta,Bulgaria,1,2,1,2,6,9,3,1,
2026,semi-final-2,Malta,Cyprus,3,3,2,3,8,4,7,2,
2026,semi-final-2,Malta,Czechia,12,9,8,6,10,7,12,4,
2026,semi-final-2,Malta,Denmark,8,5,5,8,7,14,2,3,
2026,semi-final-2,Malta,Latvia,10,11,12,7,14,13,6,7,
2026,semi-final-2,Malta,Luxembourg,7,13,13,11,9,10,9,12,
2026,semi-final-2,Malta,Norway,5,8,14,9,1,6,10,11,
2026,semi-final-2,Malta,Romania,6,4,3,5,11,3,4,6,
2026,semi-final-2,Malta,Switzerland,11,10,6,14,3,12,11,8,
2026,semi-final-2,Malta,Ukraine,9,7,10,12,4,2,8,13,
2026,semi-final-2,Norway,Albania,3,7,3,8,10,12,11,4,6
2026,semi-final-2,Norway,Armenia,13,9,7,12,4,7,6,7,10
2026,semi-final-2,Norway,Australia,6,2,4,9,2,4,9,5,2
2026,semi-final-2,Norway,Azerbaijan,14,13,11,7,12,13,13,14,12
2026,semi-final-2,Norway,Bulgaria,2,5,5,3,5,3,8,6,8
2026,semi-final-2,Norway,Cyprus,12,6,6,13,7,6,14,3,5
2026,semi-final-2,Norway,Czechia,9,4,2,2,9,5,10,10,4
2026,semi-final-2,Norway,Denmark,1,1,1,1,1,1,1,1,1
2026,semi-final-2,Norway,Latvia,8,14,12,14,11,14,12,9,14
2026,semi-final-2,Norway,Luxembourg,11,12,9,4,14,11,4,11,13
2026,semi-final-2,Norway,Malta,7,10,13,10,13,9,3,13,3
2026,semi-final-2,Norway,Romania,4,3,14,5,3,2,7,2,9
2026,semi-final-2,Norway,Switzerland,10,11,8,11,6,10,5,12,7
2026,semi-final-2,Norway,Ukraine,5,8,10,6,8,8,2,8,11
2026,semi-final-2,Romania,Albania,1,12,4,9,12,8,11,13,14
2026,semi-final-2,Romania,Armenia,12,11,12,6,9,9,9,14,7
2026,semi-final-2,Romania,Australia,10,2,1,11,2,1,1,3,6
2026,semi-final-2,Romania,Azerbaijan,14,13,13,14,13,6,13,11,11
2026,semi-final-2,Romania,Bulgaria,2,8,6,12,6,4,6,6,10
2026,semi-final-2,Romania,Cyprus,8,14,14,13,14,12,14,12,13
2026,semi-final-2,Romania,Czechia,5,1,2,1,1,2,5,2,5
2026,semi-final-2,Romania,Denmark,7,4,5,3,5,14,2,10,3
2026,semi-final-2,Romania,Latvia,11,7,9,10,7,3,12,9,1
2026,semi-final-2,Romania,Luxembourg,13,9,11,2,11,10,7,5,12
2026,semi-final-2,Romania,Malta,9,10,10,7,8,13,10,4,8
2026,semi-final-2,Romania,Norway,3,6,8,4,3,7,4,7,9
2026,semi-final-2,Romania,Switzerland,4,3,7,8,4,5,8,1,2
2026,semi-final-2,Romania,Ukraine,6,5,3,5,10,11,3,8,4
2026,semi-final-2,Switzerland,Albania,2,10,11,7,11,4,8,11,9
2026,semi-final-2,Switzerland,Armenia,13,11,9,8,9,12,6,8,13
2026,semi-final-2,Switzerland,Australia,3,4,6,1,7,13,4,5,2
2026,semi-final-2,Switzerland,Azerbaijan,14,14,12,13,12,14,11,10,11
2026,semi-final-2,Switzerland,Bulgaria,1,8,10,9,6,1,14,6,10
2026,semi-final-2,Switzerland,Cyprus,9,12,7,11,8,11,10,12,7
2026,semi-final-2,Switzerland,Czechia,12,1,1,4,10,6,1,2,3
2026,semi-final-2,Switzerland,Denmark,7,6,8,3,2,10,5,4,12
2026,semi-final-2,Switzerland,Latvia,10,5,5,12,1,3,9,9,5
2026,semi-final-2,Switzerland,Luxembourg,8,13,14,14,13,5,13,14,6
2026,semi-final-2,Switzerland,Malta,11,9,13,10,14,8,12,13,1
2026,semi-final-2,Switzerland,Norway,6,3,3,2,3,9,2,3,8
2026,semi-final-2,Switzerland,Romania,4,7,4,6,4,7,3,7,14
2026,semi-final-2,Switzerland,Ukraine,5,2,2,5,5,2,7,1,4
2026,semi-final-2,Ukraine,Albania,5,11,12,9,6,11,12,13,12
2026,semi-final-2,Ukraine,Armenia,12,10,8,10,10,12,8,4,6
2026,semi-final-2,Ukraine,Australia,10,6,3,5,7,8,3,9,8
2026,semi-final-2,Ukraine,Azerbaijan,14,14,13,14,14,14,11,12,11
2026,semi-final-2,Ukraine,Bulgaria,7,13,9,11,13,13,13,14,14
2026,semi-final-2,Ukraine,Cyprus,13,12,10,8,8,10,14,11,13
2026,semi-final-2,Ukraine,Czechia,6,2,2,1,3,7,2,3,1
2026,semi-final-2,Ukraine,Denmark,4,7,5,3,9,6,10,5,9
2026,semi-final-2,Ukraine,Latvia,11,8,14,12,2,9,6,8,5
2026,semi-final-2,Ukraine,Luxembourg,8,4,4,13,4,5,5,6,3
2026,semi-final-2,Ukraine,Malta,9,1,1,2,1,1,1,1,2
2026,semi-final-2,Ukraine,Norway,2,9,11,7,12,2,9,10,10
2026,semi-final-2,Ukraine,Romania,1,5,6,4,5,3,7,7,7
2026,semi-final-2,Ukraine,Switzerland,3,3,7,6,11,4,4,2,4
2026,semi-final-2,United Kingdom,Albania,8,11,8,8,10,8,15,12,7
2026,semi-final-2,United Kingdom,Armenia,14,9,6,10,5,9,13,7,10
2026,semi-final-2,United Kingdom,Australia,4,4,3,2,11,7,2,4,4
2026,semi-final-2,United Kingdom,Azerbaijan,15,13,15,4,8,15,14,15,14
2026,semi-final-2,United Kingdom,Bulgaria,1,6,4,11,1,3,6,8,8
2026,semi-final-2,United Kingdom,Cyprus,3,14,14,9,6,14,12,14,9
2026,semi-final-2,United Kingdom,Czechia,13,3,12,1,4,6,9,1,1
2026,semi-final-2,United Kingdom,Denmark,11,2,5,12,3,1,1,6,3
2026,semi-final-2,United Kingdom,Latvia,6,8,13,3,12,11,4,10,5
2026,semi-final-2,United Kingdom,Luxembourg,10,15,11,14,15,13,11,9,15
2026,semi-final-2,United Kingdom,Malta,9,10,1,13,14,12,8,13,13
2026,semi-final-2,United Kingdom,Norway,5,1,2,7,2,2,5,2,6
2026,semi-final-2,United Kingdom,Romania,2,7,9,15,7,4,7,3,12
2026,semi-final-2,United Kingdom,Switzerland,12,12,10,5,13,10,10,11,11
2026,semi-final-2,United Kingdom,Ukraine,7,5,7,6,9,5,3,5,2
2026,final,Albania,Australia,7,10,8,5,13,10,10,9,12
2026,final,Albania,Austria,22,18,24,7,21,22,21,20,22
2026,final,Albania,Belgium,23,17,17,24,16,18,8,19,21
2026,final,Albania,Bulgaria,5,8,11,9,5,13,11,13,1
2026,final,Albania,Croatia,9,12,19,14,12,12,12,3,8
2026,final,Albania,Cyprus,12,21,21,19,23,16,18,15,14
2026,final,Albania,Czechia,13,4,5,4,3,14,9,1,7
2026,final,Albania,Denmark,14,6,4,3,8,7,7,7,9
2026,final,Albania,Finland,10,11,9,16,10,9,14,4,10
2026,final,Albania,France,11,7,15,22,15,2,19,2,2
2026,final,Albania,Germany,17,20,16,10,22,21,17,22,16
2026,final,Albania,Greece,3,9,13,6,9,11,3,16,11
2026,final,Albania,Israel,2,3,3,11,1,6,2,5,6
2026,final,Albania,Italy,1,1,2,2,7,1,1,10,3
2026,final,Albania,Lithuania,24,22,20,18,17,19,22,18,19
2026,final,Albania,Malta,15,5,6,13,2,5,5,6,5
2026,final,Albania,Moldova,16,16,14,23,20,8,24,8,13
2026,final,Albania,Norway,20,2,1,1,4,3,4,11,18
2026,final,Albania,Poland,19,14,7,20,11,17,13,14,4
2026,final,Albania,Romania,6,13,12,8,6,15,6,12,15
2026,final,Albania,Serbia,8,23,22,21,14,24,20,23,17
2026,final,Albania,Sweden,18,19,10,17,18,20,15,21,20
2026,final,Albania,Ukraine,4,15,18,12,19,4,16,17,23
2026,final,Albania,United Kingdom,21,24,23,15,24,23,23,24,24
2026,final,Armenia,Albania,11,15,19,11,19,4,24,15,11
2026,final,Armenia,Australia,2,1,1,3,1,1,2,1,1
2026,final,Armenia,Austria,22,16,13,18,18,13,9,20,22
2026,final,Armenia,Belgium,25,13,10,10,13,9,14,7,15
2026,final,Armenia,Bulgaria,1,2,6,4,2,2,8,5,2
2026,final,Armenia,Croatia,17,17,20,21,17,7,17,19,17
2026,final,Armenia,Cyprus,8,11,12,8,8,8,10,16,13
2026,final,Armenia,Czechia,10,7,9,7,15,11,4,3,5
2026,final,Armenia,Denmark,5,6,5,5,9,3,6,6,7
2026,final,Armenia,Finland,3,9,4,16,14,12,5,10,10
2026,final,Armenia,France,9,3,7,2,6,5,3,2,12
2026,final,Armenia,Germany,19,12,8,9,10,14,7,21,14
2026,final,Armenia,Greece,7,8,2,14,7,17,12,4,6
2026,final,Armenia,Israel,4,4,3,1,5,6,13,8,8
2026,final,Armenia,Italy,12,19,17,19,20,18,19,11,20
2026,final,Armenia,Lithuania,23,24,25,23,22,22,21,22,21
2026,final,Armenia,Malta,15,22,18,17,21,20,22,18,19
2026,final,Armenia,Moldova,14,21,16,22,12,23,18,23,24
2026,final,Armenia,Norway,20,5,11,6,4,10,1,17,3
2026,final,Armenia,Poland,21,10,15,12,3,16,15,9,9
2026,final,Armenia,Romania,6,14,23,13,11,15,11,24,4
2026,final,Armenia,Serbia,16,23,21,25,24,19,23,14,23
2026,final,Armenia,Sweden,18,18,14,20,16,21,20,13,18
2026,final,Armenia,Ukraine,13,20,22,15,25,25,16,12,16
2026,final,Armenia,United Kingdom,24,25,24,24,23,24,25,25,25
2026,final,Australia,Albania,19,20,20,17,14,23,11,16,17
2026,final,Australia,Austria,23,23,15,19,19,15,24,24,20
2026,final,Australia,Belgium,21,21,24,12,22,19,15,14,16
2026,final,Australia,Bulgaria,1,1,1,2,2,2,1,1,1
2026,final,Australia,Croatia,4,11,11,20,12,13,20,2,9
2026,final,Australia,Cyprus,11,8,5,11,10,6,8,8,7
2026,final,Australia,Czechia,18,4,4,5,13,5,9,3,3
2026,final,Australia,Denmark,8,6,9,3,4,4,14,12,12
2026,final,Australia,Finland,2,7,10,6,3,8,7,11,11
2026,final,Australia,France,10,2,6,4,1,1,2,5,2
2026,final,Australia,Germany,24,13,16,14,16,9,18,13,6
2026,final,Australia,Greece,3,9,12,15,8,14,3,4,15
2026,final,Australia,Israel,20,22,21,10,23,18,21,20,14
2026,final,Australia,Italy,12,10,7,16,6,17,10,18,5
2026,final,Australia,Lithuania,22,14,13,23,18,22,17,6,18
2026,final,Australia,Malta,7,19,19,13,17,21,13,10,23
2026,final,Australia,Moldova,6,16,22,9,9,12,22,21,22
2026,final,Australia,Norway,9,5,3,7,11,7,6,19,4
2026,final,Australia,Poland,16,3,2,1,5,3,4,7,8
2026,final,Australia,Romania,5,15,17,21,7,11,16,23,19
2026,final,Australia,Serbia,17,17,23,22,20,20,12,9,10
2026,final,Australia,Sweden,13,18,18,8,15,16,23,17,21
2026,final,Australia,Ukraine,14,12,8,18,21,10,5,15,13
2026,final,Australia,United Kingdom,15,24,14,24,24,24,19,22,24
2026,final,Austria,Albania,15,19,18,20,5,12,23,23,18
2026,final,Austria,Australia,2,4,4,5,6,9,5,2,5
2026,final,Austria,Belgium,24,17,20,10,19,15,8,7,15
2026,final,Austria,Bulgaria,1,15,14,16,18,13,10,6,9
2026,final,Austria,Croatia,3,22,19,19,7,18,22,22,21
2026,final,Austria,Cyprus,20,18,11,15,11,11,20,11,12
2026,final,Austria,Czechia,21,6,7,12,3,1,6,12,16
2026,final,Austria,Denmark,16,2,3,2,12,17,14,3,1
2026,final,Austria,Finland,10,5,16,4,16,14,7,1,2
2026,final,Austria,France,11,7,13,8,2,5,12,14,3
2026,final,Austria,Germany,13,20,6,14,21,20,19,21,14
2026,final,Austria,Greece,9,10,23,17,20,16,2,15,4
2026,final,Austria,Israel,4,3,2,9,15,3,1,4,17
2026,final,Austria,Italy,5,9,5,7,23,8,4,13,7
2026,final,Austria,Lithuania,23,21,15,13,14,23,18,17,8
2026,final,Austria,Malta,17,12,10,18,17,2,17,20,23
2026,final,Austria,Moldova,6,16,21,22,8,4,13,16,19
2026,final,Austria,Norway,18,8,8,3,9,7,9,5,10
2026,final,Austria,Poland,14,1,1,1,1,6,11,8,11
2026,final,Austria,Romania,8,11,9,21,10,10,3,10,20
2026,final,Austria,Serbia,12,24,24,23,22,22,21,24,24
2026,final,Austria,Sweden,19,14,12,11,13,19,15,9,6
2026,final,Austria,Ukraine,7,13,17,6,4,21,16,19,22
2026,final,Austria,United Kingdom,22,23,22,24,24,24,24,18,13
2026,final,Azerbaijan,Albania,12,5,7,10,3,9,1,9,4
2026,final,Azerbaijan,Australia,6,11,11,12,8,11,11,11,12
2026,final,Azerbaijan,Austria,24,21,20,24,12,16,16,22,20
2026,final,Azerbaijan,Belgium,23,16,15,6,16,15,24,21,21
2026,final,Azerbaijan,Bulgaria,2,6,3,8,4,8,2,7,16
2026,final,Azerbaijan,Croatia,20,4,8,5,5,7,17,1,3
2026,final,Azerbaijan,Cyprus,15,20,16,17,25,18,12,15,24
2026,final,Azerbaijan,Czechia,8,10,10,4,9,13,6,18,19
2026,final,Azerbaijan,Denmark,4,13,14,19,15,19,20,5,11
2026,final,Azerbaijan,Finland,3,12,19,9,20,21,5,13,10
2026,final,Azerbaijan,France,17,24,22,23,22,22,19,20,22
2026,final,Azerbaijan,Germany,22,15,6,15,13,20,25,14,15
2026,final,Azerbaijan,Greece,14,23,24,21,24,12,22,23,25
2026,final,Azerbaijan,Israel,1,7,5,11,7,5,3,4,9
2026,final,Azerbaijan,Italy,13,1,1,1,1,4,14,2,8
2026,final,Azerbaijan,Lithuania,19,18,23,22,10,23,9,25,13
2026,final,Azerbaijan,Malta,9,9,9,7,14,3,7,16,5
2026,final,Azerbaijan,Moldova,10,14,13,20,17,14,15,12,6
2026,final,Azerbaijan,Norway,18,22,21,16,19,17,18,19,17
2026,final,Azerbaijan,Poland,16,19,18,14,21,24,13,10,14
2026,final,Azerbaijan,Romania,5,8,4,13,11,6,4,6,7
2026,final,Azerbaijan,Serbia,11,3,2,3,6,2,10,17,1
2026,final,Azerbaijan,Sweden,21,17,17,18,23,10,21,8,18
2026,final,Azerbaijan,Ukraine,7,2,12,2,2,1,8,3,2
2026,final,Azerbaijan,United Kingdom,25,25,25,25,18,25,23,24,23
2026,final,Belgium,Albania,9,8,22,3,13,20,2,16,10
2026,final,Belgium,Australia,10,2,9,6,10,5,3,3,3
2026,final,Belgium,Austria,24,23,20,19,20,22,15,23,20
2026,final,Belgium,Bulgaria,1,7,6,11,17,2,21,11,5
2026,final,Belgium,Croatia,13,13,17,4,22,12,12,8,7
2026,final,Belgium,Cyprus,14,11,11,15,6,23,19,10,2
2026,final,Belgium,Czechia,18,14,8,13,9,11,9,12,9
2026,final,Belgium,Denmark,15,16,13,9,16,10,7,17,14
2026,final,Belgium,Finland,8,3,19,7,2,7,6,2,4
2026,final,Belgium,France,11,6,1,2,12,19,14,13,18
2026,final,Belgium,Germany,22,9,14,8,4,14,10,7,6
2026,final,Belgium,Greece,5,22,16,22,15,21,22,21,12
2026,final,Belgium,Israel,3,10,3,24,5,17,17,4,24
2026,final,Belgium,Italy,7,5,5,5,3,6,13,9,16
2026,final,Belgium,Lithuania,20,18,18,17,23,4,16,20,15
2026,final,Belgium,Malta,16,17,7,12,11,15,11,19,21
2026,final,Belgium,Moldova,4,20,24,21,8,16,20,15,17
2026,final,Belgium,Norway,19,4,2,16,7,13,4,5,11
2026,final,Belgium,Poland,12,1,4,1,1,1,1,1,1
2026,final,Belgium,Romania,2,19,15,18,21,9,18,6,19
2026,final,Belgium,Serbia,21,21,21,20,24,18,23,22,8
2026,final,Belgium,Sweden,17,15,12,10,19,8,8,14,13
2026,final,Belgium,Ukraine,6,12,10,14,14,3,5,18,22
2026,final,Belgium,United Kingdom,23,24,23,23,18,24,24,24,23
2026,final,Bulgaria,Albania,3,12,23,15,7,14,6,7,11
2026,final,Bulgaria,Australia,13,3,8,7,8,5,5,1,1
2026,final,Bulgaria,Austria,22,19,20,21,20,20,14,21,10
2026,final,Bulgaria,Belgium,23,20,22,17,22,21,13,19,16
2026,final,Bulgaria,Croatia,7,24,18,23,21,22,24,20,22
2026,final,Bulgaria,Cyprus,5,2,2,2,5,3,3,12,3
2026,final,Bulgaria,Czechia,20,7,19,8,3,8,17,2,23
2026,final,Bulgaria,Denmark,16,10,6,9,14,10,9,10,6
2026,final,Bulgaria,Finland,14,14,3,19,11,12,18,13,21
2026,final,Bulgaria,France,12,11,4,13,12,6,15,11,13
2026,final,Bulgaria,Germany,19,9,7,6,16,19,4,16,7
2026,final,Bulgaria,Greece,1,16,10,16,15,18,7,17,9
2026,final,Bulgaria,Israel,6,4,5,5,4,11,11,4,5
2026,final,Bulgaria,Italy,10,5,14,3,19,4,2,18,4
2026,final,Bulgaria,Lithuania,24,23,24,24,18,24,23,15,24
2026,final,Bulgaria,Malta,9,1,1,1,1,1,1,5,2
2026,final,Bulgaria,Moldova,8,6,12,4,2,2,8,14,15
2026,final,Bulgaria,Norway,15,8,9,10,6,9,12,6,8
2026,final,Bulgaria,Poland,17,13,16,11,9,7,10,8,20
2026,final,Bulgaria,Romania,2,17,15,20,10,13,16,9,14
2026,final,Bulgaria,Serbia,11,22,17,18,23,17,21,23,17
2026,final,Bulgaria,Sweden,18,21,13,22,17,23,19,22,18
2026,final,Bulgaria,Ukraine,4,15,21,14,13,15,22,3,19
2026,final,Bulgaria,United Kingdom,21,18,11,12,24,16,20,24,12
2026,final,Croatia,Albania,3,3,15,3,2,4,14,2,23
2026,final,Croatia,Australia,7,4,5,4,4,9,3,17,6
2026,final,Croatia,Austria,24,16,11,19,23,24,16,11,5
2026,final,Croatia,Belgium,23,15,12,11,20,16,7,10,9
2026,final,Croatia,Bulgaria,4,7,8,5,6,5,2,16,21
2026,final,Croatia,Cyprus,15,24,23,22,19,20,22,21,15
2026,final,Croatia,Czechia,20,20,22,24,14,10,8,24,22
2026,final,Croatia,Denmark,12,2,13,2,7,1,1,12,10
2026,final,Croatia,Finland,9,5,3,8,9,3,4,14,8
2026,final,Croatia,France,11,8,2,9,22,2,5,20,13
2026,final,Croatia,Germany,19,22,20,17,11,21,21,22,11
2026,final,Croatia,Greece,8,13,7,7,10,13,10,18,12
2026,final,Croatia,Israel,13,6,1,15,17,6,19,7,3
2026,final,Croatia,Italy,2,11,19,14,5,22,23,6,2
2026,final,Croatia,Lithuania,21,21,6,23,21,19,24,19,24
2026,final,Croatia,Malta,18,14,10,16,18,11,12,8,7
2026,final,Croatia,Moldova,5,10,14,10,3,7,9,4,19
2026,final,Croatia,Norway,17,12,17,18,24,17,11,3,4
2026,final,Croatia,Poland,14,9,4,13,15,14,17,5,1
2026,final,Croatia,Romania,6,19,24,21,8,12,18,9,20
2026,final,Croatia,Serbia,1,1,9,1,1,8,15,1,17
2026,final,Croatia,Sweden,16,17,18,20,13,15,6,13,14
2026,final,Croatia,Ukraine,10,23,21,12,12,18,20,23,18
2026,final,Croatia,United Kingdom,22,18,16,6,16,23,13,15,16
2026,final,Cyprus,Albania,11,3,2,5,4,7,5,7,
2026,final,Cyprus,Australia,6,6,5,8,13,3,9,3,
2026,final,Cyprus,Austria,24,17,15,17,12,22,12,15,
2026,final,Cyprus,Belgium,23,21,19,21,17,20,20,10,
2026,final,Cyprus,Bulgaria,2,2,4,2,6,5,8,2,
2026,final,Cyprus,Croatia,16,16,7,15,21,12,23,22,
2026,final,Cyprus,Czechia,18,9,9,18,2,18,10,20,
2026,final,Cyprus,Denmark,14,5,10,6,3,6,3,6,
2026,final,Cyprus,Finland,10,7,17,4,14,2,11,8,
2026,final,Cyprus,France,9,8,6,7,9,9,7,5,
2026,final,Cyprus,Germany,21,11,18,13,5,16,4,18,
2026,final,Cyprus,Greece,1,1,1,1,1,1,1,1,
2026,final,Cyprus,Israel,3,14,8,24,8,10,15,24,
2026,final,Cyprus,Italy,8,10,11,3,19,8,16,12,
2026,final,Cyprus,Lithuania,20,22,22,20,24,19,21,19,
2026,final,Cyprus,Malta,15,4,3,11,11,4,2,4,
2026,final,Cyprus,Moldova,5,18,21,10,23,21,22,13,
2026,final,Cyprus,Norway,19,13,13,14,7,13,14,9,
2026,final,Cyprus,Poland,12,20,14,19,16,17,19,14,
2026,final,Cyprus,Romania,4,15,12,12,10,14,13,16,
2026,final,Cyprus,Serbia,13,23,24,22,20,24,17,21,
2026,final,Cyprus,Sweden,17,12,16,9,15,15,6,11,
2026,final,Cyprus,Ukraine,7,19,20,16,18,11,18,17,
2026,final,Cyprus,United Kingdom,22,24,23,23,22,23,24,23,
2026,final,Czechia,Albania,11,24,21,19,14,22,23,12,
2026,final,Czechia,Australia,12,5,6,18,1,6,4,17,
2026,final,Czechia,Austria,20,18,10,8,23,14,21,10,
2026,final,Czechia,Belgium,23,19,15,9,20,23,20,14,
2026,final,Czechia,Bulgaria,2,7,19,11,7,3,5,9,
2026,final,Czechia,Croatia,7,16,20,24,5,13,11,19,
2026,final,Czechia,Cyprus,21,23,24,20,12,15,18,20,
2026,final,Czechia,Denmark,10,1,1,6,3,1,7,1,
2026,final,Czechia,Finland,8,4,7,7,2,5,6,8,
2026,final,Czechia,France,15,8,5,15,6,10,9,7,
2026,final,Czechia,Germany,24,21,17,22,17,20,10,24,
2026,final,Czechia,Greece,5,20,22,17,22,12,13,18,
2026,final,Czechia,Israel,6,9,9,2,24,11,8,21,
2026,final,Czechia,Italy,16,22,14,13,19,17,22,22,
2026,final,Czechia,Lithuania,19,12,18,16,13,4,15,5,
2026,final,Czechia,Malta,18,10,11,4,11,19,19,6,
2026,final,Czechia,Moldova,3,13,4,10,18,8,16,15,
2026,final,Czechia,Norway,14,2,2,1,15,18,1,3,
2026,final,Czechia,Poland,13,6,3,12,10,9,3,23,
2026,final,Czechia,Romania,4,3,8,14,16,2,2,2,
2026,final,Czechia,Serbia,9,11,13,23,8,7,17,4,
2026,final,Czechia,Sweden,17,17,23,21,4,21,14,16,
2026,final,Czechia,Ukraine,1,14,12,5,9,24,12,13,
2026,final,Czechia,United Kingdom,22,15,16,3,21,16,24,11,
2026,final,Denmark,Albania,10,17,13,12,16,8,16,16,11
2026,final,Denmark,Australia,6,7,16,16,2,7,10,7,3
2026,final,Denmark,Austria,21,19,12,17,20,22,7,22,23
2026,final,Denmark,Belgium,22,22,18,11,23,19,22,17,22
2026,final,Denmark,Bulgaria,1,1,2,3,3,3,1,5,8
2026,final,Denmark,Croatia,14,14,20,20,14,12,13,2,14
2026,final,Denmark,Cyprus,19,9,11,10,9,6,5,4,13
2026,final,Denmark,Czechia,16,6,6,4,1,11,17,8,12
2026,final,Denmark,Finland,3,3,8,18,5,5,8,3,1
2026,final,Denmark,France,13,8,3,8,15,15,19,6,2
2026,final,Denmark,Germany,23,20,21,22,11,10,21,13,21
2026,final,Denmark,Greece,15,16,17,19,6,18,9,18,10
2026,final,Denmark,Israel,9,4,1,1,17,23,24,10,4
2026,final,Denmark,Italy,11,5,10,5,10,2,4,24,6
2026,final,Denmark,Lithuania,18,23,23,24,21,20,15,12,18
2026,final,Denmark,Malta,17,11,5,6,18,16,3,14,9
2026,final,Denmark,Moldova,8,18,24,13,12,9,12,15,16
2026,final,Denmark,Norway,2,13,22,7,13,13,2,20,19
2026,final,Denmark,Poland,12,12,19,14,8,1,14,19,17
2026,final,Denmark,Romania,7,10,9,2,19,17,11,9,5
2026,final,Denmark,Serbia,20,24,15,21,22,24,18,21,24
2026,final,Denmark,Sweden,5,2,4,9,4,4,6,1,15
2026,final,Denmark,Ukraine,4,15,7,15,7,21,23,23,7
2026,final,Denmark,United Kingdom,24,21,14,23,24,14,20,11,20
2026,final,Estonia,Albania,22,23,19,22,22,19,13,19,19
2026,final,Estonia,Australia,6,13,13,10,18,11,15,11,3
2026,final,Estonia,Austria,24,19,23,19,16,24,21,8,17
2026,final,Estonia,Belgium,23,9,11,4,15,6,10,14,8
2026,final,Estonia,Bulgaria,4,4,21,5,2,5,7,7,5
2026,final,Estonia,Croatia,17,7,1,11,3,16,16,17,18
2026,final,Estonia,Cyprus,20,22,22,24,21,13,19,23,15
2026,final,Estonia,Czechia,18,10,9,18,10,4,4,21,14
2026,final,Estonia,Denmark,9,3,2,3,8,7,9,13,4
2026,final,Estonia,Finland,1,1,15,2,1,1,1,2,1
2026,final,Estonia,France,14,16,5,14,13,15,18,12,10
2026,final,Estonia,Germany,25,18,7,17,19,22,23,22,22
2026,final,Estonia,Greece,8,8,14,7,7,10,6,4,11
2026,final,Estonia,Israel,10,14,10,16,14,12,11,6,9
2026,final,Estonia,Italy,5,5,12,6,12,8,5,3,6
2026,final,Estonia,Lithuania,16,24,18,25,25,23,25,15,25
2026,final,Estonia,Malta,15,17,24,20,17,21,22,5,21
2026,final,Estonia,Moldova,2,15,4,13,9,14,12,18,24
2026,final,Estonia,Norway,11,2,6,1,4,2,2,1,2
2026,final,Estonia,Poland,21,6,8,12,11,3,3,10,12
2026,final,Estonia,Romania,7,20,16,9,20,20,20,24,16
2026,final,Estonia,Serbia,13,25,25,23,24,18,24,25,20
2026,final,Estonia,Sweden,12,11,17,8,5,9,8,16,7
2026,final,Estonia,Ukraine,3,12,3,15,6,17,14,20,13
2026,final,Estonia,United Kingdom,19,21,20,21,23,25,17,9,23
2026,final,Finland,Albania,14,20,14,16,24,12,24,18,18
2026,final,Finland,Australia,13,4,22,4,5,5,7,3,6
2026,final,Finland,Austria,23,18,15,20,6,23,23,20,10
2026,final,Finland,Belgium,20,7,16,6,11,10,5,9,1
2026,final,Finland,Bulgaria,4,14,20,18,22,7,3,19,5
2026,final,Finland,Croatia,9,6,3,15,23,13,4,1,12
2026,final,Finland,Cyprus,22,23,17,22,20,16,18,24,19
2026,final,Finland,Czechia,19,9,5,24,16,22,14,6,2
2026,final,Finland,Denmark,3,2,4,1,9,3,6,4,14
2026,final,Finland,France,12,1,8,3,3,6,1,8,3
2026,final,Finland,Germany,24,21,23,17,13,19,17,16,16
2026,final,Finland,Greece,15,16,21,10,21,20,9,10,8
2026,final,Finland,Israel,1,12,6,7,4,17,16,11,9
2026,final,Finland,Italy,6,8,1,8,19,9,12,12,4
2026,final,Finland,Lithuania,16,3,2,5,2,1,13,22,13
2026,final,Finland,Malta,18,22,19,21,17,21,20,13,21
2026,final,Finland,Moldova,10,10,18,2,15,18,19,2,23
2026,final,Finland,Norway,11,17,10,11,18,11,10,14,22
2026,final,Finland,Poland,17,5,7,9,1,4,11,15,7
2026,final,Finland,Romania,2,13,9,14,10,14,2,17,11
2026,final,Finland,Serbia,8,19,12,19,8,15,21,23,24
2026,final,Finland,Sweden,5,11,11,12,12,2,8,7,20
2026,final,Finland,Ukraine,7,15,13,13,7,8,15,5,17
2026,final,Finland,United Kingdom,21,24,24,23,14,24,22,21,15
2026,final,France,Albania,7,23,16,23,14,18,11,22,22
2026,final,France,Australia,11,6,13,13,4,2,4,4,18
2026,final,France,Austria,24,13,17,1,21,14,15,17,15
2026,final,France,Belgium,19,17,19,22,24,11,10,6,20
2026,final,France,Bulgaria,4,4,6,3,18,5,9,2,6
2026,final,France,Croatia,10,22,18,21,13,20,14,18,13
2026,final,France,Cyprus,16,19,12,9,16,17,18,15,19
2026,final,France,Czechia,15,15,15,7,5,15,19,19,9
2026,final,France,Denmark,18,2,8,2,9,6,3,1,12
2026,final,France,Finland,9,9,5,5,17,7,6,10,16
2026,final,France,Germany,22,16,10,14,15,13,13,8,10
2026,final,France,Greece,8,20,14,8,20,16,24,21,21
2026,final,France,Israel,1,7,9,10,6,4,8,5,8
2026,final,France,Italy,6,3,1,17,2,1,12,14,7
2026,final,France,Lithuania,21,21,20,15,11,23,17,12,24
2026,final,France,Malta,13,8,4,12,8,10,5,13,4
2026,final,France,Moldova,2,24,23,24,22,24,22,23,17
2026,final,France,Norway,17,1,2,6,1,3,1,16,11
2026,final,France,Poland,12,11,3,20,23,9,7,7,14
2026,final,France,Romania,3,12,7,11,10,19,16,9,3
2026,final,France,Serbia,14,10,24,18,3,21,21,24,1
2026,final,France,Sweden,20,14,22,19,12,12,20,11,2
2026,final,France,Ukraine,5,5,11,4,7,8,2,3,23
2026,final,France,United Kingdom,23,18,21,16,19,22,23,20,5
2026,final,Georgia,Albania,16,11,6,9,11,16,4,20,14
2026,final,Georgia,Australia,9,13,19,11,21,5,22,25,3
2026,final,Georgia,Austria,24,15,12,6,10,7,20,10,23
2026,final,Georgia,Belgium,23,12,10,8,14,20,3,17,12
2026,final,Georgia,Bulgaria,5,8,4,15,3,9,8,13,16
2026,final,Georgia,Croatia,15,24,22,21,22,22,19,14,17
2026,final,Georgia,Cyprus,20,3,7,5,2,12,21,1,8
2026,final,Georgia,Czechia,12,10,17,2,15,6,18,21,9
2026,final,Georgia,Denmark,7,22,21,18,18,19,17,15,21
2026,final,Georgia,Finland,10,4,13,16,1,3,14,11,2
2026,final,Georgia,France,17,1,1,3,8,1,6,12,1
2026,final,Georgia,Germany,25,18,20,14,19,18,10,16,4
2026,final,Georgia,Greece,6,17,8,20,16,4,11,19,13
2026,final,Georgia,Israel,2,5,5,10,6,8,5,7,6
2026,final,Georgia,Italy,11,2,3,1,5,2,13,5,5
2026,final,Georgia,Lithuania,13,20,16,19,24,23,24,3,24
2026,final,Georgia,Malta,14,7,2,4,12,17,12,22,7
2026,final,Georgia,Moldova,3,21,24,23,9,13,9,24,18
2026,final,Georgia,Norway,18,6,25,7,4,15,1,6,20
2026,final,Georgia,Poland,19,9,14,12,13,25,2,4,11
2026,final,Georgia,Romania,4,19,11,22,7,21,16,9,15
2026,final,Georgia,Serbia,8,25,23,24,23,24,23,18,25
2026,final,Georgia,Sweden,22,16,15,13,20,11,25,2,22
2026,final,Georgia,Ukraine,1,14,9,17,17,10,7,8,10
2026,final,Georgia,United Kingdom,21,23,18,25,25,14,15,23,19
2026,final,Germany,Albania,12,21,14,9,24,16,13,18,16
2026,final,Germany,Australia,11,6,13,6,10,1,17,4,20
2026,final,Germany,Austria,6,19,15,23,6,23,20,21,6
2026,final,Germany,Belgium,24,17,19,20,4,14,24,13,11
2026,final,Germany,Bulgaria,2,4,16,5,2,8,2,9,18
2026,final,Germany,Croatia,4,9,20,17,14,2,1,14,19
2026,final,Germany,Cyprus,19,22,18,10,20,18,16,24,21
2026,final,Germany,Czechia,21,14,3,16,11,11,22,20,8
2026,final,Germany,Denmark,18,7,8,15,3,6,18,3,12
2026,final,Germany,Finland,13,3,10,1,21,3,6,5,4
2026,final,Germany,France,15,5,12,3,7,5,3,15,13
2026,final,Germany,Greece,3,12,11,8,5,9,23,6,9
2026,final,Germany,Israel,1,8,21,19,9,4,10,8,2
2026,final,Germany,Italy,5,2,4,12,13,7,5,1,1
2026,final,Germany,Lithuania,22,15,7,4,17,22,12,19,22
2026,final,Germany,Malta,20,13,6,24,15,10,19,17,3
2026,final,Germany,Moldova,8,23,24,21,16,19,21,22,10
2026,final,Germany,Norway,16,11,2,14,8,17,11,7,15
2026,final,Germany,Poland,7,1,1,2,1,20,8,12,5
2026,final,Germany,Romania,10,16,22,18,19,13,4,11,14
2026,final,Germany,Serbia,17,20,17,7,23,21,9,16,24
2026,final,Germany,Sweden,14,10,9,11,12,12,7,2,7
2026,final,Germany,Ukraine,9,18,5,13,22,15,15,10,17
2026,final,Germany,United Kingdom,23,24,23,22,18,24,14,23,23
2026,final,Greece,Albania,3,10,8,23,12,6,8,7,6
2026,final,Greece,Australia,8,4,4,3,7,3,6,13,3
2026,final,Greece,Austria,24,24,20,20,23,22,20,24,23
2026,final,Greece,Belgium,22,15,15,5,15,16,17,16,20
2026,final,Greece,Bulgaria,2,5,3,13,4,4,3,6,22
2026,final,Greece,Croatia,10,7,5,22,3,13,5,10,10
2026,final,Greece,Cyprus,1,1,7,2,1,2,2,2,1
2026,final,Greece,Czechia,20,18,19,6,18,21,21,19,24
2026,final,Greece,Denmark,13,14,13,7,14,10,13,18,11
2026,final,Greece,Finland,11,12,6,4,9,8,11,21,16
2026,final,Greece,France,9,3,2,1,5,11,9,3,8
2026,final,Greece,Germany,18,16,17,18,6,15,15,17,18
2026,final,Greece,Israel,6,11,10,21,21,7,16,4,4
2026,final,Greece,Italy,4,19,18,17,20,12,18,9,21
2026,final,Greece,Lithuania,21,21,23,11,17,19,22,12,19
2026,final,Greece,Malta,16,20,16,16,16,17,19,14,13
2026,final,Greece,Moldova,7,8,9,24,13,5,4,8,7
2026,final,Greece,Norway,19,22,21,14,22,23,23,23,14
2026,final,Greece,Poland,15,2,1,8,2,1,1,11,9
2026,final,Greece,Romania,5,9,11,10,10,9,10,5,5
2026,final,Greece,Serbia,12,6,22,9,19,20,12,1,2
2026,final,Greece,Sweden,14,17,14,15,11,14,14,22,15
2026,final,Greece,Ukraine,17,13,12,12,8,18,7,15,12
2026,final,Greece,United Kingdom,23,23,24,19,24,24,24,20,17
2026,final,Israel,Albania,10,10,10,4,12,18,5,10,12
2026,final,Israel,Australia,2,1,2,1,1,2,3,2,1
2026,final,Israel,Austria,23,17,17,11,17,15,21,16,14
2026,final,Israel,Belgium,19,9,4,10,11,10,10,6,13
2026,final,Israel,Bulgaria,1,3,1,2,3,5,4,3,5
2026,final,Israel,Croatia,11,24,24,24,24,22,24,24,22
2026,final,Israel,Cyprus,13,12,22,7,8,14,6,12,18
2026,final,Israel,Czechia,14,13,8,14,15,12,12,9,7
2026,final,Israel,Denmark,5,2,7,3,5,1,1,1,2
2026,final,Israel,Finland,12,4,5,18,7,4,2,4,3
2026,final,Israel,France,9,15,18,17,16,16,11,11,10
2026,final,Israel,Germany,15,16,15,15,13,11,14,17,20
2026,final,Israel,Greece,6,6,6,6,9,6,7,8,8
2026,final,Israel,Italy,4,8,12,5,6,9,13,5,16
2026,final,Israel,Lithuania,21,23,23,19,22,24,18,22,24
2026,final,Israel,Malta,16,20,19,16,19,20,17,18,17
2026,final,Israel,Moldova,3,5,9,8,2,7,9,7,6
2026,final,Israel,Norway,18,14,11,13,10,13,15,14,11
2026,final,Israel,Poland,20,11,3,21,18,8,8,13,9
2026,final,Israel,Romania,8,7,21,9,4,3,16,15,4
2026,final,Israel,Serbia,17,22,16,23,23,21,23,23,23
2026,final,Israel,Sweden,24,18,13,22,14,17,20,21,15
2026,final,Israel,Ukraine,7,21,14,20,20,23,19,20,21
2026,final,Israel,United Kingdom,22,19,20,12,21,19,22,19,19
2026,final,Italy,Albania,4,15,17,20,14,22,6,18,7
2026,final,Italy,Australia,10,12,12,21,23,15,16,12,2
2026,final,Italy,Austria,22,18,22,13,17,21,15,4,18
2026,final,Italy,Belgium,23,1,1,1,3,3,1,1,1
2026,final,Italy,Bulgaria,6,8,7,4,6,10,9,11,10
2026,final,Italy,Croatia,11,23,19,22,21,23,24,16,22
2026,final,Italy,Cyprus,18,22,21,23,18,18,21,22,19
2026,final,Italy,Czechia,20,14,9,12,10,19,19,8,14
2026,final,Italy,Denmark,16,13,15,16,7,17,10,15,8
2026,final,Italy,Finland,8,19,18,14,19,11,20,23,5
2026,final,Italy,France,13,16,8,17,16,16,7,13,15
2026,final,Italy,Germany,15,7,16,19,15,5,3,14,3
2026,final,Italy,Greece,7,20,23,15,13,13,14,24,24
2026,final,Italy,Israel,3,11,11,6,22,12,23,5,11
2026,final,Italy,Lithuania,21,9,20,9,5,6,8,19,13
2026,final,Italy,Malta,14,3,6,2,1,2,12,9,17
2026,final,Italy,Moldova,1,10,4,8,11,9,13,20,20
2026,final,Italy,Norway,17,17,14,10,12,20,17,7,12
2026,final,Italy,Poland,9,5,5,5,4,8,4,10,4
2026,final,Italy,Romania,2,6,3,11,9,7,11,3,9
2026,final,Italy,Serbia,12,24,24,24,24,24,22,17,23
2026,final,Italy,Sweden,19,2,2,7,8,1,2,2,6
2026,final,Italy,Ukraine,5,4,10,3,2,4,5,6,16
2026,final,Italy,United Kingdom,24,21,13,18,20,14,18,21,21
2026,final,Latvia,Albania,17,24,20,21,23,20,17,21,25
2026,final,Latvia,Australia,14,16,7,24,18,14,15,8,10
2026,final,Latvia,Austria,23,17,14,9,10,13,10,12,24
2026,final,Latvia,Belgium,24,2,2,1,5,2,8,4,4
2026,final,Latvia,Bulgaria,4,7,4,10,13,4,5,6,17
2026,final,Latvia,Croatia,20,21,23,15,20,21,13,18,18
2026,final,Latvia,Cyprus,22,22,12,25,22,19,20,22,23
2026,final,Latvia,Czechia,19,1,1,4,1,1,1,7,9
2026,final,Latvia,Denmark,8,6,5,17,6,10,14,5,3
2026,final,Latvia,Finland,2,8,10,18,14,12,19,9,2
2026,final,Latvia,France,11,5,11,13,3,9,2,2,14
2026,final,Latvia,Germany,25,25,21,23,24,24,21,25,21
2026,final,Latvia,Greece,9,10,8,12,17,3,22,15,8
2026,final,Latvia,Israel,7,20,19,19,12,15,12,13,19
2026,final,Latvia,Italy,10,23,15,22,21,17,24,24,20
2026,final,Latvia,Lithuania,1,12,13,11,11,5,7,14,13
2026,final,Latvia,Malta,15,19,16,14,15,18,16,10,16
2026,final,Latvia,Moldova,3,13,17,5,19,7,6,16,22
2026,final,Latvia,Norway,13,11,18,6,9,22,9,11,6
2026,final,Latvia,Poland,18,3,3,2,2,8,3,3,15
2026,final,Latvia,Romania,5,9,24,3,4,25,18,23,11
2026,final,Latvia,Serbia,12,18,25,8,7,23,23,19,12
2026,final,Latvia,Sweden,16,14,6,16,16,11,11,17,7
2026,final,Latvia,Ukraine,6,4,9,7,8,6,4,1,5
2026,final,Latvia,United Kingdom,21,15,22,20,25,16,25,20,1
2026,final,Lithuania,Albania,19,22,11,20,21,24,13,23,20
2026,final,Lithuania,Australia,9,16,12,7,15,16,18,7,10
2026,final,Lithuania,Austria,23,21,22,18,11,17,16,17,14
2026,final,Lithuania,Belgium,22,15,5,15,6,21,12,19,12
2026,final,Lithuania,Bulgaria,1,1,13,1,1,22,1,5,1
2026,final,Lithuania,Croatia,20,17,4,23,12,11,15,20,23
2026,final,Lithuania,Cyprus,21,18,23,22,19,18,17,21,6
2026,final,Lithuania,Czechia,15,9,14,10,7,10,2,10,13
2026,final,Lithuania,Denmark,5,7,18,17,22,1,11,1,9
2026,final,Lithuania,Finland,7,6,21,5,8,15,9,3,2
2026,final,Lithuania,France,11,10,3,14,18,3,14,8,22
2026,final,Lithuania,Germany,24,23,16,21,17,19,19,22,19
2026,final,Lithuania,Greece,14,12,17,11,23,9,7,4,11
2026,final,Lithuania,Israel,13,3,2,8,5,7,10,2,4
2026,final,Lithuania,Italy,3,20,20,13,16,12,20,13,18
2026,final,Lithuania,Malta,16,14,19,19,10,6,5,16,15
2026,final,Lithuania,Moldova,6,8,6,4,4,8,24,14,16
2026,final,Lithuania,Norway,12,4,8,3,13,5,8,9,3
2026,final,Lithuania,Poland,8,2,1,9,2,2,4,6,5
2026,final,Lithuania,Romania,2,13,7,6,9,20,23,11,7
2026,final,Lithuania,Serbia,10,19,15,16,20,14,21,24,8
2026,final,Lithuania,Sweden,17,5,9,2,3,13,3,15,17
2026,final,Lithuania,Ukraine,4,11,10,12,14,4,6,12,21
2026,final,Lithuania,United Kingdom,18,24,24,24,24,23,22,18,24
2026,final,Luxembourg,Albania,8,17,14,20,12,8,13,16,
2026,final,Luxembourg,Australia,13,2,8,2,3,14,9,3,
2026,final,Luxembourg,Austria,22,10,9,21,1,13,7,14,
2026,final,Luxembourg,Belgium,20,15,21,22,4,21,15,9,
2026,final,Luxembourg,Bulgaria,1,3,12,15,2,2,3,23,
2026,final,Luxembourg,Croatia,14,4,1,3,21,5,11,19,
2026,final,Luxembourg,Cyprus,16,25,22,16,18,25,23,18,
2026,final,Luxembourg,Czechia,23,13,4,7,19,16,16,10,
2026,final,Luxembourg,Denmark,17,6,10,5,16,12,5,1,
2026,final,Luxembourg,Finland,6,8,16,1,14,11,18,5,
2026,final,Luxembourg,France,9,5,3,6,6,3,17,12,
2026,final,Luxembourg,Germany,11,20,19,24,10,22,20,8,
2026,final,Luxembourg,Greece,3,22,24,9,11,19,21,22,
2026,final,Luxembourg,Israel,10,18,20,17,9,24,8,15,
2026,final,Luxembourg,Italy,4,16,15,12,7,20,25,7,
2026,final,Luxembourg,Lithuania,15,23,23,25,24,10,19,25,
2026,final,Luxembourg,Malta,19,9,2,8,23,7,10,11,
2026,final,Luxembourg,Moldova,5,19,17,13,20,6,24,24,
2026,final,Luxembourg,Norway,24,7,13,11,5,15,2,6,
2026,final,Luxembourg,Poland,12,11,11,19,17,17,4,2,
2026,final,Luxembourg,Romania,2,1,6,4,8,1,1,4,
2026,final,Luxembourg,Serbia,18,21,18,10,22,9,22,21,
2026,final,Luxembourg,Sweden,21,14,7,14,15,18,6,13,
2026,final,Luxembourg,Ukraine,7,12,5,18,13,4,14,17,
2026,final,Luxembourg,United Kingdom,25,24,25,23,25,23,12,20,
2026,final,Malta,Albania,5,5,4,4,3,15,7,3,
2026,final,Malta,Australia,2,3,1,3,4,6,6,4,
2026,final,Malta,Austria,24,20,18,15,12,11,21,22,
2026,final,Malta,Belgium,20,15,15,21,14,10,12,17,
2026,final,Malta,Bulgaria,3,1,2,1,1,7,1,1,
2026,final,Malta,Croatia,19,22,12,19,19,20,15,16,
2026,final,Malta,Cyprus,8,8,6,6,23,9,5,5,
2026,final,Malta,Czechia,22,16,20,8,18,17,14,20,
2026,final,Malta,Denmark,12,12,7,9,15,14,18,13,
2026,final,Malta,Finland,7,6,3,5,20,2,11,10,
2026,final,Malta,France,11,4,8,7,6,1,4,6,
2026,final,Malta,Germany,21,13,17,14,16,13,8,12,
2026,final,Malta,Greece,9,23,19,22,13,22,23,15,
2026,final,Malta,Israel,4,7,9,10,7,5,2,7,
2026,final,Malta,Italy,1,2,5,2,2,4,3,2,
2026,final,Malta,Lithuania,23,21,21,16,21,21,9,23,
2026,final,Malta,Moldova,16,19,23,23,10,18,19,11,
2026,final,Malta,Norway,15,9,14,12,9,3,16,19,
2026,final,Malta,Poland,14,10,13,13,22,8,10,8,
2026,final,Malta,Romania,6,11,11,11,11,12,17,9,
2026,final,Malta,Serbia,10,14,24,20,5,23,22,14,
2026,final,Malta,Sweden,17,18,16,17,8,19,20,21,
2026,final,Malta,Ukraine,13,17,10,18,17,16,13,18,
2026,final,Malta,United Kingdom,18,24,22,24,24,24,24,24,
2026,final,Moldova,Albania,6,13,10,20,13,10,10,8,17
2026,final,Moldova,Australia,11,7,9,13,6,4,15,7,6
2026,final,Moldova,Austria,23,24,18,18,24,23,20,19,18
2026,final,Moldova,Belgium,22,12,17,11,20,8,12,12,8
2026,final,Moldova,Bulgaria,5,4,1,2,7,7,5,5,5
2026,final,Moldova,Croatia,9,14,5,17,14,21,16,20,19
2026,final,Moldova,Cyprus,18,21,13,14,19,11,21,23,24
2026,final,Moldova,Czechia,17,6,3,16,4,2,23,14,16
2026,final,Moldova,Denmark,13,15,16,15,23,13,7,16,13
2026,final,Moldova,Finland,7,11,8,6,11,12,8,22,9
2026,final,Moldova,France,12,9,4,8,10,15,13,6,10
2026,final,Moldova,Germany,21,22,20,24,22,19,17,13,14
2026,final,Moldova,Greece,8,3,6,5,5,5,4,1,3
2026,final,Moldova,Israel,3,2,7,1,2,1,6,2,2
2026,final,Moldova,Italy,4,10,19,4,3,17,18,9,15
2026,final,Moldova,Lithuania,20,16,24,19,17,22,9,10,11
2026,final,Moldova,Malta,19,18,14,10,9,18,22,18,22
2026,final,Moldova,Norway,15,5,11,3,12,9,2,11,4
2026,final,Moldova,Poland,16,1,2,7,1,3,1,3,1
2026,final,Moldova,Romania,1,8,12,9,15,16,3,4,7
2026,final,Moldova,Serbia,10,20,15,22,21,24,11,17,12
2026,final,Moldova,Sweden,14,17,22,21,16,6,19,15,23
2026,final,Moldova,Ukraine,2,19,23,12,8,20,14,21,20
2026,final,Moldova,United Kingdom,24,23,21,23,18,14,24,24,21
2026,final,Montenegro,Albania,2,2,1,5,7,1,2,3,1
2026,final,Montenegro,Australia,10,11,12,3,8,16,20,12,8
2026,final,Montenegro,Austria,24,21,16,17,16,20,17,23,21
2026,final,Montenegro,Belgium,21,12,14,7,17,8,9,10,18
2026,final,Montenegro,Bulgaria,4,6,5,6,5,7,10,5,9
2026,final,Montenegro,Croatia,3,3,4,4,3,6,3,2,2
2026,final,Montenegro,Cyprus,16,23,17,22,24,23,18,21,23
2026,final,Montenegro,Czechia,18,24,23,23,21,22,22,18,22
2026,final,Montenegro,Denmark,15,18,20,21,12,19,21,15,20
2026,final,Montenegro,Finland,12,4,2,2,14,2,7,13,4
2026,final,Montenegro,France,14,13,13,14,13,14,14,8,10
2026,final,Montenegro,Germany,25,14,9,16,11,17,15,16,19
2026,final,Montenegro,Greece,9,5,6,8,2,5,5,6,6
2026,final,Montenegro,Israel,7,20,25,25,10,25,25,25,16
2026,final,Montenegro,Italy,5,8,8,11,1,10,13,9,12
2026,final,Montenegro,Lithuania,20,22,21,20,25,18,19,20,24
2026,final,Montenegro,Malta,19,19,22,13,23,21,16,19,17
2026,final,Montenegro,Moldova,11,9,11,10,9,9,4,4,13
2026,final,Montenegro,Norway,17,16,19,19,20,13,12,14,15
2026,final,Montenegro,Poland,13,10,10,9,6,11,8,11,7
2026,final,Montenegro,Romania,8,15,15,18,22,12,11,17,14
2026,final,Montenegro,Serbia,1,1,3,1,4,3,1,1,3
2026,final,Montenegro,Sweden,22,7,7,12,15,4,6,7,5
2026,final,Montenegro,Ukraine,6,17,18,15,18,15,23,22,11
2026,final,Montenegro,United Kingdom,23,25,24,24,19,24,24,24,25
2026,final,Norway,Albania,8,13,7,13,22,14,6,12,15
2026,final,Norway,Australia,5,4,3,6,6,3,4,7,14
2026,final,Norway,Austria,24,19,22,16,13,16,11,23,20
2026,final,Norway,Belgium,23,23,15,19,19,20,19,24,23
2026,final,Norway,Bulgaria,3,8,4,8,7,4,13,6,12
2026,final,Norway,Croatia,16,18,18,15,23,19,7,13,22
2026,final,Norway,Cyprus,20,11,20,11,8,10,16,4,4
2026,final,Norway,Czechia,19,9,6,5,12,15,1,20,11
2026,final,Norway,Denmark,1,1,1,2,1,1,3,1,6
2026,final,Norway,Finland,2,3,9,3,4,9,14,3,3
2026,final,Norway,France,10,2,10,1,20,2,2,11,2
2026,final,Norway,Germany,22,17,11,22,9,13,21,17,16
2026,final,Norway,Greece,14,15,16,17,11,8,22,10,13
2026,final,Norway,Israel,6,10,2,10,15,5,9,16,7
2026,final,Norway,Italy,13,6,12,14,5,6,10,9,1
2026,final,Norway,Lithuania,17,24,24,24,21,23,17,19,24
2026,final,Norway,Malta,18,20,17,12,14,21,23,14,17
2026,final,Norway,Moldova,12,16,23,23,17,24,8,8,10
2026,final,Norway,Poland,11,14,21,20,18,17,5,21,5
2026,final,Norway,Romania,4,5,8,9,2,11,24,2,8
2026,final,Norway,Serbia,15,22,14,21,24,18,20,18,21
2026,final,Norway,Sweden,7,7,13,4,3,7,18,5,9
2026,final,Norway,Ukraine,9,12,5,7,10,12,12,15,19
2026,final,Norway,United Kingdom,21,21,19,18,16,22,15,22,18
2026,final,Poland,Albania,15,13,8,14,13,16,17,5,4
2026,final,Poland,Australia,6,4,1,13,12,1,18,21,14
2026,final,Poland,Austria,24,16,20,4,9,20,9,16,18
2026,final,Poland,Belgium,22,5,21,16,6,6,8,1,9
2026,final,Poland,Bulgaria,4,2,2,11,5,17,1,19,5
2026,final,Poland,Croatia,11,15,3,19,24,11,10,10,16
2026,final,Poland,Cyprus,20,12,18,2,17,24,24,22,3
2026,final,Poland,Czechia,7,7,22,18,15,9,16,4,1
2026,final,Poland,Denmark,8,14,15,15,8,5,11,14,7
2026,final,Poland,Finland,5,11,10,12,4,4,13,12,19
2026,final,Poland,France,18,19,4,9,16,13,19,18,15
2026,final,Poland,Germany,23,23,14,17,11,19,20,15,10
2026,final,Poland,Greece,12,3,12,22,2,2,5,6,17
2026,final,Poland,Israel,9,1,5,24,1,3,7,2,2
2026,final,Poland,Italy,13,9,23,1,23,14,6,9,13
2026,final,Poland,Lithuania,19,18,7,23,22,21,4,11,23
2026,final,Poland,Malta,17,22,16,8,14,10,14,20,8
2026,final,Poland,Moldova,3,21,6,7,21,18,15,24,12
2026,final,Poland,Norway,14,8,19,3,10,7,21,8,6
2026,final,Poland,Romania,2,6,17,5,3,15,12,3,24
2026,final,Poland,Serbia,10,20,11,21,19,22,2,23,22
2026,final,Poland,Sweden,16,17,9,10,7,8,22,13,20
2026,final,Poland,Ukraine,1,10,13,6,18,12,3,7,11
2026,final,Poland,United Kingdom,21,24,24,20,20,23,23,17,21
2026,final,Portugal,Albania,15,1,4,2,5,5,4,17,1
2026,final,Portugal,Australia,7,14,21,12,8,11,19,4,8
2026,final,Portugal,Austria,25,23,10,24,19,24,24,24,19
2026,final,Portugal,Belgium,24,11,5,5,15,6,11,15,12
2026,final,Portugal,Bulgaria,5,20,17,23,24,21,18,7,10
2026,final,Portugal,Croatia,10,3,1,13,10,8,2,8,3
2026,final,Portugal,Cyprus,19,21,9,8,20,17,25,23,24
2026,final,Portugal,Czechia,16,12,8,21,12,7,3,9,21
2026,final,Portugal,Denmark,11,2,6,1,18,2,10,1,7
2026,final,Portugal,Finland,6,4,11,22,2,13,1,6,5
2026,final,Portugal,France,9,6,19,18,1,9,5,2,17
2026,final,Portugal,Germany,22,7,14,3,6,4,14,19,14
2026,final,Portugal,Greece,12,19,24,9,25,25,6,21,22
2026,final,Portugal,Israel,1,17,25,25,13,3,15,25,20
2026,final,Portugal,Italy,8,15,12,6,14,16,17,14,9
2026,final,Portugal,Lithuania,20,22,18,19,17,18,13,11,16
2026,final,Portugal,Malta,21,18,22,7,21,10,21,10,11
2026,final,Portugal,Moldova,3,24,16,20,22,19,22,20,13
2026,final,Portugal,Norway,18,9,3,10,11,20,8,12,6
2026,final,Portugal,Poland,13,5,2,16,3,12,9,13,2
2026,final,Portugal,Romania,4,10,13,4,16,23,7,3,23
2026,final,Portugal,Serbia,14,13,7,11,7,14,16,16,4
2026,final,Portugal,Sweden,17,16,15,14,9,15,23,5,18
2026,final,Portugal,Ukraine,2,8,20,17,4,1,12,18,15
2026,final,Portugal,United Kingdom,23,25,23,15,23,22,20,22,25
2026,final,Romania,Albania,6,17,4,24,20,13,21,8,16
2026,final,Romania,Australia,10,1,2,2,3,1,4,15,1
2026,final,Romania,Austria,23,21,18,21,24,22,19,22,17
2026,final,Romania,Belgium,24,19,15,16,18,11,11,18,21
2026,final,Romania,Bulgaria,3,7,5,9,5,6,6,14,5
2026,final,Romania,Croatia,9,9,12,4,10,9,14,5,11
2026,final,Romania,Cyprus,16,23,22,18,22,20,22,24,20
2026,final,Romania,Czechia,15,3,11,10,6,2,2,1,7
2026,final,Romania,Denmark,13,4,13,5,13,5,3,7,2
2026,final,Romania,Finland,11,12,10,8,8,14,10,6,12
2026,final,Romania,France,12,11,8,12,14,4,17,9,9
2026,final,Romania,Germany,21,15,19,17,2,17,15,19,13
2026,final,Romania,Greece,8,13,3,15,11,23,12,11,22
2026,final,Romania,Israel,5,5,6,20,19,3,1,13,3
2026,final,Romania,Italy,4,20,16,23,15,18,18,20,19
2026,final,Romania,Lithuania,20,22,21,19,17,21,23,23,23
2026,final,Romania,Malta,19,8,20,3,12,15,5,12,4
2026,final,Romania,Moldova,1,2,1,6,1,8,7,3,10
2026,final,Romania,Norway,17,6,9,1,7,10,9,10,6
2026,final,Romania,Poland,14,18,14,11,16,7,13,17,8
2026,final,Romania,Serbia,2,16,24,14,21,16,20,2,15
2026,final,Romania,Sweden,18,14,17,7,4,19,16,16,14
2026,final,Romania,Ukraine,7,10,7,13,9,12,8,4,18
2026,final,Romania,United Kingdom,22,24,23,22,23,24,24,21,24
2026,final,San Marino,Albania,10,6,10,4,7,10,6,3,12
2026,final,San Marino,Australia,6,12,21,6,12,16,10,10,8
2026,final,San Marino,Austria,25,17,16,19,19,22,17,21,5
2026,final,San Marino,Belgium,23,22,23,25,22,17,24,16,14
2026,final,San Marino,Bulgaria,2,3,1,9,4,1,9,4,6
2026,final,San Marino,Croatia,19,11,11,5,5,20,16,24,16
2026,final,San Marino,Cyprus,4,8,12,10,11,8,5,8,9
2026,final,San Marino,Czechia,21,13,5,21,6,15,14,25,11
2026,final,San Marino,Denmark,12,10,14,3,21,11,13,12,13
2026,final,San Marino,Finland,7,9,8,14,9,4,20,14,10
2026,final,San Marino,France,13,16,19,7,17,14,22,11,20
2026,final,San Marino,Germany,24,18,18,13,14,13,19,15,24
2026,final,San Marino,Greece,1,5,3,8,15,6,4,6,4
2026,final,San Marino,Israel,8,7,9,16,10,5,8,9,1
2026,final,San Marino,Italy,3,2,2,1,1,7,3,2,3
2026,final,San Marino,Lithuania,14,24,25,18,24,25,15,20,25
2026,final,San Marino,Malta,18,1,4,2,3,2,1,1,2
2026,final,San Marino,Moldova,9,14,6,23,8,9,11,17,17
2026,final,San Marino,Norway,17,25,22,17,23,24,21,18,22
2026,final,San Marino,Poland,16,21,17,12,25,23,18,19,21
2026,final,San Marino,Romania,5,4,7,11,2,3,2,5,7
2026,final,San Marino,Serbia,15,19,20,22,13,21,12,23,15
2026,final,San Marino,Sweden,20,15,15,15,16,12,7,7,23
2026,final,San Marino,Ukraine,11,23,24,20,18,19,23,22,18
2026,final,San Marino,United Kingdom,22,20,13,24,20,18,25,13,19
2026,final,Serbia,Albania,10,15,22,17,22,6,24,16,22
2026,final,Serbia,Australia,8,9,4,7,6,12,10,11,11
2026,final,Serbia,Austria,24,18,15,18,14,23,21,13,13
2026,final,Serbia,Belgium,23,13,13,10,9,16,9,12,14
2026,final,Serbia,Bulgaria,2,4,6,2,7,2,11,5,3
2026,final,Serbia,Croatia,1,12,3,14,23,14,13,10,10
2026,final,Serbia,Cyprus,13,17,18,22,13,10,22,15,20
2026,final,Serbia,Czechia,16,21,16,20,16,24,15,21,18
2026,final,Serbia,Denmark,11,5,5,11,2,9,1,6,7
2026,final,Serbia,Finland,9,11,11,13,19,4,8,19,9
2026,final,Serbia,France,12,14,14,12,12,13,16,9,17
2026,final,Serbia,Germany,19,19,21,16,15,15,19,17,15
2026,final,Serbia,Greece,3,1,2,3,10,3,7,2,1
2026,final,Serbia,Israel,7,7,9,6,1,19,2,8,5
2026,final,Serbia,Italy,5,2,1,5,5,5,3,3,4
2026,final,Serbia,Lithuania,21,23,24,23,24,21,17,24,21
2026,final,Serbia,Malta,18,3,12,1,4,1,12,1,6
2026,final,Serbia,Moldova,6,8,10,4,17,7,6,7,8
2026,final,Serbia,Norway,14,6,7,8,3,11,5,4,2
2026,final,Serbia,Poland,17,10,8,9,11,8,4,14,12
2026,final,Serbia,Romania,4,22,19,21,20,17,20,22,24
2026,final,Serbia,Sweden,15,16,17,19,8,20,18,18,16
2026,final,Serbia,Ukraine,20,20,20,15,18,18,14,20,23
2026,final,Serbia,United Kingdom,22,24,23,24,21,22,23,23,19
2026,final,Sweden,Albania,12,20,18,19,14,9,13,17,7
2026,final,Sweden,Australia,5,3,4,2,8,4,2,10,21
2026,final,Sweden,Austria,23,23,22,22,19,11,20,19,23
2026,final,Sweden,Belgium,20,17,19,17,7,19,22,9,8
2026,final,Sweden,Bulgaria,3,6,5,9,12,7,9,3,13
2026,final,Sweden,Croatia,13,5,17,3,13,10,11,20,1
2026,final,Sweden,Cyprus,22,19,15,11,15,14,19,8,10
2026,final,Sweden,Czechia,19,4,7,6,5,1,12,7,14
2026,final,Sweden,Denmark,2,2,3,7,4,8,3,1,6
2026,final,Sweden,Finland,1,1,1,1,1,2,1,2,11
2026,final,Sweden,France,16,9,12,4,16,3,7,13,17
2026,final,Sweden,Germany,24,18,11,18,9,21,8,11,22
2026,final,Sweden,Greece,7,7,2,20,23,6,10,4,19
2026,final,Sweden,Israel,4,11,8,8,24,15,16,23,2
2026,final,Sweden,Italy,11,8,14,16,2,13,18,12,3
2026,final,Sweden,Lithuania,17,22,21,15,17,24,14,21,16
2026,final,Sweden,Malta,18,14,13,14,11,20,6,6,18
2026,final,Sweden,Moldova,14,15,10,21,10,5,21,18,12
2026,final,Sweden,Norway,10,12,9,23,18,12,4,5,20
2026,final,Sweden,Poland,9,13,20,5,3,18,17,16,15
2026,final,Sweden,Romania,8,10,6,12,21,17,5,15,5
2026,final,Sweden,Serbia,15,21,24,10,20,22,24,24,4
2026,final,Sweden,Ukraine,6,16,16,13,6,16,15,14,9
2026,final,Sweden,United Kingdom,21,24,23,24,22,23,23,22,24
2026,final,Switzerland,Albania,4,14,19,6,10,9,14,11,12
2026,final,Switzerland,Australia,6,5,1,12,5,5,15,15,3
2026,final,Switzerland,Austria,16,13,9,7,9,12,9,20,14
2026,final,Switzerland,Belgium,25,20,16,19,15,15,20,18,18
2026,final,Switzerland,Bulgaria,3,7,12,8,7,3,6,24,8
2026,final,Switzerland,Croatia,9,11,18,3,14,16,16,8,7
2026,final,Switzerland,Cyprus,20,19,23,14,18,19,13,17,16
2026,final,Switzerland,Czechia,21,2,10,4,2,10,1,3,1
2026,final,Switzerland,Denmark,17,8,6,10,8,4,10,9,9
2026,final,Switzerland,Finland,8,15,7,15,19,13,19,12,21
2026,final,Switzerland,France,14,4,13,2,6,17,5,1,2
2026,final,Switzerland,Germany,13,21,11,23,21,21,25,19,17
2026,final,Switzerland,Greece,5,25,21,24,24,22,24,16,22
2026,final,Switzerland,Israel,1,9,5,16,11,7,4,13,11
2026,final,Switzerland,Italy,2,12,14,17,16,14,8,2,13
2026,final,Switzerland,Lithuania,23,16,24,25,25,25,23,4,25
2026,final,Switzerland,Malta,22,17,17,13,23,18,7,22,23
2026,final,Switzerland,Moldova,10,24,20,18,17,24,18,25,24
2026,final,Switzerland,Norway,18,6,4,11,4,8,12,10,4
2026,final,Switzerland,Poland,15,3,2,5,3,2,2,7,6
2026,final,Switzerland,Romania,7,10,8,9,12,6,11,6,10
2026,final,Switzerland,Serbia,12,22,25,20,20,20,21,21,15
2026,final,Switzerland,Sweden,19,18,15,21,13,11,17,23,19
2026,final,Switzerland,Ukraine,11,1,3,1,1,1,3,5,5
2026,final,Switzerland,United Kingdom,24,23,22,22,22,23,22,14,20
2026,final,Ukraine,Albania,15,17,20,16,18,6,21,20,16
2026,final,Ukraine,Australia,16,9,12,5,5,14,12,15,13
2026,final,Ukraine,Austria,21,24,22,18,19,24,24,22,20
2026,final,Ukraine,Belgium,22,14,15,10,15,13,8,14,21
2026,final,Ukraine,Bulgaria,7,22,21,23,21,19,19,24,15
2026,final,Ukraine,Croatia,3,20,13,21,13,16,15,18,24
2026,final,Ukraine,Cyprus,24,19,10,24,24,21,23,19,8
2026,final,Ukraine,Czechia,10,4,6,6,12,11,1,3,9
2026,final,Ukraine,Denmark,4,12,11,17,14,17,5,10,7
2026,final,Ukraine,Finland,9,5,4,4,9,4,11,8,4
2026,final,Ukraine,France,12,6,9,1,11,10,16,6,2
2026,final,Ukraine,Germany,23,21,24,20,17,23,22,13,18
2026,final,Ukraine,Greece,17,13,7,19,8,22,13,21,6
2026,final,Ukraine,Israel,6,2,2,2,4,7,2,1,1
2026,final,Ukraine,Italy,13,7,5,7,7,3,4,9,11
2026,final,Ukraine,Lithuania,11,11,17,11,10,15,6,5,23
2026,final,Ukraine,Malta,18,1,1,3,1,1,3,2,3
2026,final,Ukraine,Moldova,1,3,3,14,2,2,7,4,10
2026,final,Ukraine,Norway,5,18,16,9,23,20,14,11,17
2026,final,Ukraine,Poland,14,16,18,8,20,8,20,16,14
2026,final,Ukraine,Romania,2,8,8,12,3,9,10,12,5
2026,final,Ukraine,Serbia,8,23,23,22,22,18,17,23,22
2026,final,Ukraine,Sweden,19,15,14,15,6,12,18,17,19
2026,final,Ukraine,United Kingdom,20,10,19,13,16,5,9,7,12
2026,final,United Kingdom,Albania,12,14,3,20,22,14,16,13,13
2026,final,United Kingdom,Australia,4,8,5,10,9,6,6,12,4
2026,final,United Kingdom,Austria,24,18,15,17,17,22,11,21,8
2026,final,United Kingdom,Belgium,23,19,23,9,15,21,22,22,10
2026,final,United Kingdom,Bulgaria,1,2,7,1,4,3,3,1,12
2026,final,United Kingdom,Croatia,18,13,9,12,10,18,7,10,21
2026,final,United Kingdom,Cyprus,8,11,12,7,13,12,17,8,7
2026,final,United Kingdom,Czechia,21,3,2,4,6,8,2,5,3
2026,final,United Kingdom,Denmark,19,5,1,2,8,15,12,2,16
2026,final,United Kingdom,Finland,10,9,16,14,11,20,1,15,17
2026,final,United Kingdom,France,17,1,6,5,1,1,4,4,1
2026,final,United Kingdom,Germany,22,24,24,18,18,23,23,24,14
2026,final,United Kingdom,Greece,7,21,19,19,21,16,15,14,15
2026,final,United Kingdom,Israel,2,12,10,23,19,4,13,23,9
2026,final,United Kingdom,Italy,13,20,17,16,23,7,24,16,20
2026,final,United Kingdom,Lithuania,11,16,22,15,5,19,19,17,22
2026,final,United Kingdom,Malta,16,10,14,11,16,2,20,20,11
2026,final,United Kingdom,Moldova,5,17,13,13,20,24,10,9,19
2026,final,United Kingdom,Norway,14,7,11,8,7,5,9,3,6
2026,final,United Kingdom,Poland,6,6,8,6,2,9,14,7,2
2026,final,United Kingdom,Romania,3,15,18,24,12,17,8,6,24
2026,final,United Kingdom,Serbia,20,23,20,21,24,11,18,19,23
2026,final,United Kingdom,Sweden,15,22,21,22,14,13,21,18,18
2026,final,United Kingdom,Ukraine,9,4,4,3,3,10,5,11,5
